# 账号表：username|password|personId|roleKey
# 字段以 | 分隔，一行一条记录；# 开头为注释行。
admin|admin123|SK001|ADMIN
ld001|123456|LD001|DORM_STAFF
24011101|123456|24011101|STUDENT
24011102|123456|24011102|STUDENT
24011103|123456|24011103|STUDENT
24011104|123456|24011104|STUDENT
24011105|123456|24011105|STUDENT
24011106|123456|24011106|STUDENT
24011107|123456|24011107|STUDENT
24011108|123456|24011108|STUDENT
24011109|123456|24011109|STUDENT
24011110|123456|24011110|STUDENT
24011111|123456|24011111|STUDENT
24011112|123456|24011112|STUDENT
24011113|123456|24011113|STUDENT
24011114|123456|24011114|STUDENT
24011115|123456|24011115|STUDENT
24011116|123456|24011116|STUDENT
24011117|123456|24011117|STUDENT
24011118|123456|24011118|STUDENT
24011119|123456|24011119|STUDENT
24011120|123456|24011120|STUDENT
24011121|123456|24011121|STUDENT
24011122|123456|24011122|STUDENT
24011123|123456|24011123|STUDENT
24011124|123456|24011124|STUDENT
24011125|123456|24011125|STUDENT
24011126|123456|24011126|STUDENT
24011127|123456|24011127|STUDENT
24011128|123456|24011128|STUDENT
24011129|123456|24011129|STUDENT
24011130|123456|24011130|STUDENT
24011131|123456|24011131|STUDENT
24011132|123456|24011132|STUDENT
24011133|123456|24011133|STUDENT
24011134|123456|24011134|STUDENT
24011135|123456|24011135|STUDENT
24011136|123456|24011136|STUDENT
24011137|123456|24011137|STUDENT
24011138|123456|24011138|STUDENT
24011139|123456|24011139|STUDENT
24011140|123456|24011140|STUDENT
24011201|123456|24011201|STUDENT
24011202|123456|24011202|STUDENT
24011203|123456|24011203|STUDENT
24011204|123456|24011204|STUDENT
24011205|123456|24011205|STUDENT
24011206|123456|24011206|STUDENT
24011207|123456|24011207|STUDENT
24011208|123456|24011208|STUDENT
24011209|123456|24011209|STUDENT
24011210|123456|24011210|STUDENT
24011211|123456|24011211|STUDENT
24011212|123456|24011212|STUDENT
24011213|123456|24011213|STUDENT
24011214|123456|24011214|STUDENT
24011215|123456|24011215|STUDENT
24011216|123456|24011216|STUDENT
24011217|123456|24011217|STUDENT
24011218|123456|24011218|STUDENT
24011219|123456|24011219|STUDENT
24011220|123456|24011220|STUDENT
24011221|123456|24011221|STUDENT
24011222|123456|24011222|STUDENT
24011223|123456|24011223|STUDENT
24011224|123456|24011224|STUDENT
24011225|123456|24011225|STUDENT
24011226|123456|24011226|STUDENT
24011227|123456|24011227|STUDENT
24011228|123456|24011228|STUDENT
24011229|123456|24011229|STUDENT
24011230|123456|24011230|STUDENT
24011231|123456|24011231|STUDENT
24011232|123456|24011232|STUDENT
24011233|123456|24011233|STUDENT
24011234|123456|24011234|STUDENT
24011235|123456|24011235|STUDENT
24011236|123456|24011236|STUDENT
24011237|123456|24011237|STUDENT
24011238|123456|24011238|STUDENT
24011239|123456|24011239|STUDENT
24011240|123456|24011240|STUDENT
24011301|123456|24011301|STUDENT
24011302|123456|24011302|STUDENT
24011303|123456|24011303|STUDENT
24011304|123456|24011304|STUDENT
24011305|123456|24011305|STUDENT
24011306|123456|24011306|STUDENT
24011307|123456|24011307|STUDENT
24011308|123456|24011308|STUDENT
24011309|123456|24011309|STUDENT
24011310|123456|24011310|STUDENT
24011311|123456|24011311|STUDENT
24011312|123456|24011312|STUDENT
24011313|123456|24011313|STUDENT
24011314|123456|24011314|STUDENT
24011315|123456|24011315|STUDENT
24011316|123456|24011316|STUDENT
24011317|123456|24011317|STUDENT
24011318|123456|24011318|STUDENT
24011319|123456|24011319|STUDENT
24011320|123456|24011320|STUDENT
24011321|123456|24011321|STUDENT
24011322|123456|24011322|STUDENT
24011323|123456|24011323|STUDENT
24011324|123456|24011324|STUDENT
24011325|123456|24011325|STUDENT
24011326|123456|24011326|STUDENT
24011327|123456|24011327|STUDENT
24011328|123456|24011328|STUDENT
24011329|123456|24011329|STUDENT
24011330|123456|24011330|STUDENT
24011331|123456|24011331|STUDENT
24011332|123456|24011332|STUDENT
24011333|123456|24011333|STUDENT
24011334|123456|24011334|STUDENT
24011335|123456|24011335|STUDENT
24011336|123456|24011336|STUDENT
24011337|123456|24011337|STUDENT
24011338|123456|24011338|STUDENT
24011339|123456|24011339|STUDENT
24011340|123456|24011340|STUDENT
24011401|123456|24011401|STUDENT
24011402|123456|24011402|STUDENT
24011403|123456|24011403|STUDENT
24011404|123456|24011404|STUDENT
24011405|123456|24011405|STUDENT
24011406|123456|24011406|STUDENT
24011407|123456|24011407|STUDENT
24011408|123456|24011408|STUDENT
24011409|123456|24011409|STUDENT
24011410|123456|24011410|STUDENT
24011411|123456|24011411|STUDENT
24011412|123456|24011412|STUDENT
24011413|123456|24011413|STUDENT
24011414|123456|24011414|STUDENT
24011415|123456|24011415|STUDENT
24011416|123456|24011416|STUDENT
24011417|123456|24011417|STUDENT
24011418|123456|24011418|STUDENT
24011419|123456|24011419|STUDENT
24011420|123456|24011420|STUDENT
24011421|123456|24011421|STUDENT
24011422|123456|24011422|STUDENT
24011423|123456|24011423|STUDENT
24011424|123456|24011424|STUDENT
24011425|123456|24011425|STUDENT
24011426|123456|24011426|STUDENT
24011427|123456|24011427|STUDENT
24011428|123456|24011428|STUDENT
24011429|123456|24011429|STUDENT
24011430|123456|24011430|STUDENT
24011431|123456|24011431|STUDENT
24011432|123456|24011432|STUDENT
24011433|123456|24011433|STUDENT
24011434|123456|24011434|STUDENT
24011435|123456|24011435|STUDENT
24011436|123456|24011436|STUDENT
24011437|123456|24011437|STUDENT
24011438|123456|24011438|STUDENT
24011439|123456|24011439|STUDENT
24011440|123456|24011440|STUDENT
24012101|123456|24012101|STUDENT
24012102|123456|24012102|STUDENT
24012103|123456|24012103|STUDENT
24012104|123456|24012104|STUDENT
24012105|123456|24012105|STUDENT
24012106|123456|24012106|STUDENT
24012107|123456|24012107|STUDENT
24012108|123456|24012108|STUDENT
24012109|123456|24012109|STUDENT
24012110|123456|24012110|STUDENT
24012111|123456|24012111|STUDENT
24012112|123456|24012112|STUDENT
24012113|123456|24012113|STUDENT
24012114|123456|24012114|STUDENT
24012115|123456|24012115|STUDENT
24012116|123456|24012116|STUDENT
24012117|123456|24012117|STUDENT
24012118|123456|24012118|STUDENT
24012119|123456|24012119|STUDENT
24012120|123456|24012120|STUDENT
24012121|123456|24012121|STUDENT
24012122|123456|24012122|STUDENT
24012123|123456|24012123|STUDENT
24012124|123456|24012124|STUDENT
24012125|123456|24012125|STUDENT
24012126|123456|24012126|STUDENT
24012127|123456|24012127|STUDENT
24012128|123456|24012128|STUDENT
24012129|123456|24012129|STUDENT
24012130|123456|24012130|STUDENT
24012131|123456|24012131|STUDENT
24012132|123456|24012132|STUDENT
24012133|123456|24012133|STUDENT
24012134|123456|24012134|STUDENT
24012135|123456|24012135|STUDENT
24012136|123456|24012136|STUDENT
24012137|123456|24012137|STUDENT
24012138|123456|24012138|STUDENT
24012139|123456|24012139|STUDENT
24012140|123456|24012140|STUDENT
24012201|123456|24012201|STUDENT
24012202|123456|24012202|STUDENT
24012203|123456|24012203|STUDENT
24012204|123456|24012204|STUDENT
24012205|123456|24012205|STUDENT
24012206|123456|24012206|STUDENT
24012207|123456|24012207|STUDENT
24012208|123456|24012208|STUDENT
24012209|123456|24012209|STUDENT
24012210|123456|24012210|STUDENT
24012211|123456|24012211|STUDENT
24012212|123456|24012212|STUDENT
24012213|123456|24012213|STUDENT
24012214|123456|24012214|STUDENT
24012215|123456|24012215|STUDENT
24012216|123456|24012216|STUDENT
24012217|123456|24012217|STUDENT
24012218|123456|24012218|STUDENT
24012219|123456|24012219|STUDENT
24012220|123456|24012220|STUDENT
24012221|123456|24012221|STUDENT
24012222|123456|24012222|STUDENT
24012223|123456|24012223|STUDENT
24012224|123456|24012224|STUDENT
24012225|123456|24012225|STUDENT
24012226|123456|24012226|STUDENT
24012227|123456|24012227|STUDENT
24012228|123456|24012228|STUDENT
24012229|123456|24012229|STUDENT
24012230|123456|24012230|STUDENT
24012231|123456|24012231|STUDENT
24012232|123456|24012232|STUDENT
24012233|123456|24012233|STUDENT
24012234|123456|24012234|STUDENT
24012235|123456|24012235|STUDENT
24012236|123456|24012236|STUDENT
24012237|123456|24012237|STUDENT
24012238|123456|24012238|STUDENT
24012239|123456|24012239|STUDENT
24012240|123456|24012240|STUDENT
24012301|123456|24012301|STUDENT
24012302|123456|24012302|STUDENT
24012303|123456|24012303|STUDENT
24012304|123456|24012304|STUDENT
24012305|123456|24012305|STUDENT
24012306|123456|24012306|STUDENT
24012307|123456|24012307|STUDENT
24012308|123456|24012308|STUDENT
24012309|123456|24012309|STUDENT
24012310|123456|24012310|STUDENT
24012311|123456|24012311|STUDENT
24012312|123456|24012312|STUDENT
24012313|123456|24012313|STUDENT
24012314|123456|24012314|STUDENT
24012315|123456|24012315|STUDENT
24012316|123456|24012316|STUDENT
24012317|123456|24012317|STUDENT
24012318|123456|24012318|STUDENT
24012319|123456|24012319|STUDENT
24012320|123456|24012320|STUDENT
24012321|123456|24012321|STUDENT
24012322|123456|24012322|STUDENT
24012323|123456|24012323|STUDENT
24012324|123456|24012324|STUDENT
24012325|123456|24012325|STUDENT
24012326|123456|24012326|STUDENT
24012327|123456|24012327|STUDENT
24012328|123456|24012328|STUDENT
24012329|123456|24012329|STUDENT
24012330|123456|24012330|STUDENT
24012331|123456|24012331|STUDENT
24012332|123456|24012332|STUDENT
24012333|123456|24012333|STUDENT
24012334|123456|24012334|STUDENT
24012335|123456|24012335|STUDENT
24012336|123456|24012336|STUDENT
24012337|123456|24012337|STUDENT
24012338|123456|24012338|STUDENT
24012339|123456|24012339|STUDENT
24012340|123456|24012340|STUDENT
24012401|123456|24012401|STUDENT
24012402|123456|24012402|STUDENT
24012403|123456|24012403|STUDENT
24012404|123456|24012404|STUDENT
24012405|123456|24012405|STUDENT
24012406|123456|24012406|STUDENT
24012407|123456|24012407|STUDENT
24012408|123456|24012408|STUDENT
24012409|123456|24012409|STUDENT
24012410|123456|24012410|STUDENT
24012411|123456|24012411|STUDENT
24012412|123456|24012412|STUDENT
24012413|123456|24012413|STUDENT
24012414|123456|24012414|STUDENT
24012415|123456|24012415|STUDENT
24012416|123456|24012416|STUDENT
24012417|123456|24012417|STUDENT
24012418|123456|24012418|STUDENT
24012419|123456|24012419|STUDENT
24012420|123456|24012420|STUDENT
24012421|123456|24012421|STUDENT
24012422|123456|24012422|STUDENT
24012423|123456|24012423|STUDENT
24012424|123456|24012424|STUDENT
24012425|123456|24012425|STUDENT
24012426|123456|24012426|STUDENT
24012427|123456|24012427|STUDENT
24012428|123456|24012428|STUDENT
24012429|123456|24012429|STUDENT
24012430|123456|24012430|STUDENT
24012431|123456|24012431|STUDENT
24012432|123456|24012432|STUDENT
24012433|123456|24012433|STUDENT
24012434|123456|24012434|STUDENT
24012435|123456|24012435|STUDENT
24012436|123456|24012436|STUDENT
24012437|123456|24012437|STUDENT
24012438|123456|24012438|STUDENT
24012439|123456|24012439|STUDENT
24012440|123456|24012440|STUDENT
24013101|123456|24013101|STUDENT
24013102|123456|24013102|STUDENT
24013103|123456|24013103|STUDENT
24013104|123456|24013104|STUDENT
24013105|123456|24013105|STUDENT
24013106|123456|24013106|STUDENT
24013107|123456|24013107|STUDENT
24013108|123456|24013108|STUDENT
24013109|123456|24013109|STUDENT
24013110|123456|24013110|STUDENT
24013111|123456|24013111|STUDENT
24013112|123456|24013112|STUDENT
24013113|123456|24013113|STUDENT
24013114|123456|24013114|STUDENT
24013115|123456|24013115|STUDENT
24013116|123456|24013116|STUDENT
24013117|123456|24013117|STUDENT
24013118|123456|24013118|STUDENT
24013119|123456|24013119|STUDENT
24013120|123456|24013120|STUDENT
24013121|123456|24013121|STUDENT
24013122|123456|24013122|STUDENT
24013123|123456|24013123|STUDENT
24013124|123456|24013124|STUDENT
24013125|123456|24013125|STUDENT
24013126|123456|24013126|STUDENT
24013127|123456|24013127|STUDENT
24013128|123456|24013128|STUDENT
24013129|123456|24013129|STUDENT
24013130|123456|24013130|STUDENT
24013131|123456|24013131|STUDENT
24013132|123456|24013132|STUDENT
24013133|123456|24013133|STUDENT
24013134|123456|24013134|STUDENT
24013135|123456|24013135|STUDENT
24013136|123456|24013136|STUDENT
24013137|123456|24013137|STUDENT
24013138|123456|24013138|STUDENT
24013139|123456|24013139|STUDENT
24013140|123456|24013140|STUDENT
24013201|123456|24013201|STUDENT
24013202|123456|24013202|STUDENT
24013203|123456|24013203|STUDENT
24013204|123456|24013204|STUDENT
24013205|123456|24013205|STUDENT
24013206|123456|24013206|STUDENT
24013207|123456|24013207|STUDENT
24013208|123456|24013208|STUDENT
24013209|123456|24013209|STUDENT
24013210|123456|24013210|STUDENT
24013211|123456|24013211|STUDENT
24013212|123456|24013212|STUDENT
24013213|123456|24013213|STUDENT
24013214|123456|24013214|STUDENT
24013215|123456|24013215|STUDENT
24013216|123456|24013216|STUDENT
24013217|123456|24013217|STUDENT
24013218|123456|24013218|STUDENT
24013219|123456|24013219|STUDENT
24013220|123456|24013220|STUDENT
24013221|123456|24013221|STUDENT
24013222|123456|24013222|STUDENT
24013223|123456|24013223|STUDENT
24013224|123456|24013224|STUDENT
24013225|123456|24013225|STUDENT
24013226|123456|24013226|STUDENT
24013227|123456|24013227|STUDENT
24013228|123456|24013228|STUDENT
24013229|123456|24013229|STUDENT
24013230|123456|24013230|STUDENT
24013231|123456|24013231|STUDENT
24013232|123456|24013232|STUDENT
24013233|123456|24013233|STUDENT
24013234|123456|24013234|STUDENT
24013235|123456|24013235|STUDENT
24013236|123456|24013236|STUDENT
24013237|123456|24013237|STUDENT
24013238|123456|24013238|STUDENT
24013239|123456|24013239|STUDENT
24013240|123456|24013240|STUDENT
24013301|123456|24013301|STUDENT
24013302|123456|24013302|STUDENT
24013303|123456|24013303|STUDENT
24013304|123456|24013304|STUDENT
24013305|123456|24013305|STUDENT
24013306|123456|24013306|STUDENT
24013307|123456|24013307|STUDENT
24013308|123456|24013308|STUDENT
24013309|123456|24013309|STUDENT
24013310|123456|24013310|STUDENT
24013311|123456|24013311|STUDENT
24013312|123456|24013312|STUDENT
24013313|123456|24013313|STUDENT
24013314|123456|24013314|STUDENT
24013315|123456|24013315|STUDENT
24013316|123456|24013316|STUDENT
24013317|123456|24013317|STUDENT
24013318|123456|24013318|STUDENT
24013319|123456|24013319|STUDENT
24013320|123456|24013320|STUDENT
24013321|123456|24013321|STUDENT
24013322|123456|24013322|STUDENT
24013323|123456|24013323|STUDENT
24013324|123456|24013324|STUDENT
24013325|123456|24013325|STUDENT
24013326|123456|24013326|STUDENT
24013327|123456|24013327|STUDENT
24013328|123456|24013328|STUDENT
24013329|123456|24013329|STUDENT
24013330|123456|24013330|STUDENT
24013331|123456|24013331|STUDENT
24013332|123456|24013332|STUDENT
24013333|123456|24013333|STUDENT
24013334|123456|24013334|STUDENT
24013335|123456|24013335|STUDENT
24013336|123456|24013336|STUDENT
24013337|123456|24013337|STUDENT
24013338|123456|24013338|STUDENT
24013339|123456|24013339|STUDENT
24013340|123456|24013340|STUDENT
24013401|123456|24013401|STUDENT
24013402|123456|24013402|STUDENT
24013403|123456|24013403|STUDENT
24013404|123456|24013404|STUDENT
24013405|123456|24013405|STUDENT
24013406|123456|24013406|STUDENT
24013407|123456|24013407|STUDENT
24013408|123456|24013408|STUDENT
24013409|123456|24013409|STUDENT
24013410|123456|24013410|STUDENT
24013411|123456|24013411|STUDENT
24013412|123456|24013412|STUDENT
24013413|123456|24013413|STUDENT
24013414|123456|24013414|STUDENT
24013415|123456|24013415|STUDENT
24013416|123456|24013416|STUDENT
24013417|123456|24013417|STUDENT
24013418|123456|24013418|STUDENT
24013419|123456|24013419|STUDENT
24013420|123456|24013420|STUDENT
24013421|123456|24013421|STUDENT
24013422|123456|24013422|STUDENT
24013423|123456|24013423|STUDENT
24013424|123456|24013424|STUDENT
24013425|123456|24013425|STUDENT
24013426|123456|24013426|STUDENT
24013427|123456|24013427|STUDENT
24013428|123456|24013428|STUDENT
24013429|123456|24013429|STUDENT
24013430|123456|24013430|STUDENT
24013431|123456|24013431|STUDENT
24013432|123456|24013432|STUDENT
24013433|123456|24013433|STUDENT
24013434|123456|24013434|STUDENT
24013435|123456|24013435|STUDENT
24013436|123456|24013436|STUDENT
24013437|123456|24013437|STUDENT
24013438|123456|24013438|STUDENT
24013439|123456|24013439|STUDENT
24013440|123456|24013440|STUDENT
24014101|123456|24014101|STUDENT
24014102|123456|24014102|STUDENT
24014103|123456|24014103|STUDENT
24014104|123456|24014104|STUDENT
24014105|123456|24014105|STUDENT
24014106|123456|24014106|STUDENT
24014107|123456|24014107|STUDENT
24014108|123456|24014108|STUDENT
24014109|123456|24014109|STUDENT
24014110|123456|24014110|STUDENT
24014111|123456|24014111|STUDENT
24014112|123456|24014112|STUDENT
24014113|123456|24014113|STUDENT
24014114|123456|24014114|STUDENT
24014115|123456|24014115|STUDENT
24014116|123456|24014116|STUDENT
24014117|123456|24014117|STUDENT
24014118|123456|24014118|STUDENT
24014119|123456|24014119|STUDENT
24014120|123456|24014120|STUDENT
24014121|123456|24014121|STUDENT
24014122|123456|24014122|STUDENT
24014123|123456|24014123|STUDENT
24014124|123456|24014124|STUDENT
24014125|123456|24014125|STUDENT
24014126|123456|24014126|STUDENT
24014127|123456|24014127|STUDENT
24014128|123456|24014128|STUDENT
24014129|123456|24014129|STUDENT
24014130|123456|24014130|STUDENT
24014131|123456|24014131|STUDENT
24014132|123456|24014132|STUDENT
24014133|123456|24014133|STUDENT
24014134|123456|24014134|STUDENT
24014135|123456|24014135|STUDENT
24014136|123456|24014136|STUDENT
24014137|123456|24014137|STUDENT
24014138|123456|24014138|STUDENT
24014139|123456|24014139|STUDENT
24014140|123456|24014140|STUDENT
24014201|123456|24014201|STUDENT
24014202|123456|24014202|STUDENT
24014203|123456|24014203|STUDENT
24014204|123456|24014204|STUDENT
24014205|123456|24014205|STUDENT
24014206|123456|24014206|STUDENT
24014207|123456|24014207|STUDENT
24014208|123456|24014208|STUDENT
24014209|123456|24014209|STUDENT
24014210|123456|24014210|STUDENT
24014211|123456|24014211|STUDENT
24014212|123456|24014212|STUDENT
24014213|123456|24014213|STUDENT
24014214|123456|24014214|STUDENT
24014215|123456|24014215|STUDENT
24014216|123456|24014216|STUDENT
24014217|123456|24014217|STUDENT
24014218|123456|24014218|STUDENT
24014219|123456|24014219|STUDENT
24014220|123456|24014220|STUDENT
24014221|123456|24014221|STUDENT
24014222|123456|24014222|STUDENT
24014223|123456|24014223|STUDENT
24014224|123456|24014224|STUDENT
24014225|123456|24014225|STUDENT
24014226|123456|24014226|STUDENT
24014227|123456|24014227|STUDENT
24014228|123456|24014228|STUDENT
24014229|123456|24014229|STUDENT
24014230|123456|24014230|STUDENT
24014231|123456|24014231|STUDENT
24014232|123456|24014232|STUDENT
24014233|123456|24014233|STUDENT
24014234|123456|24014234|STUDENT
24014235|123456|24014235|STUDENT
24014236|123456|24014236|STUDENT
24014237|123456|24014237|STUDENT
24014238|123456|24014238|STUDENT
24014239|123456|24014239|STUDENT
24014240|123456|24014240|STUDENT
24014301|123456|24014301|STUDENT
24014302|123456|24014302|STUDENT
24014303|123456|24014303|STUDENT
24014304|123456|24014304|STUDENT
24014305|123456|24014305|STUDENT
24014306|123456|24014306|STUDENT
24014307|123456|24014307|STUDENT
24014308|123456|24014308|STUDENT
24014309|123456|24014309|STUDENT
24014310|123456|24014310|STUDENT
24014311|123456|24014311|STUDENT
24014312|123456|24014312|STUDENT
24014313|123456|24014313|STUDENT
24014314|123456|24014314|STUDENT
24014315|123456|24014315|STUDENT
24014316|123456|24014316|STUDENT
24014317|123456|24014317|STUDENT
24014318|123456|24014318|STUDENT
24014319|123456|24014319|STUDENT
24014320|123456|24014320|STUDENT
24014321|123456|24014321|STUDENT
24014322|123456|24014322|STUDENT
24014323|123456|24014323|STUDENT
24014324|123456|24014324|STUDENT
24014325|123456|24014325|STUDENT
24014326|123456|24014326|STUDENT
24014327|123456|24014327|STUDENT
24014328|123456|24014328|STUDENT
24014329|123456|24014329|STUDENT
24014330|123456|24014330|STUDENT
24014331|123456|24014331|STUDENT
24014332|123456|24014332|STUDENT
24014333|123456|24014333|STUDENT
24014334|123456|24014334|STUDENT
24014335|123456|24014335|STUDENT
24014336|123456|24014336|STUDENT
24014337|123456|24014337|STUDENT
24014338|123456|24014338|STUDENT
24014339|123456|24014339|STUDENT
24014340|123456|24014340|STUDENT
24014401|123456|24014401|STUDENT
24014402|123456|24014402|STUDENT
24014403|123456|24014403|STUDENT
24014404|123456|24014404|STUDENT
24014405|123456|24014405|STUDENT
24014406|123456|24014406|STUDENT
24014407|123456|24014407|STUDENT
24014408|123456|24014408|STUDENT
24014409|123456|24014409|STUDENT
24014410|123456|24014410|STUDENT
24014411|123456|24014411|STUDENT
24014412|123456|24014412|STUDENT
24014413|123456|24014413|STUDENT
24014414|123456|24014414|STUDENT
24014415|123456|24014415|STUDENT
24014416|123456|24014416|STUDENT
24014417|123456|24014417|STUDENT
24014418|123456|24014418|STUDENT
24014419|123456|24014419|STUDENT
24014420|123456|24014420|STUDENT
24014421|123456|24014421|STUDENT
24014422|123456|24014422|STUDENT
24014423|123456|24014423|STUDENT
24014424|123456|24014424|STUDENT
24014425|123456|24014425|STUDENT
24014426|123456|24014426|STUDENT
24014427|123456|24014427|STUDENT
24014428|123456|24014428|STUDENT
24014429|123456|24014429|STUDENT
24014430|123456|24014430|STUDENT
24014431|123456|24014431|STUDENT
24014432|123456|24014432|STUDENT
24014433|123456|24014433|STUDENT
24014434|123456|24014434|STUDENT
24014435|123456|24014435|STUDENT
24014436|123456|24014436|STUDENT
24014437|123456|24014437|STUDENT
24014438|123456|24014438|STUDENT
24014439|123456|24014439|STUDENT
24014440|123456|24014440|STUDENT
25011101|123456|25011101|STUDENT
25011102|123456|25011102|STUDENT
25011103|123456|25011103|STUDENT
25011104|123456|25011104|STUDENT
25011105|123456|25011105|STUDENT
25011106|123456|25011106|STUDENT
25011107|123456|25011107|STUDENT
25011108|123456|25011108|STUDENT
25011109|123456|25011109|STUDENT
25011110|123456|25011110|STUDENT
25011111|123456|25011111|STUDENT
25011112|123456|25011112|STUDENT
25011113|123456|25011113|STUDENT
25011114|123456|25011114|STUDENT
25011115|123456|25011115|STUDENT
25011116|123456|25011116|STUDENT
25011117|123456|25011117|STUDENT
25011118|123456|25011118|STUDENT
25011119|123456|25011119|STUDENT
25011120|123456|25011120|STUDENT
25011121|123456|25011121|STUDENT
25011122|123456|25011122|STUDENT
25011123|123456|25011123|STUDENT
25011124|123456|25011124|STUDENT
25011125|123456|25011125|STUDENT
25011126|123456|25011126|STUDENT
25011127|123456|25011127|STUDENT
25011128|123456|25011128|STUDENT
25011129|123456|25011129|STUDENT
25011130|123456|25011130|STUDENT
25011131|123456|25011131|STUDENT
25011132|123456|25011132|STUDENT
25011133|123456|25011133|STUDENT
25011134|123456|25011134|STUDENT
25011135|123456|25011135|STUDENT
25011136|123456|25011136|STUDENT
25011137|123456|25011137|STUDENT
25011138|123456|25011138|STUDENT
25011139|123456|25011139|STUDENT
25011140|123456|25011140|STUDENT
25011201|123456|25011201|STUDENT
25011202|123456|25011202|STUDENT
25011203|123456|25011203|STUDENT
25011204|123456|25011204|STUDENT
25011205|123456|25011205|STUDENT
25011206|123456|25011206|STUDENT
25011207|123456|25011207|STUDENT
25011208|123456|25011208|STUDENT
25011209|123456|25011209|STUDENT
25011210|123456|25011210|STUDENT
25011211|123456|25011211|STUDENT
25011212|123456|25011212|STUDENT
25011213|123456|25011213|STUDENT
25011214|123456|25011214|STUDENT
25011215|123456|25011215|STUDENT
25011216|123456|25011216|STUDENT
25011217|123456|25011217|STUDENT
25011218|123456|25011218|STUDENT
25011219|123456|25011219|STUDENT
25011220|123456|25011220|STUDENT
25011221|123456|25011221|STUDENT
25011222|123456|25011222|STUDENT
25011223|123456|25011223|STUDENT
25011224|123456|25011224|STUDENT
25011225|123456|25011225|STUDENT
25011226|123456|25011226|STUDENT
25011227|123456|25011227|STUDENT
25011228|123456|25011228|STUDENT
25011229|123456|25011229|STUDENT
25011230|123456|25011230|STUDENT
25011231|123456|25011231|STUDENT
25011232|123456|25011232|STUDENT
25011233|123456|25011233|STUDENT
25011234|123456|25011234|STUDENT
25011235|123456|25011235|STUDENT
25011236|123456|25011236|STUDENT
25011237|123456|25011237|STUDENT
25011238|123456|25011238|STUDENT
25011239|123456|25011239|STUDENT
25011240|123456|25011240|STUDENT
25011301|123456|25011301|STUDENT
25011302|123456|25011302|STUDENT
25011303|123456|25011303|STUDENT
25011304|123456|25011304|STUDENT
25011305|123456|25011305|STUDENT
25011306|123456|25011306|STUDENT
25011307|123456|25011307|STUDENT
25011308|123456|25011308|STUDENT
25011309|123456|25011309|STUDENT
25011310|123456|25011310|STUDENT
25011311|123456|25011311|STUDENT
25011312|123456|25011312|STUDENT
25011313|123456|25011313|STUDENT
25011314|123456|25011314|STUDENT
25011315|123456|25011315|STUDENT
25011316|123456|25011316|STUDENT
25011317|123456|25011317|STUDENT
25011318|123456|25011318|STUDENT
25011319|123456|25011319|STUDENT
25011320|123456|25011320|STUDENT
25011321|123456|25011321|STUDENT
25011322|123456|25011322|STUDENT
25011323|123456|25011323|STUDENT
25011324|123456|25011324|STUDENT
25011325|123456|25011325|STUDENT
25011326|123456|25011326|STUDENT
25011327|123456|25011327|STUDENT
25011328|123456|25011328|STUDENT
25011329|123456|25011329|STUDENT
25011330|123456|25011330|STUDENT
25011331|123456|25011331|STUDENT
25011332|123456|25011332|STUDENT
25011333|123456|25011333|STUDENT
25011334|123456|25011334|STUDENT
25011335|123456|25011335|STUDENT
25011336|123456|25011336|STUDENT
25011337|123456|25011337|STUDENT
25011338|123456|25011338|STUDENT
25011339|123456|25011339|STUDENT
25011340|123456|25011340|STUDENT
25011401|123456|25011401|STUDENT
25011402|123456|25011402|STUDENT
25011403|123456|25011403|STUDENT
25011404|123456|25011404|STUDENT
25011405|123456|25011405|STUDENT
25011406|123456|25011406|STUDENT
25011407|123456|25011407|STUDENT
25011408|123456|25011408|STUDENT
25011409|123456|25011409|STUDENT
25011410|123456|25011410|STUDENT
25011411|123456|25011411|STUDENT
25011412|123456|25011412|STUDENT
25011413|123456|25011413|STUDENT
25011414|123456|25011414|STUDENT
25011415|123456|25011415|STUDENT
25011416|123456|25011416|STUDENT
25011417|123456|25011417|STUDENT
25011418|123456|25011418|STUDENT
25011419|123456|25011419|STUDENT
25011420|123456|25011420|STUDENT
25011421|123456|25011421|STUDENT
25011422|123456|25011422|STUDENT
25011423|123456|25011423|STUDENT
25011424|123456|25011424|STUDENT
25011425|123456|25011425|STUDENT
25011426|123456|25011426|STUDENT
25011427|123456|25011427|STUDENT
25011428|123456|25011428|STUDENT
25011429|123456|25011429|STUDENT
25011430|123456|25011430|STUDENT
25011431|123456|25011431|STUDENT
25011432|123456|25011432|STUDENT
25011433|123456|25011433|STUDENT
25011434|123456|25011434|STUDENT
25011435|123456|25011435|STUDENT
25011436|123456|25011436|STUDENT
25011437|123456|25011437|STUDENT
25011438|123456|25011438|STUDENT
25011439|123456|25011439|STUDENT
25011440|123456|25011440|STUDENT
25012101|123456|25012101|STUDENT
25012102|123456|25012102|STUDENT
25012103|123456|25012103|STUDENT
25012104|123456|25012104|STUDENT
25012105|123456|25012105|STUDENT
25012106|123456|25012106|STUDENT
25012107|123456|25012107|STUDENT
25012108|123456|25012108|STUDENT
25012109|123456|25012109|STUDENT
25012110|123456|25012110|STUDENT
25012111|123456|25012111|STUDENT
25012112|123456|25012112|STUDENT
25012113|123456|25012113|STUDENT
25012114|123456|25012114|STUDENT
25012115|123456|25012115|STUDENT
25012116|123456|25012116|STUDENT
25012117|123456|25012117|STUDENT
25012118|123456|25012118|STUDENT
25012119|123456|25012119|STUDENT
25012120|123456|25012120|STUDENT
25012121|123456|25012121|STUDENT
25012122|123456|25012122|STUDENT
25012123|123456|25012123|STUDENT
25012124|123456|25012124|STUDENT
25012125|123456|25012125|STUDENT
25012126|123456|25012126|STUDENT
25012127|123456|25012127|STUDENT
25012128|123456|25012128|STUDENT
25012129|123456|25012129|STUDENT
25012130|123456|25012130|STUDENT
25012131|123456|25012131|STUDENT
25012132|123456|25012132|STUDENT
25012133|123456|25012133|STUDENT
25012134|123456|25012134|STUDENT
25012135|123456|25012135|STUDENT
25012136|123456|25012136|STUDENT
25012137|123456|25012137|STUDENT
25012138|123456|25012138|STUDENT
25012139|123456|25012139|STUDENT
25012140|123456|25012140|STUDENT
25012201|123456|25012201|STUDENT
25012202|123456|25012202|STUDENT
25012203|123456|25012203|STUDENT
25012204|123456|25012204|STUDENT
25012205|123456|25012205|STUDENT
25012206|123456|25012206|STUDENT
25012207|123456|25012207|STUDENT
25012208|123456|25012208|STUDENT
25012209|123456|25012209|STUDENT
25012210|123456|25012210|STUDENT
25012211|123456|25012211|STUDENT
25012212|123456|25012212|STUDENT
25012213|123456|25012213|STUDENT
25012214|123456|25012214|STUDENT
25012215|123456|25012215|STUDENT
25012216|123456|25012216|STUDENT
25012217|123456|25012217|STUDENT
25012218|123456|25012218|STUDENT
25012219|123456|25012219|STUDENT
25012220|123456|25012220|STUDENT
25012221|123456|25012221|STUDENT
25012222|123456|25012222|STUDENT
25012223|123456|25012223|STUDENT
25012224|123456|25012224|STUDENT
25012225|123456|25012225|STUDENT
25012226|123456|25012226|STUDENT
25012227|123456|25012227|STUDENT
25012228|123456|25012228|STUDENT
25012229|123456|25012229|STUDENT
25012230|123456|25012230|STUDENT
25012231|123456|25012231|STUDENT
25012232|123456|25012232|STUDENT
25012233|123456|25012233|STUDENT
25012234|123456|25012234|STUDENT
25012235|123456|25012235|STUDENT
25012236|123456|25012236|STUDENT
25012237|123456|25012237|STUDENT
25012238|123456|25012238|STUDENT
25012239|123456|25012239|STUDENT
25012240|123456|25012240|STUDENT
25012301|123456|25012301|STUDENT
25012302|123456|25012302|STUDENT
25012303|123456|25012303|STUDENT
25012304|123456|25012304|STUDENT
25012305|123456|25012305|STUDENT
25012306|123456|25012306|STUDENT
25012307|123456|25012307|STUDENT
25012308|123456|25012308|STUDENT
25012309|123456|25012309|STUDENT
25012310|123456|25012310|STUDENT
25012311|123456|25012311|STUDENT
25012312|123456|25012312|STUDENT
25012313|123456|25012313|STUDENT
25012314|123456|25012314|STUDENT
25012315|123456|25012315|STUDENT
25012316|123456|25012316|STUDENT
25012317|123456|25012317|STUDENT
25012318|123456|25012318|STUDENT
25012319|123456|25012319|STUDENT
25012320|123456|25012320|STUDENT
25012321|123456|25012321|STUDENT
25012322|123456|25012322|STUDENT
25012323|123456|25012323|STUDENT
25012324|123456|25012324|STUDENT
25012325|123456|25012325|STUDENT
25012326|123456|25012326|STUDENT
25012327|123456|25012327|STUDENT
25012328|123456|25012328|STUDENT
25012329|123456|25012329|STUDENT
25012330|123456|25012330|STUDENT
25012331|123456|25012331|STUDENT
25012332|123456|25012332|STUDENT
25012333|123456|25012333|STUDENT
25012334|123456|25012334|STUDENT
25012335|123456|25012335|STUDENT
25012336|123456|25012336|STUDENT
25012337|123456|25012337|STUDENT
25012338|123456|25012338|STUDENT
25012339|123456|25012339|STUDENT
25012340|123456|25012340|STUDENT
25012401|123456|25012401|STUDENT
25012402|123456|25012402|STUDENT
25012403|123456|25012403|STUDENT
25012404|123456|25012404|STUDENT
25012405|123456|25012405|STUDENT
25012406|123456|25012406|STUDENT
25012407|123456|25012407|STUDENT
25012408|123456|25012408|STUDENT
25012409|123456|25012409|STUDENT
25012410|123456|25012410|STUDENT
25012411|123456|25012411|STUDENT
25012412|123456|25012412|STUDENT
25012413|123456|25012413|STUDENT
25012414|123456|25012414|STUDENT
25012415|123456|25012415|STUDENT
25012416|123456|25012416|STUDENT
25012417|123456|25012417|STUDENT
25012418|123456|25012418|STUDENT
25012419|123456|25012419|STUDENT
25012420|123456|25012420|STUDENT
25012421|123456|25012421|STUDENT
25012422|123456|25012422|STUDENT
25012423|123456|25012423|STUDENT
25012424|123456|25012424|STUDENT
25012425|123456|25012425|STUDENT
25012426|123456|25012426|STUDENT
25012427|123456|25012427|STUDENT
25012428|123456|25012428|STUDENT
25012429|123456|25012429|STUDENT
25012430|123456|25012430|STUDENT
25012431|123456|25012431|STUDENT
25012432|123456|25012432|STUDENT
25012433|123456|25012433|STUDENT
25012434|123456|25012434|STUDENT
25012435|123456|25012435|STUDENT
25012436|123456|25012436|STUDENT
25012437|123456|25012437|STUDENT
25012438|123456|25012438|STUDENT
25012439|123456|25012439|STUDENT
25012440|123456|25012440|STUDENT
25013101|123456|25013101|STUDENT
25013102|123456|25013102|STUDENT
25013103|123456|25013103|STUDENT
25013104|123456|25013104|STUDENT
25013105|123456|25013105|STUDENT
25013106|123456|25013106|STUDENT
25013107|123456|25013107|STUDENT
25013108|123456|25013108|STUDENT
25013109|123456|25013109|STUDENT
25013110|123456|25013110|STUDENT
25013111|123456|25013111|STUDENT
25013112|123456|25013112|STUDENT
25013113|123456|25013113|STUDENT
25013114|123456|25013114|STUDENT
25013115|123456|25013115|STUDENT
25013116|123456|25013116|STUDENT
25013117|123456|25013117|STUDENT
25013118|123456|25013118|STUDENT
25013119|123456|25013119|STUDENT
25013120|123456|25013120|STUDENT
25013121|123456|25013121|STUDENT
25013122|123456|25013122|STUDENT
25013123|123456|25013123|STUDENT
25013124|123456|25013124|STUDENT
25013125|123456|25013125|STUDENT
25013126|123456|25013126|STUDENT
25013127|123456|25013127|STUDENT
25013128|123456|25013128|STUDENT
25013129|123456|25013129|STUDENT
25013130|123456|25013130|STUDENT
25013131|123456|25013131|STUDENT
25013132|123456|25013132|STUDENT
25013133|123456|25013133|STUDENT
25013134|123456|25013134|STUDENT
25013135|123456|25013135|STUDENT
25013136|123456|25013136|STUDENT
25013137|123456|25013137|STUDENT
25013138|123456|25013138|STUDENT
25013139|123456|25013139|STUDENT
25013140|123456|25013140|STUDENT
25013201|123456|25013201|STUDENT
25013202|123456|25013202|STUDENT
25013203|123456|25013203|STUDENT
25013204|123456|25013204|STUDENT
25013205|123456|25013205|STUDENT
25013206|123456|25013206|STUDENT
25013207|123456|25013207|STUDENT
25013208|123456|25013208|STUDENT
25013209|123456|25013209|STUDENT
25013210|123456|25013210|STUDENT
25013211|123456|25013211|STUDENT
25013212|123456|25013212|STUDENT
25013213|123456|25013213|STUDENT
25013214|123456|25013214|STUDENT
25013215|123456|25013215|STUDENT
25013216|123456|25013216|STUDENT
25013217|123456|25013217|STUDENT
25013218|123456|25013218|STUDENT
25013219|123456|25013219|STUDENT
25013220|123456|25013220|STUDENT
25013221|123456|25013221|STUDENT
25013222|123456|25013222|STUDENT
25013223|123456|25013223|STUDENT
25013224|123456|25013224|STUDENT
25013225|123456|25013225|STUDENT
25013226|123456|25013226|STUDENT
25013227|123456|25013227|STUDENT
25013228|123456|25013228|STUDENT
25013229|123456|25013229|STUDENT
25013230|123456|25013230|STUDENT
25013231|123456|25013231|STUDENT
25013232|123456|25013232|STUDENT
25013233|123456|25013233|STUDENT
25013234|123456|25013234|STUDENT
25013235|123456|25013235|STUDENT
25013236|123456|25013236|STUDENT
25013237|123456|25013237|STUDENT
25013238|123456|25013238|STUDENT
25013239|123456|25013239|STUDENT
25013240|123456|25013240|STUDENT
25013301|123456|25013301|STUDENT
25013302|123456|25013302|STUDENT
25013303|123456|25013303|STUDENT
25013304|123456|25013304|STUDENT
25013305|123456|25013305|STUDENT
25013306|123456|25013306|STUDENT
25013307|123456|25013307|STUDENT
25013308|123456|25013308|STUDENT
25013309|123456|25013309|STUDENT
25013310|123456|25013310|STUDENT
25013311|123456|25013311|STUDENT
25013312|123456|25013312|STUDENT
25013313|123456|25013313|STUDENT
25013314|123456|25013314|STUDENT
25013315|123456|25013315|STUDENT
25013316|123456|25013316|STUDENT
25013317|123456|25013317|STUDENT
25013318|123456|25013318|STUDENT
25013319|123456|25013319|STUDENT
25013320|123456|25013320|STUDENT
25013321|123456|25013321|STUDENT
25013322|123456|25013322|STUDENT
25013323|123456|25013323|STUDENT
25013324|123456|25013324|STUDENT
25013325|123456|25013325|STUDENT
25013326|123456|25013326|STUDENT
25013327|123456|25013327|STUDENT
25013328|123456|25013328|STUDENT
25013329|123456|25013329|STUDENT
25013330|123456|25013330|STUDENT
25013331|123456|25013331|STUDENT
25013332|123456|25013332|STUDENT
25013333|123456|25013333|STUDENT
25013334|123456|25013334|STUDENT
25013335|123456|25013335|STUDENT
25013336|123456|25013336|STUDENT
25013337|123456|25013337|STUDENT
25013338|123456|25013338|STUDENT
25013339|123456|25013339|STUDENT
25013340|123456|25013340|STUDENT
25013401|123456|25013401|STUDENT
25013402|123456|25013402|STUDENT
25013403|123456|25013403|STUDENT
25013404|123456|25013404|STUDENT
25013405|123456|25013405|STUDENT
25013406|123456|25013406|STUDENT
25013407|123456|25013407|STUDENT
25013408|123456|25013408|STUDENT
25013409|123456|25013409|STUDENT
25013410|123456|25013410|STUDENT
25013411|123456|25013411|STUDENT
25013412|123456|25013412|STUDENT
25013413|123456|25013413|STUDENT
25013414|123456|25013414|STUDENT
25013415|123456|25013415|STUDENT
25013416|123456|25013416|STUDENT
25013417|123456|25013417|STUDENT
25013418|123456|25013418|STUDENT
25013419|123456|25013419|STUDENT
25013420|123456|25013420|STUDENT
25013421|123456|25013421|STUDENT
25013422|123456|25013422|STUDENT
25013423|123456|25013423|STUDENT
25013424|123456|25013424|STUDENT
25013425|123456|25013425|STUDENT
25013426|123456|25013426|STUDENT
25013427|123456|25013427|STUDENT
25013428|123456|25013428|STUDENT
25013429|123456|25013429|STUDENT
25013430|123456|25013430|STUDENT
25013431|123456|25013431|STUDENT
25013432|123456|25013432|STUDENT
25013433|123456|25013433|STUDENT
25013434|123456|25013434|STUDENT
25013435|123456|25013435|STUDENT
25013436|123456|25013436|STUDENT
25013437|123456|25013437|STUDENT
25013438|123456|25013438|STUDENT
25013439|123456|25013439|STUDENT
25013440|123456|25013440|STUDENT
25014101|123456|25014101|STUDENT
25014102|123456|25014102|STUDENT
25014103|123456|25014103|STUDENT
25014104|123456|25014104|STUDENT
25014105|123456|25014105|STUDENT
25014106|123456|25014106|STUDENT
25014107|123456|25014107|STUDENT
25014108|123456|25014108|STUDENT
25014109|123456|25014109|STUDENT
25014110|123456|25014110|STUDENT
25014111|123456|25014111|STUDENT
25014112|123456|25014112|STUDENT
25014113|123456|25014113|STUDENT
25014114|123456|25014114|STUDENT
25014115|123456|25014115|STUDENT
25014116|123456|25014116|STUDENT
25014117|123456|25014117|STUDENT
25014118|123456|25014118|STUDENT
25014119|123456|25014119|STUDENT
25014120|123456|25014120|STUDENT
25014121|123456|25014121|STUDENT
25014122|123456|25014122|STUDENT
25014123|123456|25014123|STUDENT
25014124|123456|25014124|STUDENT
25014125|123456|25014125|STUDENT
25014126|123456|25014126|STUDENT
25014127|123456|25014127|STUDENT
25014128|123456|25014128|STUDENT
25014129|123456|25014129|STUDENT
25014130|123456|25014130|STUDENT
25014131|123456|25014131|STUDENT
25014132|123456|25014132|STUDENT
25014133|123456|25014133|STUDENT
25014134|123456|25014134|STUDENT
25014135|123456|25014135|STUDENT
25014136|123456|25014136|STUDENT
25014137|123456|25014137|STUDENT
25014138|123456|25014138|STUDENT
25014139|123456|25014139|STUDENT
25014140|123456|25014140|STUDENT
25014201|123456|25014201|STUDENT
25014202|123456|25014202|STUDENT
25014203|123456|25014203|STUDENT
25014204|123456|25014204|STUDENT
25014205|123456|25014205|STUDENT
25014206|123456|25014206|STUDENT
25014207|123456|25014207|STUDENT
25014208|123456|25014208|STUDENT
25014209|123456|25014209|STUDENT
25014210|123456|25014210|STUDENT
25014211|123456|25014211|STUDENT
25014212|123456|25014212|STUDENT
25014213|123456|25014213|STUDENT
25014214|123456|25014214|STUDENT
25014215|123456|25014215|STUDENT
25014216|123456|25014216|STUDENT
25014217|123456|25014217|STUDENT
25014218|123456|25014218|STUDENT
25014219|123456|25014219|STUDENT
25014220|123456|25014220|STUDENT
25014221|123456|25014221|STUDENT
25014222|123456|25014222|STUDENT
25014223|123456|25014223|STUDENT
25014224|123456|25014224|STUDENT
25014225|123456|25014225|STUDENT
25014226|123456|25014226|STUDENT
25014227|123456|25014227|STUDENT
25014228|123456|25014228|STUDENT
25014229|123456|25014229|STUDENT
25014230|123456|25014230|STUDENT
25014231|123456|25014231|STUDENT
25014232|123456|25014232|STUDENT
25014233|123456|25014233|STUDENT
25014234|123456|25014234|STUDENT
25014235|123456|25014235|STUDENT
25014236|123456|25014236|STUDENT
25014237|123456|25014237|STUDENT
25014238|123456|25014238|STUDENT
25014239|123456|25014239|STUDENT
25014240|123456|25014240|STUDENT
25014301|123456|25014301|STUDENT
25014302|123456|25014302|STUDENT
25014303|123456|25014303|STUDENT
25014304|123456|25014304|STUDENT
25014305|123456|25014305|STUDENT
25014306|123456|25014306|STUDENT
25014307|123456|25014307|STUDENT
25014308|123456|25014308|STUDENT
25014309|123456|25014309|STUDENT
25014310|123456|25014310|STUDENT
25014311|123456|25014311|STUDENT
25014312|123456|25014312|STUDENT
25014313|123456|25014313|STUDENT
25014314|123456|25014314|STUDENT
25014315|123456|25014315|STUDENT
25014316|123456|25014316|STUDENT
25014317|123456|25014317|STUDENT
25014318|123456|25014318|STUDENT
25014319|123456|25014319|STUDENT
25014320|123456|25014320|STUDENT
25014321|123456|25014321|STUDENT
25014322|123456|25014322|STUDENT
25014323|123456|25014323|STUDENT
25014324|123456|25014324|STUDENT
25014325|123456|25014325|STUDENT
25014326|123456|25014326|STUDENT
25014327|123456|25014327|STUDENT
25014328|123456|25014328|STUDENT
25014329|123456|25014329|STUDENT
25014330|123456|25014330|STUDENT
25014331|123456|25014331|STUDENT
25014332|123456|25014332|STUDENT
25014333|123456|25014333|STUDENT
25014334|123456|25014334|STUDENT
25014335|123456|25014335|STUDENT
25014336|123456|25014336|STUDENT
25014337|123456|25014337|STUDENT
25014338|123456|25014338|STUDENT
25014339|123456|25014339|STUDENT
25014340|123456|25014340|STUDENT
25014401|123456|25014401|STUDENT
25014402|123456|25014402|STUDENT
25014403|123456|25014403|STUDENT
25014404|123456|25014404|STUDENT
25014405|123456|25014405|STUDENT
25014406|123456|25014406|STUDENT
25014407|123456|25014407|STUDENT
25014408|123456|25014408|STUDENT
25014409|123456|25014409|STUDENT
25014410|123456|25014410|STUDENT
25014411|123456|25014411|STUDENT
25014412|123456|25014412|STUDENT
25014413|123456|25014413|STUDENT
25014414|123456|25014414|STUDENT
25014415|123456|25014415|STUDENT
25014416|123456|25014416|STUDENT
25014417|123456|25014417|STUDENT
25014418|123456|25014418|STUDENT
25014419|123456|25014419|STUDENT
25014420|123456|25014420|STUDENT
25014421|123456|25014421|STUDENT
25014422|123456|25014422|STUDENT
25014423|123456|25014423|STUDENT
25014424|123456|25014424|STUDENT
25014425|123456|25014425|STUDENT
25014426|123456|25014426|STUDENT
25014427|123456|25014427|STUDENT
25014428|123456|25014428|STUDENT
25014429|123456|25014429|STUDENT
25014430|123456|25014430|STUDENT
25014431|123456|25014431|STUDENT
25014432|123456|25014432|STUDENT
25014433|123456|25014433|STUDENT
25014434|123456|25014434|STUDENT
25014435|123456|25014435|STUDENT
25014436|123456|25014436|STUDENT
25014437|123456|25014437|STUDENT
25014438|123456|25014438|STUDENT
25014439|123456|25014439|STUDENT
25014440|123456|25014440|STUDENT
24021101|123456|24021101|STUDENT
24021102|123456|24021102|STUDENT
24021103|123456|24021103|STUDENT
24021104|123456|24021104|STUDENT
24021105|123456|24021105|STUDENT
24021106|123456|24021106|STUDENT
24021107|123456|24021107|STUDENT
24021108|123456|24021108|STUDENT
24021109|123456|24021109|STUDENT
24021110|123456|24021110|STUDENT
24021111|123456|24021111|STUDENT
24021112|123456|24021112|STUDENT
24021113|123456|24021113|STUDENT
24021114|123456|24021114|STUDENT
24021115|123456|24021115|STUDENT
24021116|123456|24021116|STUDENT
24021117|123456|24021117|STUDENT
24021118|123456|24021118|STUDENT
24021119|123456|24021119|STUDENT
24021120|123456|24021120|STUDENT
24021121|123456|24021121|STUDENT
24021122|123456|24021122|STUDENT
24021123|123456|24021123|STUDENT
24021124|123456|24021124|STUDENT
24021125|123456|24021125|STUDENT
24021126|123456|24021126|STUDENT
24021127|123456|24021127|STUDENT
24021128|123456|24021128|STUDENT
24021129|123456|24021129|STUDENT
24021130|123456|24021130|STUDENT
24021131|123456|24021131|STUDENT
24021132|123456|24021132|STUDENT
24021133|123456|24021133|STUDENT
24021134|123456|24021134|STUDENT
24021135|123456|24021135|STUDENT
24021136|123456|24021136|STUDENT
24021137|123456|24021137|STUDENT
24021138|123456|24021138|STUDENT
24021139|123456|24021139|STUDENT
24021140|123456|24021140|STUDENT
24021201|123456|24021201|STUDENT
24021202|123456|24021202|STUDENT
24021203|123456|24021203|STUDENT
24021204|123456|24021204|STUDENT
24021205|123456|24021205|STUDENT
24021206|123456|24021206|STUDENT
24021207|123456|24021207|STUDENT
24021208|123456|24021208|STUDENT
24021209|123456|24021209|STUDENT
24021210|123456|24021210|STUDENT
24021211|123456|24021211|STUDENT
24021212|123456|24021212|STUDENT
24021213|123456|24021213|STUDENT
24021214|123456|24021214|STUDENT
24021215|123456|24021215|STUDENT
24021216|123456|24021216|STUDENT
24021217|123456|24021217|STUDENT
24021218|123456|24021218|STUDENT
24021219|123456|24021219|STUDENT
24021220|123456|24021220|STUDENT
24021221|123456|24021221|STUDENT
24021222|123456|24021222|STUDENT
24021223|123456|24021223|STUDENT
24021224|123456|24021224|STUDENT
24021225|123456|24021225|STUDENT
24021226|123456|24021226|STUDENT
24021227|123456|24021227|STUDENT
24021228|123456|24021228|STUDENT
24021229|123456|24021229|STUDENT
24021230|123456|24021230|STUDENT
24021231|123456|24021231|STUDENT
24021232|123456|24021232|STUDENT
24021233|123456|24021233|STUDENT
24021234|123456|24021234|STUDENT
24021235|123456|24021235|STUDENT
24021236|123456|24021236|STUDENT
24021237|123456|24021237|STUDENT
24021238|123456|24021238|STUDENT
24021239|123456|24021239|STUDENT
24021240|123456|24021240|STUDENT
24021301|123456|24021301|STUDENT
24021302|123456|24021302|STUDENT
24021303|123456|24021303|STUDENT
24021304|123456|24021304|STUDENT
24021305|123456|24021305|STUDENT
24021306|123456|24021306|STUDENT
24021307|123456|24021307|STUDENT
24021308|123456|24021308|STUDENT
24021309|123456|24021309|STUDENT
24021310|123456|24021310|STUDENT
24021311|123456|24021311|STUDENT
24021312|123456|24021312|STUDENT
24021313|123456|24021313|STUDENT
24021314|123456|24021314|STUDENT
24021315|123456|24021315|STUDENT
24021316|123456|24021316|STUDENT
24021317|123456|24021317|STUDENT
24021318|123456|24021318|STUDENT
24021319|123456|24021319|STUDENT
24021320|123456|24021320|STUDENT
24021321|123456|24021321|STUDENT
24021322|123456|24021322|STUDENT
24021323|123456|24021323|STUDENT
24021324|123456|24021324|STUDENT
24021325|123456|24021325|STUDENT
24021326|123456|24021326|STUDENT
24021327|123456|24021327|STUDENT
24021328|123456|24021328|STUDENT
24021329|123456|24021329|STUDENT
24021330|123456|24021330|STUDENT
24021331|123456|24021331|STUDENT
24021332|123456|24021332|STUDENT
24021333|123456|24021333|STUDENT
24021334|123456|24021334|STUDENT
24021335|123456|24021335|STUDENT
24021336|123456|24021336|STUDENT
24021337|123456|24021337|STUDENT
24021338|123456|24021338|STUDENT
24021339|123456|24021339|STUDENT
24021340|123456|24021340|STUDENT
24021401|123456|24021401|STUDENT
24021402|123456|24021402|STUDENT
24021403|123456|24021403|STUDENT
24021404|123456|24021404|STUDENT
24021405|123456|24021405|STUDENT
24021406|123456|24021406|STUDENT
24021407|123456|24021407|STUDENT
24021408|123456|24021408|STUDENT
24021409|123456|24021409|STUDENT
24021410|123456|24021410|STUDENT
24021411|123456|24021411|STUDENT
24021412|123456|24021412|STUDENT
24021413|123456|24021413|STUDENT
24021414|123456|24021414|STUDENT
24021415|123456|24021415|STUDENT
24021416|123456|24021416|STUDENT
24021417|123456|24021417|STUDENT
24021418|123456|24021418|STUDENT
24021419|123456|24021419|STUDENT
24021420|123456|24021420|STUDENT
24021421|123456|24021421|STUDENT
24021422|123456|24021422|STUDENT
24021423|123456|24021423|STUDENT
24021424|123456|24021424|STUDENT
24021425|123456|24021425|STUDENT
24021426|123456|24021426|STUDENT
24021427|123456|24021427|STUDENT
24021428|123456|24021428|STUDENT
24021429|123456|24021429|STUDENT
24021430|123456|24021430|STUDENT
24021431|123456|24021431|STUDENT
24021432|123456|24021432|STUDENT
24021433|123456|24021433|STUDENT
24021434|123456|24021434|STUDENT
24021435|123456|24021435|STUDENT
24021436|123456|24021436|STUDENT
24021437|123456|24021437|STUDENT
24021438|123456|24021438|STUDENT
24021439|123456|24021439|STUDENT
24021440|123456|24021440|STUDENT
24022101|123456|24022101|STUDENT
24022102|123456|24022102|STUDENT
24022103|123456|24022103|STUDENT
24022104|123456|24022104|STUDENT
24022105|123456|24022105|STUDENT
24022106|123456|24022106|STUDENT
24022107|123456|24022107|STUDENT
24022108|123456|24022108|STUDENT
24022109|123456|24022109|STUDENT
24022110|123456|24022110|STUDENT
24022111|123456|24022111|STUDENT
24022112|123456|24022112|STUDENT
24022113|123456|24022113|STUDENT
24022114|123456|24022114|STUDENT
24022115|123456|24022115|STUDENT
24022116|123456|24022116|STUDENT
24022117|123456|24022117|STUDENT
24022118|123456|24022118|STUDENT
24022119|123456|24022119|STUDENT
24022120|123456|24022120|STUDENT
24022121|123456|24022121|STUDENT
24022122|123456|24022122|STUDENT
24022123|123456|24022123|STUDENT
24022124|123456|24022124|STUDENT
24022125|123456|24022125|STUDENT
24022126|123456|24022126|STUDENT
24022127|123456|24022127|STUDENT
24022128|123456|24022128|STUDENT
24022129|123456|24022129|STUDENT
24022130|123456|24022130|STUDENT
24022131|123456|24022131|STUDENT
24022132|123456|24022132|STUDENT
24022133|123456|24022133|STUDENT
24022134|123456|24022134|STUDENT
24022135|123456|24022135|STUDENT
24022136|123456|24022136|STUDENT
24022137|123456|24022137|STUDENT
24022138|123456|24022138|STUDENT
24022139|123456|24022139|STUDENT
24022140|123456|24022140|STUDENT
24022201|123456|24022201|STUDENT
24022202|123456|24022202|STUDENT
24022203|123456|24022203|STUDENT
24022204|123456|24022204|STUDENT
24022205|123456|24022205|STUDENT
24022206|123456|24022206|STUDENT
24022207|123456|24022207|STUDENT
24022208|123456|24022208|STUDENT
24022209|123456|24022209|STUDENT
24022210|123456|24022210|STUDENT
24022211|123456|24022211|STUDENT
24022212|123456|24022212|STUDENT
24022213|123456|24022213|STUDENT
24022214|123456|24022214|STUDENT
24022215|123456|24022215|STUDENT
24022216|123456|24022216|STUDENT
24022217|123456|24022217|STUDENT
24022218|123456|24022218|STUDENT
24022219|123456|24022219|STUDENT
24022220|123456|24022220|STUDENT
24022221|123456|24022221|STUDENT
24022222|123456|24022222|STUDENT
24022223|123456|24022223|STUDENT
24022224|123456|24022224|STUDENT
24022225|123456|24022225|STUDENT
24022226|123456|24022226|STUDENT
24022227|123456|24022227|STUDENT
24022228|123456|24022228|STUDENT
24022229|123456|24022229|STUDENT
24022230|123456|24022230|STUDENT
24022231|123456|24022231|STUDENT
24022232|123456|24022232|STUDENT
24022233|123456|24022233|STUDENT
24022234|123456|24022234|STUDENT
24022235|123456|24022235|STUDENT
24022236|123456|24022236|STUDENT
24022237|123456|24022237|STUDENT
24022238|123456|24022238|STUDENT
24022239|123456|24022239|STUDENT
24022240|123456|24022240|STUDENT
24022301|123456|24022301|STUDENT
24022302|123456|24022302|STUDENT
24022303|123456|24022303|STUDENT
24022304|123456|24022304|STUDENT
24022305|123456|24022305|STUDENT
24022306|123456|24022306|STUDENT
24022307|123456|24022307|STUDENT
24022308|123456|24022308|STUDENT
24022309|123456|24022309|STUDENT
24022310|123456|24022310|STUDENT
24022311|123456|24022311|STUDENT
24022312|123456|24022312|STUDENT
24022313|123456|24022313|STUDENT
24022314|123456|24022314|STUDENT
24022315|123456|24022315|STUDENT
24022316|123456|24022316|STUDENT
24022317|123456|24022317|STUDENT
24022318|123456|24022318|STUDENT
24022319|123456|24022319|STUDENT
24022320|123456|24022320|STUDENT
24022321|123456|24022321|STUDENT
24022322|123456|24022322|STUDENT
24022323|123456|24022323|STUDENT
24022324|123456|24022324|STUDENT
24022325|123456|24022325|STUDENT
24022326|123456|24022326|STUDENT
24022327|123456|24022327|STUDENT
24022328|123456|24022328|STUDENT
24022329|123456|24022329|STUDENT
24022330|123456|24022330|STUDENT
24022331|123456|24022331|STUDENT
24022332|123456|24022332|STUDENT
24022333|123456|24022333|STUDENT
24022334|123456|24022334|STUDENT
24022335|123456|24022335|STUDENT
24022336|123456|24022336|STUDENT
24022337|123456|24022337|STUDENT
24022338|123456|24022338|STUDENT
24022339|123456|24022339|STUDENT
24022340|123456|24022340|STUDENT
24022401|123456|24022401|STUDENT
24022402|123456|24022402|STUDENT
24022403|123456|24022403|STUDENT
24022404|123456|24022404|STUDENT
24022405|123456|24022405|STUDENT
24022406|123456|24022406|STUDENT
24022407|123456|24022407|STUDENT
24022408|123456|24022408|STUDENT
24022409|123456|24022409|STUDENT
24022410|123456|24022410|STUDENT
24022411|123456|24022411|STUDENT
24022412|123456|24022412|STUDENT
24022413|123456|24022413|STUDENT
24022414|123456|24022414|STUDENT
24022415|123456|24022415|STUDENT
24022416|123456|24022416|STUDENT
24022417|123456|24022417|STUDENT
24022418|123456|24022418|STUDENT
24022419|123456|24022419|STUDENT
24022420|123456|24022420|STUDENT
24022421|123456|24022421|STUDENT
24022422|123456|24022422|STUDENT
24022423|123456|24022423|STUDENT
24022424|123456|24022424|STUDENT
24022425|123456|24022425|STUDENT
24022426|123456|24022426|STUDENT
24022427|123456|24022427|STUDENT
24022428|123456|24022428|STUDENT
24022429|123456|24022429|STUDENT
24022430|123456|24022430|STUDENT
24022431|123456|24022431|STUDENT
24022432|123456|24022432|STUDENT
24022433|123456|24022433|STUDENT
24022434|123456|24022434|STUDENT
24022435|123456|24022435|STUDENT
24022436|123456|24022436|STUDENT
24022437|123456|24022437|STUDENT
24022438|123456|24022438|STUDENT
24022439|123456|24022439|STUDENT
24022440|123456|24022440|STUDENT
24023101|123456|24023101|STUDENT
24023102|123456|24023102|STUDENT
24023103|123456|24023103|STUDENT
24023104|123456|24023104|STUDENT
24023105|123456|24023105|STUDENT
24023106|123456|24023106|STUDENT
24023107|123456|24023107|STUDENT
24023108|123456|24023108|STUDENT
24023109|123456|24023109|STUDENT
24023110|123456|24023110|STUDENT
24023111|123456|24023111|STUDENT
24023112|123456|24023112|STUDENT
24023113|123456|24023113|STUDENT
24023114|123456|24023114|STUDENT
24023115|123456|24023115|STUDENT
24023116|123456|24023116|STUDENT
24023117|123456|24023117|STUDENT
24023118|123456|24023118|STUDENT
24023119|123456|24023119|STUDENT
24023120|123456|24023120|STUDENT
24023121|123456|24023121|STUDENT
24023122|123456|24023122|STUDENT
24023123|123456|24023123|STUDENT
24023124|123456|24023124|STUDENT
24023125|123456|24023125|STUDENT
24023126|123456|24023126|STUDENT
24023127|123456|24023127|STUDENT
24023128|123456|24023128|STUDENT
24023129|123456|24023129|STUDENT
24023130|123456|24023130|STUDENT
24023131|123456|24023131|STUDENT
24023132|123456|24023132|STUDENT
24023133|123456|24023133|STUDENT
24023134|123456|24023134|STUDENT
24023135|123456|24023135|STUDENT
24023136|123456|24023136|STUDENT
24023137|123456|24023137|STUDENT
24023138|123456|24023138|STUDENT
24023139|123456|24023139|STUDENT
24023140|123456|24023140|STUDENT
24023201|123456|24023201|STUDENT
24023202|123456|24023202|STUDENT
24023203|123456|24023203|STUDENT
24023204|123456|24023204|STUDENT
24023205|123456|24023205|STUDENT
24023206|123456|24023206|STUDENT
24023207|123456|24023207|STUDENT
24023208|123456|24023208|STUDENT
24023209|123456|24023209|STUDENT
24023210|123456|24023210|STUDENT
24023211|123456|24023211|STUDENT
24023212|123456|24023212|STUDENT
24023213|123456|24023213|STUDENT
24023214|123456|24023214|STUDENT
24023215|123456|24023215|STUDENT
24023216|123456|24023216|STUDENT
24023217|123456|24023217|STUDENT
24023218|123456|24023218|STUDENT
24023219|123456|24023219|STUDENT
24023220|123456|24023220|STUDENT
24023221|123456|24023221|STUDENT
24023222|123456|24023222|STUDENT
24023223|123456|24023223|STUDENT
24023224|123456|24023224|STUDENT
24023225|123456|24023225|STUDENT
24023226|123456|24023226|STUDENT
24023227|123456|24023227|STUDENT
24023228|123456|24023228|STUDENT
24023229|123456|24023229|STUDENT
24023230|123456|24023230|STUDENT
24023231|123456|24023231|STUDENT
24023232|123456|24023232|STUDENT
24023233|123456|24023233|STUDENT
24023234|123456|24023234|STUDENT
24023235|123456|24023235|STUDENT
24023236|123456|24023236|STUDENT
24023237|123456|24023237|STUDENT
24023238|123456|24023238|STUDENT
24023239|123456|24023239|STUDENT
24023240|123456|24023240|STUDENT
24023301|123456|24023301|STUDENT
24023302|123456|24023302|STUDENT
24023303|123456|24023303|STUDENT
24023304|123456|24023304|STUDENT
24023305|123456|24023305|STUDENT
24023306|123456|24023306|STUDENT
24023307|123456|24023307|STUDENT
24023308|123456|24023308|STUDENT
24023309|123456|24023309|STUDENT
24023310|123456|24023310|STUDENT
24023311|123456|24023311|STUDENT
24023312|123456|24023312|STUDENT
24023313|123456|24023313|STUDENT
24023314|123456|24023314|STUDENT
24023315|123456|24023315|STUDENT
24023316|123456|24023316|STUDENT
24023317|123456|24023317|STUDENT
24023318|123456|24023318|STUDENT
24023319|123456|24023319|STUDENT
24023320|123456|24023320|STUDENT
24023321|123456|24023321|STUDENT
24023322|123456|24023322|STUDENT
24023323|123456|24023323|STUDENT
24023324|123456|24023324|STUDENT
24023325|123456|24023325|STUDENT
24023326|123456|24023326|STUDENT
24023327|123456|24023327|STUDENT
24023328|123456|24023328|STUDENT
24023329|123456|24023329|STUDENT
24023330|123456|24023330|STUDENT
24023331|123456|24023331|STUDENT
24023332|123456|24023332|STUDENT
24023333|123456|24023333|STUDENT
24023334|123456|24023334|STUDENT
24023335|123456|24023335|STUDENT
24023336|123456|24023336|STUDENT
24023337|123456|24023337|STUDENT
24023338|123456|24023338|STUDENT
24023339|123456|24023339|STUDENT
24023340|123456|24023340|STUDENT
24023401|123456|24023401|STUDENT
24023402|123456|24023402|STUDENT
24023403|123456|24023403|STUDENT
24023404|123456|24023404|STUDENT
24023405|123456|24023405|STUDENT
24023406|123456|24023406|STUDENT
24023407|123456|24023407|STUDENT
24023408|123456|24023408|STUDENT
24023409|123456|24023409|STUDENT
24023410|123456|24023410|STUDENT
24023411|123456|24023411|STUDENT
24023412|123456|24023412|STUDENT
24023413|123456|24023413|STUDENT
24023414|123456|24023414|STUDENT
24023415|123456|24023415|STUDENT
24023416|123456|24023416|STUDENT
24023417|123456|24023417|STUDENT
24023418|123456|24023418|STUDENT
24023419|123456|24023419|STUDENT
24023420|123456|24023420|STUDENT
24023421|123456|24023421|STUDENT
24023422|123456|24023422|STUDENT
24023423|123456|24023423|STUDENT
24023424|123456|24023424|STUDENT
24023425|123456|24023425|STUDENT
24023426|123456|24023426|STUDENT
24023427|123456|24023427|STUDENT
24023428|123456|24023428|STUDENT
24023429|123456|24023429|STUDENT
24023430|123456|24023430|STUDENT
24023431|123456|24023431|STUDENT
24023432|123456|24023432|STUDENT
24023433|123456|24023433|STUDENT
24023434|123456|24023434|STUDENT
24023435|123456|24023435|STUDENT
24023436|123456|24023436|STUDENT
24023437|123456|24023437|STUDENT
24023438|123456|24023438|STUDENT
24023439|123456|24023439|STUDENT
24023440|123456|24023440|STUDENT
24024101|123456|24024101|STUDENT
24024102|123456|24024102|STUDENT
24024103|123456|24024103|STUDENT
24024104|123456|24024104|STUDENT
24024105|123456|24024105|STUDENT
24024106|123456|24024106|STUDENT
24024107|123456|24024107|STUDENT
24024108|123456|24024108|STUDENT
24024109|123456|24024109|STUDENT
24024110|123456|24024110|STUDENT
24024111|123456|24024111|STUDENT
24024112|123456|24024112|STUDENT
24024113|123456|24024113|STUDENT
24024114|123456|24024114|STUDENT
24024115|123456|24024115|STUDENT
24024116|123456|24024116|STUDENT
24024117|123456|24024117|STUDENT
24024118|123456|24024118|STUDENT
24024119|123456|24024119|STUDENT
24024120|123456|24024120|STUDENT
24024121|123456|24024121|STUDENT
24024122|123456|24024122|STUDENT
24024123|123456|24024123|STUDENT
24024124|123456|24024124|STUDENT
24024125|123456|24024125|STUDENT
24024126|123456|24024126|STUDENT
24024127|123456|24024127|STUDENT
24024128|123456|24024128|STUDENT
24024129|123456|24024129|STUDENT
24024130|123456|24024130|STUDENT
24024131|123456|24024131|STUDENT
24024132|123456|24024132|STUDENT
24024133|123456|24024133|STUDENT
24024134|123456|24024134|STUDENT
24024135|123456|24024135|STUDENT
24024136|123456|24024136|STUDENT
24024137|123456|24024137|STUDENT
24024138|123456|24024138|STUDENT
24024139|123456|24024139|STUDENT
24024140|123456|24024140|STUDENT
24024201|123456|24024201|STUDENT
24024202|123456|24024202|STUDENT
24024203|123456|24024203|STUDENT
24024204|123456|24024204|STUDENT
24024205|123456|24024205|STUDENT
24024206|123456|24024206|STUDENT
24024207|123456|24024207|STUDENT
24024208|123456|24024208|STUDENT
24024209|123456|24024209|STUDENT
24024210|123456|24024210|STUDENT
24024211|123456|24024211|STUDENT
24024212|123456|24024212|STUDENT
24024213|123456|24024213|STUDENT
24024214|123456|24024214|STUDENT
24024215|123456|24024215|STUDENT
24024216|123456|24024216|STUDENT
24024217|123456|24024217|STUDENT
24024218|123456|24024218|STUDENT
24024219|123456|24024219|STUDENT
24024220|123456|24024220|STUDENT
24024221|123456|24024221|STUDENT
24024222|123456|24024222|STUDENT
24024223|123456|24024223|STUDENT
24024224|123456|24024224|STUDENT
24024225|123456|24024225|STUDENT
24024226|123456|24024226|STUDENT
24024227|123456|24024227|STUDENT
24024228|123456|24024228|STUDENT
24024229|123456|24024229|STUDENT
24024230|123456|24024230|STUDENT
24024231|123456|24024231|STUDENT
24024232|123456|24024232|STUDENT
24024233|123456|24024233|STUDENT
24024234|123456|24024234|STUDENT
24024235|123456|24024235|STUDENT
24024236|123456|24024236|STUDENT
24024237|123456|24024237|STUDENT
24024238|123456|24024238|STUDENT
24024239|123456|24024239|STUDENT
24024240|123456|24024240|STUDENT
24024301|123456|24024301|STUDENT
24024302|123456|24024302|STUDENT
24024303|123456|24024303|STUDENT
24024304|123456|24024304|STUDENT
24024305|123456|24024305|STUDENT
24024306|123456|24024306|STUDENT
24024307|123456|24024307|STUDENT
24024308|123456|24024308|STUDENT
24024309|123456|24024309|STUDENT
24024310|123456|24024310|STUDENT
24024311|123456|24024311|STUDENT
24024312|123456|24024312|STUDENT
24024313|123456|24024313|STUDENT
24024314|123456|24024314|STUDENT
24024315|123456|24024315|STUDENT
24024316|123456|24024316|STUDENT
24024317|123456|24024317|STUDENT
24024318|123456|24024318|STUDENT
24024319|123456|24024319|STUDENT
24024320|123456|24024320|STUDENT
24024321|123456|24024321|STUDENT
24024322|123456|24024322|STUDENT
24024323|123456|24024323|STUDENT
24024324|123456|24024324|STUDENT
24024325|123456|24024325|STUDENT
24024326|123456|24024326|STUDENT
24024327|123456|24024327|STUDENT
24024328|123456|24024328|STUDENT
24024329|123456|24024329|STUDENT
24024330|123456|24024330|STUDENT
24024331|123456|24024331|STUDENT
24024332|123456|24024332|STUDENT
24024333|123456|24024333|STUDENT
24024334|123456|24024334|STUDENT
24024335|123456|24024335|STUDENT
24024336|123456|24024336|STUDENT
24024337|123456|24024337|STUDENT
24024338|123456|24024338|STUDENT
24024339|123456|24024339|STUDENT
24024340|123456|24024340|STUDENT
24024401|123456|24024401|STUDENT
24024402|123456|24024402|STUDENT
24024403|123456|24024403|STUDENT
24024404|123456|24024404|STUDENT
24024405|123456|24024405|STUDENT
24024406|123456|24024406|STUDENT
24024407|123456|24024407|STUDENT
24024408|123456|24024408|STUDENT
24024409|123456|24024409|STUDENT
24024410|123456|24024410|STUDENT
24024411|123456|24024411|STUDENT
24024412|123456|24024412|STUDENT
24024413|123456|24024413|STUDENT
24024414|123456|24024414|STUDENT
24024415|123456|24024415|STUDENT
24024416|123456|24024416|STUDENT
24024417|123456|24024417|STUDENT
24024418|123456|24024418|STUDENT
24024419|123456|24024419|STUDENT
24024420|123456|24024420|STUDENT
24024421|123456|24024421|STUDENT
24024422|123456|24024422|STUDENT
24024423|123456|24024423|STUDENT
24024424|123456|24024424|STUDENT
24024425|123456|24024425|STUDENT
24024426|123456|24024426|STUDENT
24024427|123456|24024427|STUDENT
24024428|123456|24024428|STUDENT
24024429|123456|24024429|STUDENT
24024430|123456|24024430|STUDENT
24024431|123456|24024431|STUDENT
24024432|123456|24024432|STUDENT
24024433|123456|24024433|STUDENT
24024434|123456|24024434|STUDENT
24024435|123456|24024435|STUDENT
24024436|123456|24024436|STUDENT
24024437|123456|24024437|STUDENT
24024438|123456|24024438|STUDENT
24024439|123456|24024439|STUDENT
24024440|123456|24024440|STUDENT
25021101|123456|25021101|STUDENT
25021102|123456|25021102|STUDENT
25021103|123456|25021103|STUDENT
25021104|123456|25021104|STUDENT
25021105|123456|25021105|STUDENT
25021106|123456|25021106|STUDENT
25021107|123456|25021107|STUDENT
25021108|123456|25021108|STUDENT
25021109|123456|25021109|STUDENT
25021110|123456|25021110|STUDENT
25021111|123456|25021111|STUDENT
25021112|123456|25021112|STUDENT
25021113|123456|25021113|STUDENT
25021114|123456|25021114|STUDENT
25021115|123456|25021115|STUDENT
25021116|123456|25021116|STUDENT
25021117|123456|25021117|STUDENT
25021118|123456|25021118|STUDENT
25021119|123456|25021119|STUDENT
25021120|123456|25021120|STUDENT
25021121|123456|25021121|STUDENT
25021122|123456|25021122|STUDENT
25021123|123456|25021123|STUDENT
25021124|123456|25021124|STUDENT
25021125|123456|25021125|STUDENT
25021126|123456|25021126|STUDENT
25021127|123456|25021127|STUDENT
25021128|123456|25021128|STUDENT
25021129|123456|25021129|STUDENT
25021130|123456|25021130|STUDENT
25021131|123456|25021131|STUDENT
25021132|123456|25021132|STUDENT
25021133|123456|25021133|STUDENT
25021134|123456|25021134|STUDENT
25021135|123456|25021135|STUDENT
25021136|123456|25021136|STUDENT
25021137|123456|25021137|STUDENT
25021138|123456|25021138|STUDENT
25021139|123456|25021139|STUDENT
25021140|123456|25021140|STUDENT
25021201|123456|25021201|STUDENT
25021202|123456|25021202|STUDENT
25021203|123456|25021203|STUDENT
25021204|123456|25021204|STUDENT
25021205|123456|25021205|STUDENT
25021206|123456|25021206|STUDENT
25021207|123456|25021207|STUDENT
25021208|123456|25021208|STUDENT
25021209|123456|25021209|STUDENT
25021210|123456|25021210|STUDENT
25021211|123456|25021211|STUDENT
25021212|123456|25021212|STUDENT
25021213|123456|25021213|STUDENT
25021214|123456|25021214|STUDENT
25021215|123456|25021215|STUDENT
25021216|123456|25021216|STUDENT
25021217|123456|25021217|STUDENT
25021218|123456|25021218|STUDENT
25021219|123456|25021219|STUDENT
25021220|123456|25021220|STUDENT
25021221|123456|25021221|STUDENT
25021222|123456|25021222|STUDENT
25021223|123456|25021223|STUDENT
25021224|123456|25021224|STUDENT
25021225|123456|25021225|STUDENT
25021226|123456|25021226|STUDENT
25021227|123456|25021227|STUDENT
25021228|123456|25021228|STUDENT
25021229|123456|25021229|STUDENT
25021230|123456|25021230|STUDENT
25021231|123456|25021231|STUDENT
25021232|123456|25021232|STUDENT
25021233|123456|25021233|STUDENT
25021234|123456|25021234|STUDENT
25021235|123456|25021235|STUDENT
25021236|123456|25021236|STUDENT
25021237|123456|25021237|STUDENT
25021238|123456|25021238|STUDENT
25021239|123456|25021239|STUDENT
25021240|123456|25021240|STUDENT
25021301|123456|25021301|STUDENT
25021302|123456|25021302|STUDENT
25021303|123456|25021303|STUDENT
25021304|123456|25021304|STUDENT
25021305|123456|25021305|STUDENT
25021306|123456|25021306|STUDENT
25021307|123456|25021307|STUDENT
25021308|123456|25021308|STUDENT
25021309|123456|25021309|STUDENT
25021310|123456|25021310|STUDENT
25021311|123456|25021311|STUDENT
25021312|123456|25021312|STUDENT
25021313|123456|25021313|STUDENT
25021314|123456|25021314|STUDENT
25021315|123456|25021315|STUDENT
25021316|123456|25021316|STUDENT
25021317|123456|25021317|STUDENT
25021318|123456|25021318|STUDENT
25021319|123456|25021319|STUDENT
25021320|123456|25021320|STUDENT
25021321|123456|25021321|STUDENT
25021322|123456|25021322|STUDENT
25021323|123456|25021323|STUDENT
25021324|123456|25021324|STUDENT
25021325|123456|25021325|STUDENT
25021326|123456|25021326|STUDENT
25021327|123456|25021327|STUDENT
25021328|123456|25021328|STUDENT
25021329|123456|25021329|STUDENT
25021330|123456|25021330|STUDENT
25021331|123456|25021331|STUDENT
25021332|123456|25021332|STUDENT
25021333|123456|25021333|STUDENT
25021334|123456|25021334|STUDENT
25021335|123456|25021335|STUDENT
25021336|123456|25021336|STUDENT
25021337|123456|25021337|STUDENT
25021338|123456|25021338|STUDENT
25021339|123456|25021339|STUDENT
25021340|123456|25021340|STUDENT
25021401|123456|25021401|STUDENT
25021402|123456|25021402|STUDENT
25021403|123456|25021403|STUDENT
25021404|123456|25021404|STUDENT
25021405|123456|25021405|STUDENT
25021406|123456|25021406|STUDENT
25021407|123456|25021407|STUDENT
25021408|123456|25021408|STUDENT
25021409|123456|25021409|STUDENT
25021410|123456|25021410|STUDENT
25021411|123456|25021411|STUDENT
25021412|123456|25021412|STUDENT
25021413|123456|25021413|STUDENT
25021414|123456|25021414|STUDENT
25021415|123456|25021415|STUDENT
25021416|123456|25021416|STUDENT
25021417|123456|25021417|STUDENT
25021418|123456|25021418|STUDENT
25021419|123456|25021419|STUDENT
25021420|123456|25021420|STUDENT
25021421|123456|25021421|STUDENT
25021422|123456|25021422|STUDENT
25021423|123456|25021423|STUDENT
25021424|123456|25021424|STUDENT
25021425|123456|25021425|STUDENT
25021426|123456|25021426|STUDENT
25021427|123456|25021427|STUDENT
25021428|123456|25021428|STUDENT
25021429|123456|25021429|STUDENT
25021430|123456|25021430|STUDENT
25021431|123456|25021431|STUDENT
25021432|123456|25021432|STUDENT
25021433|123456|25021433|STUDENT
25021434|123456|25021434|STUDENT
25021435|123456|25021435|STUDENT
25021436|123456|25021436|STUDENT
25021437|123456|25021437|STUDENT
25021438|123456|25021438|STUDENT
25021439|123456|25021439|STUDENT
25021440|123456|25021440|STUDENT
25022101|123456|25022101|STUDENT
25022102|123456|25022102|STUDENT
25022103|123456|25022103|STUDENT
25022104|123456|25022104|STUDENT
25022105|123456|25022105|STUDENT
25022106|123456|25022106|STUDENT
25022107|123456|25022107|STUDENT
25022108|123456|25022108|STUDENT
25022109|123456|25022109|STUDENT
25022110|123456|25022110|STUDENT
25022111|123456|25022111|STUDENT
25022112|123456|25022112|STUDENT
25022113|123456|25022113|STUDENT
25022114|123456|25022114|STUDENT
25022115|123456|25022115|STUDENT
25022116|123456|25022116|STUDENT
25022117|123456|25022117|STUDENT
25022118|123456|25022118|STUDENT
25022119|123456|25022119|STUDENT
25022120|123456|25022120|STUDENT
25022121|123456|25022121|STUDENT
25022122|123456|25022122|STUDENT
25022123|123456|25022123|STUDENT
25022124|123456|25022124|STUDENT
25022125|123456|25022125|STUDENT
25022126|123456|25022126|STUDENT
25022127|123456|25022127|STUDENT
25022128|123456|25022128|STUDENT
25022129|123456|25022129|STUDENT
25022130|123456|25022130|STUDENT
25022131|123456|25022131|STUDENT
25022132|123456|25022132|STUDENT
25022133|123456|25022133|STUDENT
25022134|123456|25022134|STUDENT
25022135|123456|25022135|STUDENT
25022136|123456|25022136|STUDENT
25022137|123456|25022137|STUDENT
25022138|123456|25022138|STUDENT
25022139|123456|25022139|STUDENT
25022140|123456|25022140|STUDENT
25022201|123456|25022201|STUDENT
25022202|123456|25022202|STUDENT
25022203|123456|25022203|STUDENT
25022204|123456|25022204|STUDENT
25022205|123456|25022205|STUDENT
25022206|123456|25022206|STUDENT
25022207|123456|25022207|STUDENT
25022208|123456|25022208|STUDENT
25022209|123456|25022209|STUDENT
25022210|123456|25022210|STUDENT
25022211|123456|25022211|STUDENT
25022212|123456|25022212|STUDENT
25022213|123456|25022213|STUDENT
25022214|123456|25022214|STUDENT
25022215|123456|25022215|STUDENT
25022216|123456|25022216|STUDENT
25022217|123456|25022217|STUDENT
25022218|123456|25022218|STUDENT
25022219|123456|25022219|STUDENT
25022220|123456|25022220|STUDENT
25022221|123456|25022221|STUDENT
25022222|123456|25022222|STUDENT
25022223|123456|25022223|STUDENT
25022224|123456|25022224|STUDENT
25022225|123456|25022225|STUDENT
25022226|123456|25022226|STUDENT
25022227|123456|25022227|STUDENT
25022228|123456|25022228|STUDENT
25022229|123456|25022229|STUDENT
25022230|123456|25022230|STUDENT
25022231|123456|25022231|STUDENT
25022232|123456|25022232|STUDENT
25022233|123456|25022233|STUDENT
25022234|123456|25022234|STUDENT
25022235|123456|25022235|STUDENT
25022236|123456|25022236|STUDENT
25022237|123456|25022237|STUDENT
25022238|123456|25022238|STUDENT
25022239|123456|25022239|STUDENT
25022240|123456|25022240|STUDENT
25022301|123456|25022301|STUDENT
25022302|123456|25022302|STUDENT
25022303|123456|25022303|STUDENT
25022304|123456|25022304|STUDENT
25022305|123456|25022305|STUDENT
25022306|123456|25022306|STUDENT
25022307|123456|25022307|STUDENT
25022308|123456|25022308|STUDENT
25022309|123456|25022309|STUDENT
25022310|123456|25022310|STUDENT
25022311|123456|25022311|STUDENT
25022312|123456|25022312|STUDENT
25022313|123456|25022313|STUDENT
25022314|123456|25022314|STUDENT
25022315|123456|25022315|STUDENT
25022316|123456|25022316|STUDENT
25022317|123456|25022317|STUDENT
25022318|123456|25022318|STUDENT
25022319|123456|25022319|STUDENT
25022320|123456|25022320|STUDENT
25022321|123456|25022321|STUDENT
25022322|123456|25022322|STUDENT
25022323|123456|25022323|STUDENT
25022324|123456|25022324|STUDENT
25022325|123456|25022325|STUDENT
25022326|123456|25022326|STUDENT
25022327|123456|25022327|STUDENT
25022328|123456|25022328|STUDENT
25022329|123456|25022329|STUDENT
25022330|123456|25022330|STUDENT
25022331|123456|25022331|STUDENT
25022332|123456|25022332|STUDENT
25022333|123456|25022333|STUDENT
25022334|123456|25022334|STUDENT
25022335|123456|25022335|STUDENT
25022336|123456|25022336|STUDENT
25022337|123456|25022337|STUDENT
25022338|123456|25022338|STUDENT
25022339|123456|25022339|STUDENT
25022340|123456|25022340|STUDENT
25022401|123456|25022401|STUDENT
25022402|123456|25022402|STUDENT
25022403|123456|25022403|STUDENT
25022404|123456|25022404|STUDENT
25022405|123456|25022405|STUDENT
25022406|123456|25022406|STUDENT
25022407|123456|25022407|STUDENT
25022408|123456|25022408|STUDENT
25022409|123456|25022409|STUDENT
25022410|123456|25022410|STUDENT
25022411|123456|25022411|STUDENT
25022412|123456|25022412|STUDENT
25022413|123456|25022413|STUDENT
25022414|123456|25022414|STUDENT
25022415|123456|25022415|STUDENT
25022416|123456|25022416|STUDENT
25022417|123456|25022417|STUDENT
25022418|123456|25022418|STUDENT
25022419|123456|25022419|STUDENT
25022420|123456|25022420|STUDENT
25022421|123456|25022421|STUDENT
25022422|123456|25022422|STUDENT
25022423|123456|25022423|STUDENT
25022424|123456|25022424|STUDENT
25022425|123456|25022425|STUDENT
25022426|123456|25022426|STUDENT
25022427|123456|25022427|STUDENT
25022428|123456|25022428|STUDENT
25022429|123456|25022429|STUDENT
25022430|123456|25022430|STUDENT
25022431|123456|25022431|STUDENT
25022432|123456|25022432|STUDENT
25022433|123456|25022433|STUDENT
25022434|123456|25022434|STUDENT
25022435|123456|25022435|STUDENT
25022436|123456|25022436|STUDENT
25022437|123456|25022437|STUDENT
25022438|123456|25022438|STUDENT
25022439|123456|25022439|STUDENT
25022440|123456|25022440|STUDENT
25023101|123456|25023101|STUDENT
25023102|123456|25023102|STUDENT
25023103|123456|25023103|STUDENT
25023104|123456|25023104|STUDENT
25023105|123456|25023105|STUDENT
25023106|123456|25023106|STUDENT
25023107|123456|25023107|STUDENT
25023108|123456|25023108|STUDENT
25023109|123456|25023109|STUDENT
25023110|123456|25023110|STUDENT
25023111|123456|25023111|STUDENT
25023112|123456|25023112|STUDENT
25023113|123456|25023113|STUDENT
25023114|123456|25023114|STUDENT
25023115|123456|25023115|STUDENT
25023116|123456|25023116|STUDENT
25023117|123456|25023117|STUDENT
25023118|123456|25023118|STUDENT
25023119|123456|25023119|STUDENT
25023120|123456|25023120|STUDENT
25023121|123456|25023121|STUDENT
25023122|123456|25023122|STUDENT
25023123|123456|25023123|STUDENT
25023124|123456|25023124|STUDENT
25023125|123456|25023125|STUDENT
25023126|123456|25023126|STUDENT
25023127|123456|25023127|STUDENT
25023128|123456|25023128|STUDENT
25023129|123456|25023129|STUDENT
25023130|123456|25023130|STUDENT
25023131|123456|25023131|STUDENT
25023132|123456|25023132|STUDENT
25023133|123456|25023133|STUDENT
25023134|123456|25023134|STUDENT
25023135|123456|25023135|STUDENT
25023136|123456|25023136|STUDENT
25023137|123456|25023137|STUDENT
25023138|123456|25023138|STUDENT
25023139|123456|25023139|STUDENT
25023140|123456|25023140|STUDENT
25023201|123456|25023201|STUDENT
25023202|123456|25023202|STUDENT
25023203|123456|25023203|STUDENT
25023204|123456|25023204|STUDENT
25023205|123456|25023205|STUDENT
25023206|123456|25023206|STUDENT
25023207|123456|25023207|STUDENT
25023208|123456|25023208|STUDENT
25023209|123456|25023209|STUDENT
25023210|123456|25023210|STUDENT
25023211|123456|25023211|STUDENT
25023212|123456|25023212|STUDENT
25023213|123456|25023213|STUDENT
25023214|123456|25023214|STUDENT
25023215|123456|25023215|STUDENT
25023216|123456|25023216|STUDENT
25023217|123456|25023217|STUDENT
25023218|123456|25023218|STUDENT
25023219|123456|25023219|STUDENT
25023220|123456|25023220|STUDENT
25023221|123456|25023221|STUDENT
25023222|123456|25023222|STUDENT
25023223|123456|25023223|STUDENT
25023224|123456|25023224|STUDENT
25023225|123456|25023225|STUDENT
25023226|123456|25023226|STUDENT
25023227|123456|25023227|STUDENT
25023228|123456|25023228|STUDENT
25023229|123456|25023229|STUDENT
25023230|123456|25023230|STUDENT
25023231|123456|25023231|STUDENT
25023232|123456|25023232|STUDENT
25023233|123456|25023233|STUDENT
25023234|123456|25023234|STUDENT
25023235|123456|25023235|STUDENT
25023236|123456|25023236|STUDENT
25023237|123456|25023237|STUDENT
25023238|123456|25023238|STUDENT
25023239|123456|25023239|STUDENT
25023240|123456|25023240|STUDENT
25023301|123456|25023301|STUDENT
25023302|123456|25023302|STUDENT
25023303|123456|25023303|STUDENT
25023304|123456|25023304|STUDENT
25023305|123456|25023305|STUDENT
25023306|123456|25023306|STUDENT
25023307|123456|25023307|STUDENT
25023308|123456|25023308|STUDENT
25023309|123456|25023309|STUDENT
25023310|123456|25023310|STUDENT
25023311|123456|25023311|STUDENT
25023312|123456|25023312|STUDENT
25023313|123456|25023313|STUDENT
25023314|123456|25023314|STUDENT
25023315|123456|25023315|STUDENT
25023316|123456|25023316|STUDENT
25023317|123456|25023317|STUDENT
25023318|123456|25023318|STUDENT
25023319|123456|25023319|STUDENT
25023320|123456|25023320|STUDENT
25023321|123456|25023321|STUDENT
25023322|123456|25023322|STUDENT
25023323|123456|25023323|STUDENT
25023324|123456|25023324|STUDENT
25023325|123456|25023325|STUDENT
25023326|123456|25023326|STUDENT
25023327|123456|25023327|STUDENT
25023328|123456|25023328|STUDENT
25023329|123456|25023329|STUDENT
25023330|123456|25023330|STUDENT
25023331|123456|25023331|STUDENT
25023332|123456|25023332|STUDENT
25023333|123456|25023333|STUDENT
25023334|123456|25023334|STUDENT
25023335|123456|25023335|STUDENT
25023336|123456|25023336|STUDENT
25023337|123456|25023337|STUDENT
25023338|123456|25023338|STUDENT
25023339|123456|25023339|STUDENT
25023340|123456|25023340|STUDENT
25023401|123456|25023401|STUDENT
25023402|123456|25023402|STUDENT
25023403|123456|25023403|STUDENT
25023404|123456|25023404|STUDENT
25023405|123456|25023405|STUDENT
25023406|123456|25023406|STUDENT
25023407|123456|25023407|STUDENT
25023408|123456|25023408|STUDENT
25023409|123456|25023409|STUDENT
25023410|123456|25023410|STUDENT
25023411|123456|25023411|STUDENT
25023412|123456|25023412|STUDENT
25023413|123456|25023413|STUDENT
25023414|123456|25023414|STUDENT
25023415|123456|25023415|STUDENT
25023416|123456|25023416|STUDENT
25023417|123456|25023417|STUDENT
25023418|123456|25023418|STUDENT
25023419|123456|25023419|STUDENT
25023420|123456|25023420|STUDENT
25023421|123456|25023421|STUDENT
25023422|123456|25023422|STUDENT
25023423|123456|25023423|STUDENT
25023424|123456|25023424|STUDENT
25023425|123456|25023425|STUDENT
25023426|123456|25023426|STUDENT
25023427|123456|25023427|STUDENT
25023428|123456|25023428|STUDENT
25023429|123456|25023429|STUDENT
25023430|123456|25023430|STUDENT
25023431|123456|25023431|STUDENT
25023432|123456|25023432|STUDENT
25023433|123456|25023433|STUDENT
25023434|123456|25023434|STUDENT
25023435|123456|25023435|STUDENT
25023436|123456|25023436|STUDENT
25023437|123456|25023437|STUDENT
25023438|123456|25023438|STUDENT
25023439|123456|25023439|STUDENT
25023440|123456|25023440|STUDENT
25024101|123456|25024101|STUDENT
25024102|123456|25024102|STUDENT
25024103|123456|25024103|STUDENT
25024104|123456|25024104|STUDENT
25024105|123456|25024105|STUDENT
25024106|123456|25024106|STUDENT
25024107|123456|25024107|STUDENT
25024108|123456|25024108|STUDENT
25024109|123456|25024109|STUDENT
25024110|123456|25024110|STUDENT
25024111|123456|25024111|STUDENT
25024112|123456|25024112|STUDENT
25024113|123456|25024113|STUDENT
25024114|123456|25024114|STUDENT
25024115|123456|25024115|STUDENT
25024116|123456|25024116|STUDENT
25024117|123456|25024117|STUDENT
25024118|123456|25024118|STUDENT
25024119|123456|25024119|STUDENT
25024120|123456|25024120|STUDENT
25024121|123456|25024121|STUDENT
25024122|123456|25024122|STUDENT
25024123|123456|25024123|STUDENT
25024124|123456|25024124|STUDENT
25024125|123456|25024125|STUDENT
25024126|123456|25024126|STUDENT
25024127|123456|25024127|STUDENT
25024128|123456|25024128|STUDENT
25024129|123456|25024129|STUDENT
25024130|123456|25024130|STUDENT
25024131|123456|25024131|STUDENT
25024132|123456|25024132|STUDENT
25024133|123456|25024133|STUDENT
25024134|123456|25024134|STUDENT
25024135|123456|25024135|STUDENT
25024136|123456|25024136|STUDENT
25024137|123456|25024137|STUDENT
25024138|123456|25024138|STUDENT
25024139|123456|25024139|STUDENT
25024140|123456|25024140|STUDENT
25024201|123456|25024201|STUDENT
25024202|123456|25024202|STUDENT
25024203|123456|25024203|STUDENT
25024204|123456|25024204|STUDENT
25024205|123456|25024205|STUDENT
25024206|123456|25024206|STUDENT
25024207|123456|25024207|STUDENT
25024208|123456|25024208|STUDENT
25024209|123456|25024209|STUDENT
25024210|123456|25024210|STUDENT
25024211|123456|25024211|STUDENT
25024212|123456|25024212|STUDENT
25024213|123456|25024213|STUDENT
25024214|123456|25024214|STUDENT
25024215|123456|25024215|STUDENT
25024216|123456|25024216|STUDENT
25024217|123456|25024217|STUDENT
25024218|123456|25024218|STUDENT
25024219|123456|25024219|STUDENT
25024220|123456|25024220|STUDENT
25024221|123456|25024221|STUDENT
25024222|123456|25024222|STUDENT
25024223|123456|25024223|STUDENT
25024224|123456|25024224|STUDENT
25024225|123456|25024225|STUDENT
25024226|123456|25024226|STUDENT
25024227|123456|25024227|STUDENT
25024228|123456|25024228|STUDENT
25024229|123456|25024229|STUDENT
25024230|123456|25024230|STUDENT
25024231|123456|25024231|STUDENT
25024232|123456|25024232|STUDENT
25024233|123456|25024233|STUDENT
25024234|123456|25024234|STUDENT
25024235|123456|25024235|STUDENT
25024236|123456|25024236|STUDENT
25024237|123456|25024237|STUDENT
25024238|123456|25024238|STUDENT
25024239|123456|25024239|STUDENT
25024240|123456|25024240|STUDENT
25024301|123456|25024301|STUDENT
25024302|123456|25024302|STUDENT
25024303|123456|25024303|STUDENT
25024304|123456|25024304|STUDENT
25024305|123456|25024305|STUDENT
25024306|123456|25024306|STUDENT
25024307|123456|25024307|STUDENT
25024308|123456|25024308|STUDENT
25024309|123456|25024309|STUDENT
25024310|123456|25024310|STUDENT
25024311|123456|25024311|STUDENT
25024312|123456|25024312|STUDENT
25024313|123456|25024313|STUDENT
25024314|123456|25024314|STUDENT
25024315|123456|25024315|STUDENT
25024316|123456|25024316|STUDENT
25024317|123456|25024317|STUDENT
25024318|123456|25024318|STUDENT
25024319|123456|25024319|STUDENT
25024320|123456|25024320|STUDENT
25024321|123456|25024321|STUDENT
25024322|123456|25024322|STUDENT
25024323|123456|25024323|STUDENT
25024324|123456|25024324|STUDENT
25024325|123456|25024325|STUDENT
25024326|123456|25024326|STUDENT
25024327|123456|25024327|STUDENT
25024328|123456|25024328|STUDENT
25024329|123456|25024329|STUDENT
25024330|123456|25024330|STUDENT
25024331|123456|25024331|STUDENT
25024332|123456|25024332|STUDENT
25024333|123456|25024333|STUDENT
25024334|123456|25024334|STUDENT
25024335|123456|25024335|STUDENT
25024336|123456|25024336|STUDENT
25024337|123456|25024337|STUDENT
25024338|123456|25024338|STUDENT
25024339|123456|25024339|STUDENT
25024340|123456|25024340|STUDENT
25024401|123456|25024401|STUDENT
25024402|123456|25024402|STUDENT
25024403|123456|25024403|STUDENT
25024404|123456|25024404|STUDENT
25024405|123456|25024405|STUDENT
25024406|123456|25024406|STUDENT
25024407|123456|25024407|STUDENT
25024408|123456|25024408|STUDENT
25024409|123456|25024409|STUDENT
25024410|123456|25024410|STUDENT
25024411|123456|25024411|STUDENT
25024412|123456|25024412|STUDENT
25024413|123456|25024413|STUDENT
25024414|123456|25024414|STUDENT
25024415|123456|25024415|STUDENT
25024416|123456|25024416|STUDENT
25024417|123456|25024417|STUDENT
25024418|123456|25024418|STUDENT
25024419|123456|25024419|STUDENT
25024420|123456|25024420|STUDENT
25024421|123456|25024421|STUDENT
25024422|123456|25024422|STUDENT
25024423|123456|25024423|STUDENT
25024424|123456|25024424|STUDENT
25024425|123456|25024425|STUDENT
25024426|123456|25024426|STUDENT
25024427|123456|25024427|STUDENT
25024428|123456|25024428|STUDENT
25024429|123456|25024429|STUDENT
25024430|123456|25024430|STUDENT
25024431|123456|25024431|STUDENT
25024432|123456|25024432|STUDENT
25024433|123456|25024433|STUDENT
25024434|123456|25024434|STUDENT
25024435|123456|25024435|STUDENT
25024436|123456|25024436|STUDENT
25024437|123456|25024437|STUDENT
25024438|123456|25024438|STUDENT
25024439|123456|25024439|STUDENT
25024440|123456|25024440|STUDENT
24031101|123456|24031101|STUDENT
24031102|123456|24031102|STUDENT
24031103|123456|24031103|STUDENT
24031104|123456|24031104|STUDENT
24031105|123456|24031105|STUDENT
24031106|123456|24031106|STUDENT
24031107|123456|24031107|STUDENT
24031108|123456|24031108|STUDENT
24031109|123456|24031109|STUDENT
24031110|123456|24031110|STUDENT
24031111|123456|24031111|STUDENT
24031112|123456|24031112|STUDENT
24031113|123456|24031113|STUDENT
24031114|123456|24031114|STUDENT
24031115|123456|24031115|STUDENT
24031116|123456|24031116|STUDENT
24031117|123456|24031117|STUDENT
24031118|123456|24031118|STUDENT
24031119|123456|24031119|STUDENT
24031120|123456|24031120|STUDENT
24031121|123456|24031121|STUDENT
24031122|123456|24031122|STUDENT
24031123|123456|24031123|STUDENT
24031124|123456|24031124|STUDENT
24031125|123456|24031125|STUDENT
24031126|123456|24031126|STUDENT
24031127|123456|24031127|STUDENT
24031128|123456|24031128|STUDENT
24031129|123456|24031129|STUDENT
24031130|123456|24031130|STUDENT
24031131|123456|24031131|STUDENT
24031132|123456|24031132|STUDENT
24031133|123456|24031133|STUDENT
24031134|123456|24031134|STUDENT
24031135|123456|24031135|STUDENT
24031136|123456|24031136|STUDENT
24031137|123456|24031137|STUDENT
24031138|123456|24031138|STUDENT
24031139|123456|24031139|STUDENT
24031140|123456|24031140|STUDENT
24031201|123456|24031201|STUDENT
24031202|123456|24031202|STUDENT
24031203|123456|24031203|STUDENT
24031204|123456|24031204|STUDENT
24031205|123456|24031205|STUDENT
24031206|123456|24031206|STUDENT
24031207|123456|24031207|STUDENT
24031208|123456|24031208|STUDENT
24031209|123456|24031209|STUDENT
24031210|123456|24031210|STUDENT
24031211|123456|24031211|STUDENT
24031212|123456|24031212|STUDENT
24031213|123456|24031213|STUDENT
24031214|123456|24031214|STUDENT
24031215|123456|24031215|STUDENT
24031216|123456|24031216|STUDENT
24031217|123456|24031217|STUDENT
24031218|123456|24031218|STUDENT
24031219|123456|24031219|STUDENT
24031220|123456|24031220|STUDENT
24031221|123456|24031221|STUDENT
24031222|123456|24031222|STUDENT
24031223|123456|24031223|STUDENT
24031224|123456|24031224|STUDENT
24031225|123456|24031225|STUDENT
24031226|123456|24031226|STUDENT
24031227|123456|24031227|STUDENT
24031228|123456|24031228|STUDENT
24031229|123456|24031229|STUDENT
24031230|123456|24031230|STUDENT
24031231|123456|24031231|STUDENT
24031232|123456|24031232|STUDENT
24031233|123456|24031233|STUDENT
24031234|123456|24031234|STUDENT
24031235|123456|24031235|STUDENT
24031236|123456|24031236|STUDENT
24031237|123456|24031237|STUDENT
24031238|123456|24031238|STUDENT
24031239|123456|24031239|STUDENT
24031240|123456|24031240|STUDENT
24031301|123456|24031301|STUDENT
24031302|123456|24031302|STUDENT
24031303|123456|24031303|STUDENT
24031304|123456|24031304|STUDENT
24031305|123456|24031305|STUDENT
24031306|123456|24031306|STUDENT
24031307|123456|24031307|STUDENT
24031308|123456|24031308|STUDENT
24031309|123456|24031309|STUDENT
24031310|123456|24031310|STUDENT
24031311|123456|24031311|STUDENT
24031312|123456|24031312|STUDENT
24031313|123456|24031313|STUDENT
24031314|123456|24031314|STUDENT
24031315|123456|24031315|STUDENT
24031316|123456|24031316|STUDENT
24031317|123456|24031317|STUDENT
24031318|123456|24031318|STUDENT
24031319|123456|24031319|STUDENT
24031320|123456|24031320|STUDENT
24031321|123456|24031321|STUDENT
24031322|123456|24031322|STUDENT
24031323|123456|24031323|STUDENT
24031324|123456|24031324|STUDENT
24031325|123456|24031325|STUDENT
24031326|123456|24031326|STUDENT
24031327|123456|24031327|STUDENT
24031328|123456|24031328|STUDENT
24031329|123456|24031329|STUDENT
24031330|123456|24031330|STUDENT
24031331|123456|24031331|STUDENT
24031332|123456|24031332|STUDENT
24031333|123456|24031333|STUDENT
24031334|123456|24031334|STUDENT
24031335|123456|24031335|STUDENT
24031336|123456|24031336|STUDENT
24031337|123456|24031337|STUDENT
24031338|123456|24031338|STUDENT
24031339|123456|24031339|STUDENT
24031340|123456|24031340|STUDENT
24031401|123456|24031401|STUDENT
24031402|123456|24031402|STUDENT
24031403|123456|24031403|STUDENT
24031404|123456|24031404|STUDENT
24031405|123456|24031405|STUDENT
24031406|123456|24031406|STUDENT
24031407|123456|24031407|STUDENT
24031408|123456|24031408|STUDENT
24031409|123456|24031409|STUDENT
24031410|123456|24031410|STUDENT
24031411|123456|24031411|STUDENT
24031412|123456|24031412|STUDENT
24031413|123456|24031413|STUDENT
24031414|123456|24031414|STUDENT
24031415|123456|24031415|STUDENT
24031416|123456|24031416|STUDENT
24031417|123456|24031417|STUDENT
24031418|123456|24031418|STUDENT
24031419|123456|24031419|STUDENT
24031420|123456|24031420|STUDENT
24031421|123456|24031421|STUDENT
24031422|123456|24031422|STUDENT
24031423|123456|24031423|STUDENT
24031424|123456|24031424|STUDENT
24031425|123456|24031425|STUDENT
24031426|123456|24031426|STUDENT
24031427|123456|24031427|STUDENT
24031428|123456|24031428|STUDENT
24031429|123456|24031429|STUDENT
24031430|123456|24031430|STUDENT
24031431|123456|24031431|STUDENT
24031432|123456|24031432|STUDENT
24031433|123456|24031433|STUDENT
24031434|123456|24031434|STUDENT
24031435|123456|24031435|STUDENT
24031436|123456|24031436|STUDENT
24031437|123456|24031437|STUDENT
24031438|123456|24031438|STUDENT
24031439|123456|24031439|STUDENT
24031440|123456|24031440|STUDENT
24032101|123456|24032101|STUDENT
24032102|123456|24032102|STUDENT
24032103|123456|24032103|STUDENT
24032104|123456|24032104|STUDENT
24032105|123456|24032105|STUDENT
24032106|123456|24032106|STUDENT
24032107|123456|24032107|STUDENT
24032108|123456|24032108|STUDENT
24032109|123456|24032109|STUDENT
24032110|123456|24032110|STUDENT
24032111|123456|24032111|STUDENT
24032112|123456|24032112|STUDENT
24032113|123456|24032113|STUDENT
24032114|123456|24032114|STUDENT
24032115|123456|24032115|STUDENT
24032116|123456|24032116|STUDENT
24032117|123456|24032117|STUDENT
24032118|123456|24032118|STUDENT
24032119|123456|24032119|STUDENT
24032120|123456|24032120|STUDENT
24032121|123456|24032121|STUDENT
24032122|123456|24032122|STUDENT
24032123|123456|24032123|STUDENT
24032124|123456|24032124|STUDENT
24032125|123456|24032125|STUDENT
24032126|123456|24032126|STUDENT
24032127|123456|24032127|STUDENT
24032128|123456|24032128|STUDENT
24032129|123456|24032129|STUDENT
24032130|123456|24032130|STUDENT
24032131|123456|24032131|STUDENT
24032132|123456|24032132|STUDENT
24032133|123456|24032133|STUDENT
24032134|123456|24032134|STUDENT
24032135|123456|24032135|STUDENT
24032136|123456|24032136|STUDENT
24032137|123456|24032137|STUDENT
24032138|123456|24032138|STUDENT
24032139|123456|24032139|STUDENT
24032140|123456|24032140|STUDENT
24032201|123456|24032201|STUDENT
24032202|123456|24032202|STUDENT
24032203|123456|24032203|STUDENT
24032204|123456|24032204|STUDENT
24032205|123456|24032205|STUDENT
24032206|123456|24032206|STUDENT
24032207|123456|24032207|STUDENT
24032208|123456|24032208|STUDENT
24032209|123456|24032209|STUDENT
24032210|123456|24032210|STUDENT
24032211|123456|24032211|STUDENT
24032212|123456|24032212|STUDENT
24032213|123456|24032213|STUDENT
24032214|123456|24032214|STUDENT
24032215|123456|24032215|STUDENT
24032216|123456|24032216|STUDENT
24032217|123456|24032217|STUDENT
24032218|123456|24032218|STUDENT
24032219|123456|24032219|STUDENT
24032220|123456|24032220|STUDENT
24032221|123456|24032221|STUDENT
24032222|123456|24032222|STUDENT
24032223|123456|24032223|STUDENT
24032224|123456|24032224|STUDENT
24032225|123456|24032225|STUDENT
24032226|123456|24032226|STUDENT
24032227|123456|24032227|STUDENT
24032228|123456|24032228|STUDENT
24032229|123456|24032229|STUDENT
24032230|123456|24032230|STUDENT
24032231|123456|24032231|STUDENT
24032232|123456|24032232|STUDENT
24032233|123456|24032233|STUDENT
24032234|123456|24032234|STUDENT
24032235|123456|24032235|STUDENT
24032236|123456|24032236|STUDENT
24032237|123456|24032237|STUDENT
24032238|123456|24032238|STUDENT
24032239|123456|24032239|STUDENT
24032240|123456|24032240|STUDENT
24032301|123456|24032301|STUDENT
24032302|123456|24032302|STUDENT
24032303|123456|24032303|STUDENT
24032304|123456|24032304|STUDENT
24032305|123456|24032305|STUDENT
24032306|123456|24032306|STUDENT
24032307|123456|24032307|STUDENT
24032308|123456|24032308|STUDENT
24032309|123456|24032309|STUDENT
24032310|123456|24032310|STUDENT
24032311|123456|24032311|STUDENT
24032312|123456|24032312|STUDENT
24032313|123456|24032313|STUDENT
24032314|123456|24032314|STUDENT
24032315|123456|24032315|STUDENT
24032316|123456|24032316|STUDENT
24032317|123456|24032317|STUDENT
24032318|123456|24032318|STUDENT
24032319|123456|24032319|STUDENT
24032320|123456|24032320|STUDENT
24032321|123456|24032321|STUDENT
24032322|123456|24032322|STUDENT
24032323|123456|24032323|STUDENT
24032324|123456|24032324|STUDENT
24032325|123456|24032325|STUDENT
24032326|123456|24032326|STUDENT
24032327|123456|24032327|STUDENT
24032328|123456|24032328|STUDENT
24032329|123456|24032329|STUDENT
24032330|123456|24032330|STUDENT
24032331|123456|24032331|STUDENT
24032332|123456|24032332|STUDENT
24032333|123456|24032333|STUDENT
24032334|123456|24032334|STUDENT
24032335|123456|24032335|STUDENT
24032336|123456|24032336|STUDENT
24032337|123456|24032337|STUDENT
24032338|123456|24032338|STUDENT
24032339|123456|24032339|STUDENT
24032340|123456|24032340|STUDENT
24032401|123456|24032401|STUDENT
24032402|123456|24032402|STUDENT
24032403|123456|24032403|STUDENT
24032404|123456|24032404|STUDENT
24032405|123456|24032405|STUDENT
24032406|123456|24032406|STUDENT
24032407|123456|24032407|STUDENT
24032408|123456|24032408|STUDENT
24032409|123456|24032409|STUDENT
24032410|123456|24032410|STUDENT
24032411|123456|24032411|STUDENT
24032412|123456|24032412|STUDENT
24032413|123456|24032413|STUDENT
24032414|123456|24032414|STUDENT
24032415|123456|24032415|STUDENT
24032416|123456|24032416|STUDENT
24032417|123456|24032417|STUDENT
24032418|123456|24032418|STUDENT
24032419|123456|24032419|STUDENT
24032420|123456|24032420|STUDENT
24032421|123456|24032421|STUDENT
24032422|123456|24032422|STUDENT
24032423|123456|24032423|STUDENT
24032424|123456|24032424|STUDENT
24032425|123456|24032425|STUDENT
24032426|123456|24032426|STUDENT
24032427|123456|24032427|STUDENT
24032428|123456|24032428|STUDENT
24032429|123456|24032429|STUDENT
24032430|123456|24032430|STUDENT
24032431|123456|24032431|STUDENT
24032432|123456|24032432|STUDENT
24032433|123456|24032433|STUDENT
24032434|123456|24032434|STUDENT
24032435|123456|24032435|STUDENT
24032436|123456|24032436|STUDENT
24032437|123456|24032437|STUDENT
24032438|123456|24032438|STUDENT
24032439|123456|24032439|STUDENT
24032440|123456|24032440|STUDENT
24033101|123456|24033101|STUDENT
24033102|123456|24033102|STUDENT
24033103|123456|24033103|STUDENT
24033104|123456|24033104|STUDENT
24033105|123456|24033105|STUDENT
24033106|123456|24033106|STUDENT
24033107|123456|24033107|STUDENT
24033108|123456|24033108|STUDENT
24033109|123456|24033109|STUDENT
24033110|123456|24033110|STUDENT
24033111|123456|24033111|STUDENT
24033112|123456|24033112|STUDENT
24033113|123456|24033113|STUDENT
24033114|123456|24033114|STUDENT
24033115|123456|24033115|STUDENT
24033116|123456|24033116|STUDENT
24033117|123456|24033117|STUDENT
24033118|123456|24033118|STUDENT
24033119|123456|24033119|STUDENT
24033120|123456|24033120|STUDENT
24033121|123456|24033121|STUDENT
24033122|123456|24033122|STUDENT
24033123|123456|24033123|STUDENT
24033124|123456|24033124|STUDENT
24033125|123456|24033125|STUDENT
24033126|123456|24033126|STUDENT
24033127|123456|24033127|STUDENT
24033128|123456|24033128|STUDENT
24033129|123456|24033129|STUDENT
24033130|123456|24033130|STUDENT
24033131|123456|24033131|STUDENT
24033132|123456|24033132|STUDENT
24033133|123456|24033133|STUDENT
24033134|123456|24033134|STUDENT
24033135|123456|24033135|STUDENT
24033136|123456|24033136|STUDENT
24033137|123456|24033137|STUDENT
24033138|123456|24033138|STUDENT
24033139|123456|24033139|STUDENT
24033140|123456|24033140|STUDENT
24033201|123456|24033201|STUDENT
24033202|123456|24033202|STUDENT
24033203|123456|24033203|STUDENT
24033204|123456|24033204|STUDENT
24033205|123456|24033205|STUDENT
24033206|123456|24033206|STUDENT
24033207|123456|24033207|STUDENT
24033208|123456|24033208|STUDENT
24033209|123456|24033209|STUDENT
24033210|123456|24033210|STUDENT
24033211|123456|24033211|STUDENT
24033212|123456|24033212|STUDENT
24033213|123456|24033213|STUDENT
24033214|123456|24033214|STUDENT
24033215|123456|24033215|STUDENT
24033216|123456|24033216|STUDENT
24033217|123456|24033217|STUDENT
24033218|123456|24033218|STUDENT
24033219|123456|24033219|STUDENT
24033220|123456|24033220|STUDENT
24033221|123456|24033221|STUDENT
24033222|123456|24033222|STUDENT
24033223|123456|24033223|STUDENT
24033224|123456|24033224|STUDENT
24033225|123456|24033225|STUDENT
24033226|123456|24033226|STUDENT
24033227|123456|24033227|STUDENT
24033228|123456|24033228|STUDENT
24033229|123456|24033229|STUDENT
24033230|123456|24033230|STUDENT
24033231|123456|24033231|STUDENT
24033232|123456|24033232|STUDENT
24033233|123456|24033233|STUDENT
24033234|123456|24033234|STUDENT
24033235|123456|24033235|STUDENT
24033236|123456|24033236|STUDENT
24033237|123456|24033237|STUDENT
24033238|123456|24033238|STUDENT
24033239|123456|24033239|STUDENT
24033240|123456|24033240|STUDENT
24033301|123456|24033301|STUDENT
24033302|123456|24033302|STUDENT
24033303|123456|24033303|STUDENT
24033304|123456|24033304|STUDENT
24033305|123456|24033305|STUDENT
24033306|123456|24033306|STUDENT
24033307|123456|24033307|STUDENT
24033308|123456|24033308|STUDENT
24033309|123456|24033309|STUDENT
24033310|123456|24033310|STUDENT
24033311|123456|24033311|STUDENT
24033312|123456|24033312|STUDENT
24033313|123456|24033313|STUDENT
24033314|123456|24033314|STUDENT
24033315|123456|24033315|STUDENT
24033316|123456|24033316|STUDENT
24033317|123456|24033317|STUDENT
24033318|123456|24033318|STUDENT
24033319|123456|24033319|STUDENT
24033320|123456|24033320|STUDENT
24033321|123456|24033321|STUDENT
24033322|123456|24033322|STUDENT
24033323|123456|24033323|STUDENT
24033324|123456|24033324|STUDENT
24033325|123456|24033325|STUDENT
24033326|123456|24033326|STUDENT
24033327|123456|24033327|STUDENT
24033328|123456|24033328|STUDENT
24033329|123456|24033329|STUDENT
24033330|123456|24033330|STUDENT
24033331|123456|24033331|STUDENT
24033332|123456|24033332|STUDENT
24033333|123456|24033333|STUDENT
24033334|123456|24033334|STUDENT
24033335|123456|24033335|STUDENT
24033336|123456|24033336|STUDENT
24033337|123456|24033337|STUDENT
24033338|123456|24033338|STUDENT
24033339|123456|24033339|STUDENT
24033340|123456|24033340|STUDENT
24033401|123456|24033401|STUDENT
24033402|123456|24033402|STUDENT
24033403|123456|24033403|STUDENT
24033404|123456|24033404|STUDENT
24033405|123456|24033405|STUDENT
24033406|123456|24033406|STUDENT
24033407|123456|24033407|STUDENT
24033408|123456|24033408|STUDENT
24033409|123456|24033409|STUDENT
24033410|123456|24033410|STUDENT
24033411|123456|24033411|STUDENT
24033412|123456|24033412|STUDENT
24033413|123456|24033413|STUDENT
24033414|123456|24033414|STUDENT
24033415|123456|24033415|STUDENT
24033416|123456|24033416|STUDENT
24033417|123456|24033417|STUDENT
24033418|123456|24033418|STUDENT
24033419|123456|24033419|STUDENT
24033420|123456|24033420|STUDENT
24033421|123456|24033421|STUDENT
24033422|123456|24033422|STUDENT
24033423|123456|24033423|STUDENT
24033424|123456|24033424|STUDENT
24033425|123456|24033425|STUDENT
24033426|123456|24033426|STUDENT
24033427|123456|24033427|STUDENT
24033428|123456|24033428|STUDENT
24033429|123456|24033429|STUDENT
24033430|123456|24033430|STUDENT
24033431|123456|24033431|STUDENT
24033432|123456|24033432|STUDENT
24033433|123456|24033433|STUDENT
24033434|123456|24033434|STUDENT
24033435|123456|24033435|STUDENT
24033436|123456|24033436|STUDENT
24033437|123456|24033437|STUDENT
24033438|123456|24033438|STUDENT
24033439|123456|24033439|STUDENT
24033440|123456|24033440|STUDENT
24034101|123456|24034101|STUDENT
24034102|123456|24034102|STUDENT
24034103|123456|24034103|STUDENT
24034104|123456|24034104|STUDENT
24034105|123456|24034105|STUDENT
24034106|123456|24034106|STUDENT
24034107|123456|24034107|STUDENT
24034108|123456|24034108|STUDENT
24034109|123456|24034109|STUDENT
24034110|123456|24034110|STUDENT
24034111|123456|24034111|STUDENT
24034112|123456|24034112|STUDENT
24034113|123456|24034113|STUDENT
24034114|123456|24034114|STUDENT
24034115|123456|24034115|STUDENT
24034116|123456|24034116|STUDENT
24034117|123456|24034117|STUDENT
24034118|123456|24034118|STUDENT
24034119|123456|24034119|STUDENT
24034120|123456|24034120|STUDENT
24034121|123456|24034121|STUDENT
24034122|123456|24034122|STUDENT
24034123|123456|24034123|STUDENT
24034124|123456|24034124|STUDENT
24034125|123456|24034125|STUDENT
24034126|123456|24034126|STUDENT
24034127|123456|24034127|STUDENT
24034128|123456|24034128|STUDENT
24034129|123456|24034129|STUDENT
24034130|123456|24034130|STUDENT
24034131|123456|24034131|STUDENT
24034132|123456|24034132|STUDENT
24034133|123456|24034133|STUDENT
24034134|123456|24034134|STUDENT
24034135|123456|24034135|STUDENT
24034136|123456|24034136|STUDENT
24034137|123456|24034137|STUDENT
24034138|123456|24034138|STUDENT
24034139|123456|24034139|STUDENT
24034140|123456|24034140|STUDENT
24034201|123456|24034201|STUDENT
24034202|123456|24034202|STUDENT
24034203|123456|24034203|STUDENT
24034204|123456|24034204|STUDENT
24034205|123456|24034205|STUDENT
24034206|123456|24034206|STUDENT
24034207|123456|24034207|STUDENT
24034208|123456|24034208|STUDENT
24034209|123456|24034209|STUDENT
24034210|123456|24034210|STUDENT
24034211|123456|24034211|STUDENT
24034212|123456|24034212|STUDENT
24034213|123456|24034213|STUDENT
24034214|123456|24034214|STUDENT
24034215|123456|24034215|STUDENT
24034216|123456|24034216|STUDENT
24034217|123456|24034217|STUDENT
24034218|123456|24034218|STUDENT
24034219|123456|24034219|STUDENT
24034220|123456|24034220|STUDENT
24034221|123456|24034221|STUDENT
24034222|123456|24034222|STUDENT
24034223|123456|24034223|STUDENT
24034224|123456|24034224|STUDENT
24034225|123456|24034225|STUDENT
24034226|123456|24034226|STUDENT
24034227|123456|24034227|STUDENT
24034228|123456|24034228|STUDENT
24034229|123456|24034229|STUDENT
24034230|123456|24034230|STUDENT
24034231|123456|24034231|STUDENT
24034232|123456|24034232|STUDENT
24034233|123456|24034233|STUDENT
24034234|123456|24034234|STUDENT
24034235|123456|24034235|STUDENT
24034236|123456|24034236|STUDENT
24034237|123456|24034237|STUDENT
24034238|123456|24034238|STUDENT
24034239|123456|24034239|STUDENT
24034240|123456|24034240|STUDENT
24034301|123456|24034301|STUDENT
24034302|123456|24034302|STUDENT
24034303|123456|24034303|STUDENT
24034304|123456|24034304|STUDENT
24034305|123456|24034305|STUDENT
24034306|123456|24034306|STUDENT
24034307|123456|24034307|STUDENT
24034308|123456|24034308|STUDENT
24034309|123456|24034309|STUDENT
24034310|123456|24034310|STUDENT
24034311|123456|24034311|STUDENT
24034312|123456|24034312|STUDENT
24034313|123456|24034313|STUDENT
24034314|123456|24034314|STUDENT
24034315|123456|24034315|STUDENT
24034316|123456|24034316|STUDENT
24034317|123456|24034317|STUDENT
24034318|123456|24034318|STUDENT
24034319|123456|24034319|STUDENT
24034320|123456|24034320|STUDENT
24034321|123456|24034321|STUDENT
24034322|123456|24034322|STUDENT
24034323|123456|24034323|STUDENT
24034324|123456|24034324|STUDENT
24034325|123456|24034325|STUDENT
24034326|123456|24034326|STUDENT
24034327|123456|24034327|STUDENT
24034328|123456|24034328|STUDENT
24034329|123456|24034329|STUDENT
24034330|123456|24034330|STUDENT
24034331|123456|24034331|STUDENT
24034332|123456|24034332|STUDENT
24034333|123456|24034333|STUDENT
24034334|123456|24034334|STUDENT
24034335|123456|24034335|STUDENT
24034336|123456|24034336|STUDENT
24034337|123456|24034337|STUDENT
24034338|123456|24034338|STUDENT
24034339|123456|24034339|STUDENT
24034340|123456|24034340|STUDENT
24034401|123456|24034401|STUDENT
24034402|123456|24034402|STUDENT
24034403|123456|24034403|STUDENT
24034404|123456|24034404|STUDENT
24034405|123456|24034405|STUDENT
24034406|123456|24034406|STUDENT
24034407|123456|24034407|STUDENT
24034408|123456|24034408|STUDENT
24034409|123456|24034409|STUDENT
24034410|123456|24034410|STUDENT
24034411|123456|24034411|STUDENT
24034412|123456|24034412|STUDENT
24034413|123456|24034413|STUDENT
24034414|123456|24034414|STUDENT
24034415|123456|24034415|STUDENT
24034416|123456|24034416|STUDENT
24034417|123456|24034417|STUDENT
24034418|123456|24034418|STUDENT
24034419|123456|24034419|STUDENT
24034420|123456|24034420|STUDENT
24034421|123456|24034421|STUDENT
24034422|123456|24034422|STUDENT
24034423|123456|24034423|STUDENT
24034424|123456|24034424|STUDENT
24034425|123456|24034425|STUDENT
24034426|123456|24034426|STUDENT
24034427|123456|24034427|STUDENT
24034428|123456|24034428|STUDENT
24034429|123456|24034429|STUDENT
24034430|123456|24034430|STUDENT
24034431|123456|24034431|STUDENT
24034432|123456|24034432|STUDENT
24034433|123456|24034433|STUDENT
24034434|123456|24034434|STUDENT
24034435|123456|24034435|STUDENT
24034436|123456|24034436|STUDENT
24034437|123456|24034437|STUDENT
24034438|123456|24034438|STUDENT
24034439|123456|24034439|STUDENT
24034440|123456|24034440|STUDENT
25031101|123456|25031101|STUDENT
25031102|123456|25031102|STUDENT
25031103|123456|25031103|STUDENT
25031104|123456|25031104|STUDENT
25031105|123456|25031105|STUDENT
25031106|123456|25031106|STUDENT
25031107|123456|25031107|STUDENT
25031108|123456|25031108|STUDENT
25031109|123456|25031109|STUDENT
25031110|123456|25031110|STUDENT
25031111|123456|25031111|STUDENT
25031112|123456|25031112|STUDENT
25031113|123456|25031113|STUDENT
25031114|123456|25031114|STUDENT
25031115|123456|25031115|STUDENT
25031116|123456|25031116|STUDENT
25031117|123456|25031117|STUDENT
25031118|123456|25031118|STUDENT
25031119|123456|25031119|STUDENT
25031120|123456|25031120|STUDENT
25031121|123456|25031121|STUDENT
25031122|123456|25031122|STUDENT
25031123|123456|25031123|STUDENT
25031124|123456|25031124|STUDENT
25031125|123456|25031125|STUDENT
25031126|123456|25031126|STUDENT
25031127|123456|25031127|STUDENT
25031128|123456|25031128|STUDENT
25031129|123456|25031129|STUDENT
25031130|123456|25031130|STUDENT
25031131|123456|25031131|STUDENT
25031132|123456|25031132|STUDENT
25031133|123456|25031133|STUDENT
25031134|123456|25031134|STUDENT
25031135|123456|25031135|STUDENT
25031136|123456|25031136|STUDENT
25031137|123456|25031137|STUDENT
25031138|123456|25031138|STUDENT
25031139|123456|25031139|STUDENT
25031140|123456|25031140|STUDENT
25031201|123456|25031201|STUDENT
25031202|123456|25031202|STUDENT
25031203|123456|25031203|STUDENT
25031204|123456|25031204|STUDENT
25031205|123456|25031205|STUDENT
25031206|123456|25031206|STUDENT
25031207|123456|25031207|STUDENT
25031208|123456|25031208|STUDENT
25031209|123456|25031209|STUDENT
25031210|123456|25031210|STUDENT
25031211|123456|25031211|STUDENT
25031212|123456|25031212|STUDENT
25031213|123456|25031213|STUDENT
25031214|123456|25031214|STUDENT
25031215|123456|25031215|STUDENT
25031216|123456|25031216|STUDENT
25031217|123456|25031217|STUDENT
25031218|123456|25031218|STUDENT
25031219|123456|25031219|STUDENT
25031220|123456|25031220|STUDENT
25031221|123456|25031221|STUDENT
25031222|123456|25031222|STUDENT
25031223|123456|25031223|STUDENT
25031224|123456|25031224|STUDENT
25031225|123456|25031225|STUDENT
25031226|123456|25031226|STUDENT
25031227|123456|25031227|STUDENT
25031228|123456|25031228|STUDENT
25031229|123456|25031229|STUDENT
25031230|123456|25031230|STUDENT
25031231|123456|25031231|STUDENT
25031232|123456|25031232|STUDENT
25031233|123456|25031233|STUDENT
25031234|123456|25031234|STUDENT
25031235|123456|25031235|STUDENT
25031236|123456|25031236|STUDENT
25031237|123456|25031237|STUDENT
25031238|123456|25031238|STUDENT
25031239|123456|25031239|STUDENT
25031240|123456|25031240|STUDENT
25031301|123456|25031301|STUDENT
25031302|123456|25031302|STUDENT
25031303|123456|25031303|STUDENT
25031304|123456|25031304|STUDENT
25031305|123456|25031305|STUDENT
25031306|123456|25031306|STUDENT
25031307|123456|25031307|STUDENT
25031308|123456|25031308|STUDENT
25031309|123456|25031309|STUDENT
25031310|123456|25031310|STUDENT
25031311|123456|25031311|STUDENT
25031312|123456|25031312|STUDENT
25031313|123456|25031313|STUDENT
25031314|123456|25031314|STUDENT
25031315|123456|25031315|STUDENT
25031316|123456|25031316|STUDENT
25031317|123456|25031317|STUDENT
25031318|123456|25031318|STUDENT
25031319|123456|25031319|STUDENT
25031320|123456|25031320|STUDENT
25031321|123456|25031321|STUDENT
25031322|123456|25031322|STUDENT
25031323|123456|25031323|STUDENT
25031324|123456|25031324|STUDENT
25031325|123456|25031325|STUDENT
25031326|123456|25031326|STUDENT
25031327|123456|25031327|STUDENT
25031328|123456|25031328|STUDENT
25031329|123456|25031329|STUDENT
25031330|123456|25031330|STUDENT
25031331|123456|25031331|STUDENT
25031332|123456|25031332|STUDENT
25031333|123456|25031333|STUDENT
25031334|123456|25031334|STUDENT
25031335|123456|25031335|STUDENT
25031336|123456|25031336|STUDENT
25031337|123456|25031337|STUDENT
25031338|123456|25031338|STUDENT
25031339|123456|25031339|STUDENT
25031340|123456|25031340|STUDENT
25031401|123456|25031401|STUDENT
25031402|123456|25031402|STUDENT
25031403|123456|25031403|STUDENT
25031404|123456|25031404|STUDENT
25031405|123456|25031405|STUDENT
25031406|123456|25031406|STUDENT
25031407|123456|25031407|STUDENT
25031408|123456|25031408|STUDENT
25031409|123456|25031409|STUDENT
25031410|123456|25031410|STUDENT
25031411|123456|25031411|STUDENT
25031412|123456|25031412|STUDENT
25031413|123456|25031413|STUDENT
25031414|123456|25031414|STUDENT
25031415|123456|25031415|STUDENT
25031416|123456|25031416|STUDENT
25031417|123456|25031417|STUDENT
25031418|123456|25031418|STUDENT
25031419|123456|25031419|STUDENT
25031420|123456|25031420|STUDENT
25031421|123456|25031421|STUDENT
25031422|123456|25031422|STUDENT
25031423|123456|25031423|STUDENT
25031424|123456|25031424|STUDENT
25031425|123456|25031425|STUDENT
25031426|123456|25031426|STUDENT
25031427|123456|25031427|STUDENT
25031428|123456|25031428|STUDENT
25031429|123456|25031429|STUDENT
25031430|123456|25031430|STUDENT
25031431|123456|25031431|STUDENT
25031432|123456|25031432|STUDENT
25031433|123456|25031433|STUDENT
25031434|123456|25031434|STUDENT
25031435|123456|25031435|STUDENT
25031436|123456|25031436|STUDENT
25031437|123456|25031437|STUDENT
25031438|123456|25031438|STUDENT
25031439|123456|25031439|STUDENT
25031440|123456|25031440|STUDENT
25032101|123456|25032101|STUDENT
25032102|123456|25032102|STUDENT
25032103|123456|25032103|STUDENT
25032104|123456|25032104|STUDENT
25032105|123456|25032105|STUDENT
25032106|123456|25032106|STUDENT
25032107|123456|25032107|STUDENT
25032108|123456|25032108|STUDENT
25032109|123456|25032109|STUDENT
25032110|123456|25032110|STUDENT
25032111|123456|25032111|STUDENT
25032112|123456|25032112|STUDENT
25032113|123456|25032113|STUDENT
25032114|123456|25032114|STUDENT
25032115|123456|25032115|STUDENT
25032116|123456|25032116|STUDENT
25032117|123456|25032117|STUDENT
25032118|123456|25032118|STUDENT
25032119|123456|25032119|STUDENT
25032120|123456|25032120|STUDENT
25032121|123456|25032121|STUDENT
25032122|123456|25032122|STUDENT
25032123|123456|25032123|STUDENT
25032124|123456|25032124|STUDENT
25032125|123456|25032125|STUDENT
25032126|123456|25032126|STUDENT
25032127|123456|25032127|STUDENT
25032128|123456|25032128|STUDENT
25032129|123456|25032129|STUDENT
25032130|123456|25032130|STUDENT
25032131|123456|25032131|STUDENT
25032132|123456|25032132|STUDENT
25032133|123456|25032133|STUDENT
25032134|123456|25032134|STUDENT
25032135|123456|25032135|STUDENT
25032136|123456|25032136|STUDENT
25032137|123456|25032137|STUDENT
25032138|123456|25032138|STUDENT
25032139|123456|25032139|STUDENT
25032140|123456|25032140|STUDENT
25032201|123456|25032201|STUDENT
25032202|123456|25032202|STUDENT
25032203|123456|25032203|STUDENT
25032204|123456|25032204|STUDENT
25032205|123456|25032205|STUDENT
25032206|123456|25032206|STUDENT
25032207|123456|25032207|STUDENT
25032208|123456|25032208|STUDENT
25032209|123456|25032209|STUDENT
25032210|123456|25032210|STUDENT
25032211|123456|25032211|STUDENT
25032212|123456|25032212|STUDENT
25032213|123456|25032213|STUDENT
25032214|123456|25032214|STUDENT
25032215|123456|25032215|STUDENT
25032216|123456|25032216|STUDENT
25032217|123456|25032217|STUDENT
25032218|123456|25032218|STUDENT
25032219|123456|25032219|STUDENT
25032220|123456|25032220|STUDENT
25032221|123456|25032221|STUDENT
25032222|123456|25032222|STUDENT
25032223|123456|25032223|STUDENT
25032224|123456|25032224|STUDENT
25032225|123456|25032225|STUDENT
25032226|123456|25032226|STUDENT
25032227|123456|25032227|STUDENT
25032228|123456|25032228|STUDENT
25032229|123456|25032229|STUDENT
25032230|123456|25032230|STUDENT
25032231|123456|25032231|STUDENT
25032232|123456|25032232|STUDENT
25032233|123456|25032233|STUDENT
25032234|123456|25032234|STUDENT
25032235|123456|25032235|STUDENT
25032236|123456|25032236|STUDENT
25032237|123456|25032237|STUDENT
25032238|123456|25032238|STUDENT
25032239|123456|25032239|STUDENT
25032240|123456|25032240|STUDENT
25032301|123456|25032301|STUDENT
25032302|123456|25032302|STUDENT
25032303|123456|25032303|STUDENT
25032304|123456|25032304|STUDENT
25032305|123456|25032305|STUDENT
25032306|123456|25032306|STUDENT
25032307|123456|25032307|STUDENT
25032308|123456|25032308|STUDENT
25032309|123456|25032309|STUDENT
25032310|123456|25032310|STUDENT
25032311|123456|25032311|STUDENT
25032312|123456|25032312|STUDENT
25032313|123456|25032313|STUDENT
25032314|123456|25032314|STUDENT
25032315|123456|25032315|STUDENT
25032316|123456|25032316|STUDENT
25032317|123456|25032317|STUDENT
25032318|123456|25032318|STUDENT
25032319|123456|25032319|STUDENT
25032320|123456|25032320|STUDENT
25032321|123456|25032321|STUDENT
25032322|123456|25032322|STUDENT
25032323|123456|25032323|STUDENT
25032324|123456|25032324|STUDENT
25032325|123456|25032325|STUDENT
25032326|123456|25032326|STUDENT
25032327|123456|25032327|STUDENT
25032328|123456|25032328|STUDENT
25032329|123456|25032329|STUDENT
25032330|123456|25032330|STUDENT
25032331|123456|25032331|STUDENT
25032332|123456|25032332|STUDENT
25032333|123456|25032333|STUDENT
25032334|123456|25032334|STUDENT
25032335|123456|25032335|STUDENT
25032336|123456|25032336|STUDENT
25032337|123456|25032337|STUDENT
25032338|123456|25032338|STUDENT
25032339|123456|25032339|STUDENT
25032340|123456|25032340|STUDENT
25032401|123456|25032401|STUDENT
25032402|123456|25032402|STUDENT
25032403|123456|25032403|STUDENT
25032404|123456|25032404|STUDENT
25032405|123456|25032405|STUDENT
25032406|123456|25032406|STUDENT
25032407|123456|25032407|STUDENT
25032408|123456|25032408|STUDENT
25032409|123456|25032409|STUDENT
25032410|123456|25032410|STUDENT
25032411|123456|25032411|STUDENT
25032412|123456|25032412|STUDENT
25032413|123456|25032413|STUDENT
25032414|123456|25032414|STUDENT
25032415|123456|25032415|STUDENT
25032416|123456|25032416|STUDENT
25032417|123456|25032417|STUDENT
25032418|123456|25032418|STUDENT
25032419|123456|25032419|STUDENT
25032420|123456|25032420|STUDENT
25032421|123456|25032421|STUDENT
25032422|123456|25032422|STUDENT
25032423|123456|25032423|STUDENT
25032424|123456|25032424|STUDENT
25032425|123456|25032425|STUDENT
25032426|123456|25032426|STUDENT
25032427|123456|25032427|STUDENT
25032428|123456|25032428|STUDENT
25032429|123456|25032429|STUDENT
25032430|123456|25032430|STUDENT
25032431|123456|25032431|STUDENT
25032432|123456|25032432|STUDENT
25032433|123456|25032433|STUDENT
25032434|123456|25032434|STUDENT
25032435|123456|25032435|STUDENT
25032436|123456|25032436|STUDENT
25032437|123456|25032437|STUDENT
25032438|123456|25032438|STUDENT
25032439|123456|25032439|STUDENT
25032440|123456|25032440|STUDENT
25033101|123456|25033101|STUDENT
25033102|123456|25033102|STUDENT
25033103|123456|25033103|STUDENT
25033104|123456|25033104|STUDENT
25033105|123456|25033105|STUDENT
25033106|123456|25033106|STUDENT
25033107|123456|25033107|STUDENT
25033108|123456|25033108|STUDENT
25033109|123456|25033109|STUDENT
25033110|123456|25033110|STUDENT
25033111|123456|25033111|STUDENT
25033112|123456|25033112|STUDENT
25033113|123456|25033113|STUDENT
25033114|123456|25033114|STUDENT
25033115|123456|25033115|STUDENT
25033116|123456|25033116|STUDENT
25033117|123456|25033117|STUDENT
25033118|123456|25033118|STUDENT
25033119|123456|25033119|STUDENT
25033120|123456|25033120|STUDENT
25033121|123456|25033121|STUDENT
25033122|123456|25033122|STUDENT
25033123|123456|25033123|STUDENT
25033124|123456|25033124|STUDENT
25033125|123456|25033125|STUDENT
25033126|123456|25033126|STUDENT
25033127|123456|25033127|STUDENT
25033128|123456|25033128|STUDENT
25033129|123456|25033129|STUDENT
25033130|123456|25033130|STUDENT
25033131|123456|25033131|STUDENT
25033132|123456|25033132|STUDENT
25033133|123456|25033133|STUDENT
25033134|123456|25033134|STUDENT
25033135|123456|25033135|STUDENT
25033136|123456|25033136|STUDENT
25033137|123456|25033137|STUDENT
25033138|123456|25033138|STUDENT
25033139|123456|25033139|STUDENT
25033140|123456|25033140|STUDENT
25033201|123456|25033201|STUDENT
25033202|123456|25033202|STUDENT
25033203|123456|25033203|STUDENT
25033204|123456|25033204|STUDENT
25033205|123456|25033205|STUDENT
25033206|123456|25033206|STUDENT
25033207|123456|25033207|STUDENT
25033208|123456|25033208|STUDENT
25033209|123456|25033209|STUDENT
25033210|123456|25033210|STUDENT
25033211|123456|25033211|STUDENT
25033212|123456|25033212|STUDENT
25033213|123456|25033213|STUDENT
25033214|123456|25033214|STUDENT
25033215|123456|25033215|STUDENT
25033216|123456|25033216|STUDENT
25033217|123456|25033217|STUDENT
25033218|123456|25033218|STUDENT
25033219|123456|25033219|STUDENT
25033220|123456|25033220|STUDENT
25033221|123456|25033221|STUDENT
25033222|123456|25033222|STUDENT
25033223|123456|25033223|STUDENT
25033224|123456|25033224|STUDENT
25033225|123456|25033225|STUDENT
25033226|123456|25033226|STUDENT
25033227|123456|25033227|STUDENT
25033228|123456|25033228|STUDENT
25033229|123456|25033229|STUDENT
25033230|123456|25033230|STUDENT
25033231|123456|25033231|STUDENT
25033232|123456|25033232|STUDENT
25033233|123456|25033233|STUDENT
25033234|123456|25033234|STUDENT
25033235|123456|25033235|STUDENT
25033236|123456|25033236|STUDENT
25033237|123456|25033237|STUDENT
25033238|123456|25033238|STUDENT
25033239|123456|25033239|STUDENT
25033240|123456|25033240|STUDENT
25033301|123456|25033301|STUDENT
25033302|123456|25033302|STUDENT
25033303|123456|25033303|STUDENT
25033304|123456|25033304|STUDENT
25033305|123456|25033305|STUDENT
25033306|123456|25033306|STUDENT
25033307|123456|25033307|STUDENT
25033308|123456|25033308|STUDENT
25033309|123456|25033309|STUDENT
25033310|123456|25033310|STUDENT
25033311|123456|25033311|STUDENT
25033312|123456|25033312|STUDENT
25033313|123456|25033313|STUDENT
25033314|123456|25033314|STUDENT
25033315|123456|25033315|STUDENT
25033316|123456|25033316|STUDENT
25033317|123456|25033317|STUDENT
25033318|123456|25033318|STUDENT
25033319|123456|25033319|STUDENT
25033320|123456|25033320|STUDENT
25033321|123456|25033321|STUDENT
25033322|123456|25033322|STUDENT
25033323|123456|25033323|STUDENT
25033324|123456|25033324|STUDENT
25033325|123456|25033325|STUDENT
25033326|123456|25033326|STUDENT
25033327|123456|25033327|STUDENT
25033328|123456|25033328|STUDENT
25033329|123456|25033329|STUDENT
25033330|123456|25033330|STUDENT
25033331|123456|25033331|STUDENT
25033332|123456|25033332|STUDENT
25033333|123456|25033333|STUDENT
25033334|123456|25033334|STUDENT
25033335|123456|25033335|STUDENT
25033336|123456|25033336|STUDENT
25033337|123456|25033337|STUDENT
25033338|123456|25033338|STUDENT
25033339|123456|25033339|STUDENT
25033340|123456|25033340|STUDENT
25033401|123456|25033401|STUDENT
25033402|123456|25033402|STUDENT
25033403|123456|25033403|STUDENT
25033404|123456|25033404|STUDENT
25033405|123456|25033405|STUDENT
25033406|123456|25033406|STUDENT
25033407|123456|25033407|STUDENT
25033408|123456|25033408|STUDENT
25033409|123456|25033409|STUDENT
25033410|123456|25033410|STUDENT
25033411|123456|25033411|STUDENT
25033412|123456|25033412|STUDENT
25033413|123456|25033413|STUDENT
25033414|123456|25033414|STUDENT
25033415|123456|25033415|STUDENT
25033416|123456|25033416|STUDENT
25033417|123456|25033417|STUDENT
25033418|123456|25033418|STUDENT
25033419|123456|25033419|STUDENT
25033420|123456|25033420|STUDENT
25033421|123456|25033421|STUDENT
25033422|123456|25033422|STUDENT
25033423|123456|25033423|STUDENT
25033424|123456|25033424|STUDENT
25033425|123456|25033425|STUDENT
25033426|123456|25033426|STUDENT
25033427|123456|25033427|STUDENT
25033428|123456|25033428|STUDENT
25033429|123456|25033429|STUDENT
25033430|123456|25033430|STUDENT
25033431|123456|25033431|STUDENT
25033432|123456|25033432|STUDENT
25033433|123456|25033433|STUDENT
25033434|123456|25033434|STUDENT
25033435|123456|25033435|STUDENT
25033436|123456|25033436|STUDENT
25033437|123456|25033437|STUDENT
25033438|123456|25033438|STUDENT
25033439|123456|25033439|STUDENT
25033440|123456|25033440|STUDENT
25034101|123456|25034101|STUDENT
25034102|123456|25034102|STUDENT
25034103|123456|25034103|STUDENT
25034104|123456|25034104|STUDENT
25034105|123456|25034105|STUDENT
25034106|123456|25034106|STUDENT
25034107|123456|25034107|STUDENT
25034108|123456|25034108|STUDENT
25034109|123456|25034109|STUDENT
25034110|123456|25034110|STUDENT
25034111|123456|25034111|STUDENT
25034112|123456|25034112|STUDENT
25034113|123456|25034113|STUDENT
25034114|123456|25034114|STUDENT
25034115|123456|25034115|STUDENT
25034116|123456|25034116|STUDENT
25034117|123456|25034117|STUDENT
25034118|123456|25034118|STUDENT
25034119|123456|25034119|STUDENT
25034120|123456|25034120|STUDENT
25034121|123456|25034121|STUDENT
25034122|123456|25034122|STUDENT
25034123|123456|25034123|STUDENT
25034124|123456|25034124|STUDENT
25034125|123456|25034125|STUDENT
25034126|123456|25034126|STUDENT
25034127|123456|25034127|STUDENT
25034128|123456|25034128|STUDENT
25034129|123456|25034129|STUDENT
25034130|123456|25034130|STUDENT
25034131|123456|25034131|STUDENT
25034132|123456|25034132|STUDENT
25034133|123456|25034133|STUDENT
25034134|123456|25034134|STUDENT
25034135|123456|25034135|STUDENT
25034136|123456|25034136|STUDENT
25034137|123456|25034137|STUDENT
25034138|123456|25034138|STUDENT
25034139|123456|25034139|STUDENT
25034140|123456|25034140|STUDENT
25034201|123456|25034201|STUDENT
25034202|123456|25034202|STUDENT
25034203|123456|25034203|STUDENT
25034204|123456|25034204|STUDENT
25034205|123456|25034205|STUDENT
25034206|123456|25034206|STUDENT
25034207|123456|25034207|STUDENT
25034208|123456|25034208|STUDENT
25034209|123456|25034209|STUDENT
25034210|123456|25034210|STUDENT
25034211|123456|25034211|STUDENT
25034212|123456|25034212|STUDENT
25034213|123456|25034213|STUDENT
25034214|123456|25034214|STUDENT
25034215|123456|25034215|STUDENT
25034216|123456|25034216|STUDENT
25034217|123456|25034217|STUDENT
25034218|123456|25034218|STUDENT
25034219|123456|25034219|STUDENT
25034220|123456|25034220|STUDENT
25034221|123456|25034221|STUDENT
25034222|123456|25034222|STUDENT
25034223|123456|25034223|STUDENT
25034224|123456|25034224|STUDENT
25034225|123456|25034225|STUDENT
25034226|123456|25034226|STUDENT
25034227|123456|25034227|STUDENT
25034228|123456|25034228|STUDENT
25034229|123456|25034229|STUDENT
25034230|123456|25034230|STUDENT
25034231|123456|25034231|STUDENT
25034232|123456|25034232|STUDENT
25034233|123456|25034233|STUDENT
25034234|123456|25034234|STUDENT
25034235|123456|25034235|STUDENT
25034236|123456|25034236|STUDENT
25034237|123456|25034237|STUDENT
25034238|123456|25034238|STUDENT
25034239|123456|25034239|STUDENT
25034240|123456|25034240|STUDENT
25034301|123456|25034301|STUDENT
25034302|123456|25034302|STUDENT
25034303|123456|25034303|STUDENT
25034304|123456|25034304|STUDENT
25034305|123456|25034305|STUDENT
25034306|123456|25034306|STUDENT
25034307|123456|25034307|STUDENT
25034308|123456|25034308|STUDENT
25034309|123456|25034309|STUDENT
25034310|123456|25034310|STUDENT
25034311|123456|25034311|STUDENT
25034312|123456|25034312|STUDENT
25034313|123456|25034313|STUDENT
25034314|123456|25034314|STUDENT
25034315|123456|25034315|STUDENT
25034316|123456|25034316|STUDENT
25034317|123456|25034317|STUDENT
25034318|123456|25034318|STUDENT
25034319|123456|25034319|STUDENT
25034320|123456|25034320|STUDENT
25034321|123456|25034321|STUDENT
25034322|123456|25034322|STUDENT
25034323|123456|25034323|STUDENT
25034324|123456|25034324|STUDENT
25034325|123456|25034325|STUDENT
25034326|123456|25034326|STUDENT
25034327|123456|25034327|STUDENT
25034328|123456|25034328|STUDENT
25034329|123456|25034329|STUDENT
25034330|123456|25034330|STUDENT
25034331|123456|25034331|STUDENT
25034332|123456|25034332|STUDENT
25034333|123456|25034333|STUDENT
25034334|123456|25034334|STUDENT
25034335|123456|25034335|STUDENT
25034336|123456|25034336|STUDENT
25034337|123456|25034337|STUDENT
25034338|123456|25034338|STUDENT
25034339|123456|25034339|STUDENT
25034340|123456|25034340|STUDENT
25034401|123456|25034401|STUDENT
25034402|123456|25034402|STUDENT
25034403|123456|25034403|STUDENT
25034404|123456|25034404|STUDENT
25034405|123456|25034405|STUDENT
25034406|123456|25034406|STUDENT
25034407|123456|25034407|STUDENT
25034408|123456|25034408|STUDENT
25034409|123456|25034409|STUDENT
25034410|123456|25034410|STUDENT
25034411|123456|25034411|STUDENT
25034412|123456|25034412|STUDENT
25034413|123456|25034413|STUDENT
25034414|123456|25034414|STUDENT
25034415|123456|25034415|STUDENT
25034416|123456|25034416|STUDENT
25034417|123456|25034417|STUDENT
25034418|123456|25034418|STUDENT
25034419|123456|25034419|STUDENT
25034420|123456|25034420|STUDENT
25034421|123456|25034421|STUDENT
25034422|123456|25034422|STUDENT
25034423|123456|25034423|STUDENT
25034424|123456|25034424|STUDENT
25034425|123456|25034425|STUDENT
25034426|123456|25034426|STUDENT
25034427|123456|25034427|STUDENT
25034428|123456|25034428|STUDENT
25034429|123456|25034429|STUDENT
25034430|123456|25034430|STUDENT
25034431|123456|25034431|STUDENT
25034432|123456|25034432|STUDENT
25034433|123456|25034433|STUDENT
25034434|123456|25034434|STUDENT
25034435|123456|25034435|STUDENT
25034436|123456|25034436|STUDENT
25034437|123456|25034437|STUDENT
25034438|123456|25034438|STUDENT
25034439|123456|25034439|STUDENT
25034440|123456|25034440|STUDENT
24041101|123456|24041101|STUDENT
24041102|123456|24041102|STUDENT
24041103|123456|24041103|STUDENT
24041104|123456|24041104|STUDENT
24041105|123456|24041105|STUDENT
24041106|123456|24041106|STUDENT
24041107|123456|24041107|STUDENT
24041108|123456|24041108|STUDENT
24041109|123456|24041109|STUDENT
24041110|123456|24041110|STUDENT
24041111|123456|24041111|STUDENT
24041112|123456|24041112|STUDENT
24041113|123456|24041113|STUDENT
24041114|123456|24041114|STUDENT
24041115|123456|24041115|STUDENT
24041116|123456|24041116|STUDENT
24041117|123456|24041117|STUDENT
24041118|123456|24041118|STUDENT
24041119|123456|24041119|STUDENT
24041120|123456|24041120|STUDENT
24041121|123456|24041121|STUDENT
24041122|123456|24041122|STUDENT
24041123|123456|24041123|STUDENT
24041124|123456|24041124|STUDENT
24041125|123456|24041125|STUDENT
24041126|123456|24041126|STUDENT
24041127|123456|24041127|STUDENT
24041128|123456|24041128|STUDENT
24041129|123456|24041129|STUDENT
24041130|123456|24041130|STUDENT
24041131|123456|24041131|STUDENT
24041132|123456|24041132|STUDENT
24041133|123456|24041133|STUDENT
24041134|123456|24041134|STUDENT
24041135|123456|24041135|STUDENT
24041136|123456|24041136|STUDENT
24041137|123456|24041137|STUDENT
24041138|123456|24041138|STUDENT
24041139|123456|24041139|STUDENT
24041140|123456|24041140|STUDENT
24041201|123456|24041201|STUDENT
24041202|123456|24041202|STUDENT
24041203|123456|24041203|STUDENT
24041204|123456|24041204|STUDENT
24041205|123456|24041205|STUDENT
24041206|123456|24041206|STUDENT
24041207|123456|24041207|STUDENT
24041208|123456|24041208|STUDENT
24041209|123456|24041209|STUDENT
24041210|123456|24041210|STUDENT
24041211|123456|24041211|STUDENT
24041212|123456|24041212|STUDENT
24041213|123456|24041213|STUDENT
24041214|123456|24041214|STUDENT
24041215|123456|24041215|STUDENT
24041216|123456|24041216|STUDENT
24041217|123456|24041217|STUDENT
24041218|123456|24041218|STUDENT
24041219|123456|24041219|STUDENT
24041220|123456|24041220|STUDENT
24041221|123456|24041221|STUDENT
24041222|123456|24041222|STUDENT
24041223|123456|24041223|STUDENT
24041224|123456|24041224|STUDENT
24041225|123456|24041225|STUDENT
24041226|123456|24041226|STUDENT
24041227|123456|24041227|STUDENT
24041228|123456|24041228|STUDENT
24041229|123456|24041229|STUDENT
24041230|123456|24041230|STUDENT
24041231|123456|24041231|STUDENT
24041232|123456|24041232|STUDENT
24041233|123456|24041233|STUDENT
24041234|123456|24041234|STUDENT
24041235|123456|24041235|STUDENT
24041236|123456|24041236|STUDENT
24041237|123456|24041237|STUDENT
24041238|123456|24041238|STUDENT
24041239|123456|24041239|STUDENT
24041240|123456|24041240|STUDENT
24041301|123456|24041301|STUDENT
24041302|123456|24041302|STUDENT
24041303|123456|24041303|STUDENT
24041304|123456|24041304|STUDENT
24041305|123456|24041305|STUDENT
24041306|123456|24041306|STUDENT
24041307|123456|24041307|STUDENT
24041308|123456|24041308|STUDENT
24041309|123456|24041309|STUDENT
24041310|123456|24041310|STUDENT
24041311|123456|24041311|STUDENT
24041312|123456|24041312|STUDENT
24041313|123456|24041313|STUDENT
24041314|123456|24041314|STUDENT
24041315|123456|24041315|STUDENT
24041316|123456|24041316|STUDENT
24041317|123456|24041317|STUDENT
24041318|123456|24041318|STUDENT
24041319|123456|24041319|STUDENT
24041320|123456|24041320|STUDENT
24041321|123456|24041321|STUDENT
24041322|123456|24041322|STUDENT
24041323|123456|24041323|STUDENT
24041324|123456|24041324|STUDENT
24041325|123456|24041325|STUDENT
24041326|123456|24041326|STUDENT
24041327|123456|24041327|STUDENT
24041328|123456|24041328|STUDENT
24041329|123456|24041329|STUDENT
24041330|123456|24041330|STUDENT
24041331|123456|24041331|STUDENT
24041332|123456|24041332|STUDENT
24041333|123456|24041333|STUDENT
24041334|123456|24041334|STUDENT
24041335|123456|24041335|STUDENT
24041336|123456|24041336|STUDENT
24041337|123456|24041337|STUDENT
24041338|123456|24041338|STUDENT
24041339|123456|24041339|STUDENT
24041340|123456|24041340|STUDENT
24041401|123456|24041401|STUDENT
24041402|123456|24041402|STUDENT
24041403|123456|24041403|STUDENT
24041404|123456|24041404|STUDENT
24041405|123456|24041405|STUDENT
24041406|123456|24041406|STUDENT
24041407|123456|24041407|STUDENT
24041408|123456|24041408|STUDENT
24041409|123456|24041409|STUDENT
24041410|123456|24041410|STUDENT
24041411|123456|24041411|STUDENT
24041412|123456|24041412|STUDENT
24041413|123456|24041413|STUDENT
24041414|123456|24041414|STUDENT
24041415|123456|24041415|STUDENT
24041416|123456|24041416|STUDENT
24041417|123456|24041417|STUDENT
24041418|123456|24041418|STUDENT
24041419|123456|24041419|STUDENT
24041420|123456|24041420|STUDENT
24041421|123456|24041421|STUDENT
24041422|123456|24041422|STUDENT
24041423|123456|24041423|STUDENT
24041424|123456|24041424|STUDENT
24041425|123456|24041425|STUDENT
24041426|123456|24041426|STUDENT
24041427|123456|24041427|STUDENT
24041428|123456|24041428|STUDENT
24041429|123456|24041429|STUDENT
24041430|123456|24041430|STUDENT
24041431|123456|24041431|STUDENT
24041432|123456|24041432|STUDENT
24041433|123456|24041433|STUDENT
24041434|123456|24041434|STUDENT
24041435|123456|24041435|STUDENT
24041436|123456|24041436|STUDENT
24041437|123456|24041437|STUDENT
24041438|123456|24041438|STUDENT
24041439|123456|24041439|STUDENT
24041440|123456|24041440|STUDENT
24042101|123456|24042101|STUDENT
24042102|123456|24042102|STUDENT
24042103|123456|24042103|STUDENT
24042104|123456|24042104|STUDENT
24042105|123456|24042105|STUDENT
24042106|123456|24042106|STUDENT
24042107|123456|24042107|STUDENT
24042108|123456|24042108|STUDENT
24042109|123456|24042109|STUDENT
24042110|123456|24042110|STUDENT
24042111|123456|24042111|STUDENT
24042112|123456|24042112|STUDENT
24042113|123456|24042113|STUDENT
24042114|123456|24042114|STUDENT
24042115|123456|24042115|STUDENT
24042116|123456|24042116|STUDENT
24042117|123456|24042117|STUDENT
24042118|123456|24042118|STUDENT
24042119|123456|24042119|STUDENT
24042120|123456|24042120|STUDENT
24042121|123456|24042121|STUDENT
24042122|123456|24042122|STUDENT
24042123|123456|24042123|STUDENT
24042124|123456|24042124|STUDENT
24042125|123456|24042125|STUDENT
24042126|123456|24042126|STUDENT
24042127|123456|24042127|STUDENT
24042128|123456|24042128|STUDENT
24042129|123456|24042129|STUDENT
24042130|123456|24042130|STUDENT
24042131|123456|24042131|STUDENT
24042132|123456|24042132|STUDENT
24042133|123456|24042133|STUDENT
24042134|123456|24042134|STUDENT
24042135|123456|24042135|STUDENT
24042136|123456|24042136|STUDENT
24042137|123456|24042137|STUDENT
24042138|123456|24042138|STUDENT
24042139|123456|24042139|STUDENT
24042140|123456|24042140|STUDENT
24042201|123456|24042201|STUDENT
24042202|123456|24042202|STUDENT
24042203|123456|24042203|STUDENT
24042204|123456|24042204|STUDENT
24042205|123456|24042205|STUDENT
24042206|123456|24042206|STUDENT
24042207|123456|24042207|STUDENT
24042208|123456|24042208|STUDENT
24042209|123456|24042209|STUDENT
24042210|123456|24042210|STUDENT
24042211|123456|24042211|STUDENT
24042212|123456|24042212|STUDENT
24042213|123456|24042213|STUDENT
24042214|123456|24042214|STUDENT
24042215|123456|24042215|STUDENT
24042216|123456|24042216|STUDENT
24042217|123456|24042217|STUDENT
24042218|123456|24042218|STUDENT
24042219|123456|24042219|STUDENT
24042220|123456|24042220|STUDENT
24042221|123456|24042221|STUDENT
24042222|123456|24042222|STUDENT
24042223|123456|24042223|STUDENT
24042224|123456|24042224|STUDENT
24042225|123456|24042225|STUDENT
24042226|123456|24042226|STUDENT
24042227|123456|24042227|STUDENT
24042228|123456|24042228|STUDENT
24042229|123456|24042229|STUDENT
24042230|123456|24042230|STUDENT
24042231|123456|24042231|STUDENT
24042232|123456|24042232|STUDENT
24042233|123456|24042233|STUDENT
24042234|123456|24042234|STUDENT
24042235|123456|24042235|STUDENT
24042236|123456|24042236|STUDENT
24042237|123456|24042237|STUDENT
24042238|123456|24042238|STUDENT
24042239|123456|24042239|STUDENT
24042240|123456|24042240|STUDENT
24042301|123456|24042301|STUDENT
24042302|123456|24042302|STUDENT
24042303|123456|24042303|STUDENT
24042304|123456|24042304|STUDENT
24042305|123456|24042305|STUDENT
24042306|123456|24042306|STUDENT
24042307|123456|24042307|STUDENT
24042308|123456|24042308|STUDENT
24042309|123456|24042309|STUDENT
24042310|123456|24042310|STUDENT
24042311|123456|24042311|STUDENT
24042312|123456|24042312|STUDENT
24042313|123456|24042313|STUDENT
24042314|123456|24042314|STUDENT
24042315|123456|24042315|STUDENT
24042316|123456|24042316|STUDENT
24042317|123456|24042317|STUDENT
24042318|123456|24042318|STUDENT
24042319|123456|24042319|STUDENT
24042320|123456|24042320|STUDENT
24042321|123456|24042321|STUDENT
24042322|123456|24042322|STUDENT
24042323|123456|24042323|STUDENT
24042324|123456|24042324|STUDENT
24042325|123456|24042325|STUDENT
24042326|123456|24042326|STUDENT
24042327|123456|24042327|STUDENT
24042328|123456|24042328|STUDENT
24042329|123456|24042329|STUDENT
24042330|123456|24042330|STUDENT
24042331|123456|24042331|STUDENT
24042332|123456|24042332|STUDENT
24042333|123456|24042333|STUDENT
24042334|123456|24042334|STUDENT
24042335|123456|24042335|STUDENT
24042336|123456|24042336|STUDENT
24042337|123456|24042337|STUDENT
24042338|123456|24042338|STUDENT
24042339|123456|24042339|STUDENT
24042340|123456|24042340|STUDENT
24042401|123456|24042401|STUDENT
24042402|123456|24042402|STUDENT
24042403|123456|24042403|STUDENT
24042404|123456|24042404|STUDENT
24042405|123456|24042405|STUDENT
24042406|123456|24042406|STUDENT
24042407|123456|24042407|STUDENT
24042408|123456|24042408|STUDENT
24042409|123456|24042409|STUDENT
24042410|123456|24042410|STUDENT
24042411|123456|24042411|STUDENT
24042412|123456|24042412|STUDENT
24042413|123456|24042413|STUDENT
24042414|123456|24042414|STUDENT
24042415|123456|24042415|STUDENT
24042416|123456|24042416|STUDENT
24042417|123456|24042417|STUDENT
24042418|123456|24042418|STUDENT
24042419|123456|24042419|STUDENT
24042420|123456|24042420|STUDENT
24042421|123456|24042421|STUDENT
24042422|123456|24042422|STUDENT
24042423|123456|24042423|STUDENT
24042424|123456|24042424|STUDENT
24042425|123456|24042425|STUDENT
24042426|123456|24042426|STUDENT
24042427|123456|24042427|STUDENT
24042428|123456|24042428|STUDENT
24042429|123456|24042429|STUDENT
24042430|123456|24042430|STUDENT
24042431|123456|24042431|STUDENT
24042432|123456|24042432|STUDENT
24042433|123456|24042433|STUDENT
24042434|123456|24042434|STUDENT
24042435|123456|24042435|STUDENT
24042436|123456|24042436|STUDENT
24042437|123456|24042437|STUDENT
24042438|123456|24042438|STUDENT
24042439|123456|24042439|STUDENT
24042440|123456|24042440|STUDENT
24043101|123456|24043101|STUDENT
24043102|123456|24043102|STUDENT
24043103|123456|24043103|STUDENT
24043104|123456|24043104|STUDENT
24043105|123456|24043105|STUDENT
24043106|123456|24043106|STUDENT
24043107|123456|24043107|STUDENT
24043108|123456|24043108|STUDENT
24043109|123456|24043109|STUDENT
24043110|123456|24043110|STUDENT
24043111|123456|24043111|STUDENT
24043112|123456|24043112|STUDENT
24043113|123456|24043113|STUDENT
24043114|123456|24043114|STUDENT
24043115|123456|24043115|STUDENT
24043116|123456|24043116|STUDENT
24043117|123456|24043117|STUDENT
24043118|123456|24043118|STUDENT
24043119|123456|24043119|STUDENT
24043120|123456|24043120|STUDENT
24043121|123456|24043121|STUDENT
24043122|123456|24043122|STUDENT
24043123|123456|24043123|STUDENT
24043124|123456|24043124|STUDENT
24043125|123456|24043125|STUDENT
24043126|123456|24043126|STUDENT
24043127|123456|24043127|STUDENT
24043128|123456|24043128|STUDENT
24043129|123456|24043129|STUDENT
24043130|123456|24043130|STUDENT
24043131|123456|24043131|STUDENT
24043132|123456|24043132|STUDENT
24043133|123456|24043133|STUDENT
24043134|123456|24043134|STUDENT
24043135|123456|24043135|STUDENT
24043136|123456|24043136|STUDENT
24043137|123456|24043137|STUDENT
24043138|123456|24043138|STUDENT
24043139|123456|24043139|STUDENT
24043140|123456|24043140|STUDENT
24043201|123456|24043201|STUDENT
24043202|123456|24043202|STUDENT
24043203|123456|24043203|STUDENT
24043204|123456|24043204|STUDENT
24043205|123456|24043205|STUDENT
24043206|123456|24043206|STUDENT
24043207|123456|24043207|STUDENT
24043208|123456|24043208|STUDENT
24043209|123456|24043209|STUDENT
24043210|123456|24043210|STUDENT
24043211|123456|24043211|STUDENT
24043212|123456|24043212|STUDENT
24043213|123456|24043213|STUDENT
24043214|123456|24043214|STUDENT
24043215|123456|24043215|STUDENT
24043216|123456|24043216|STUDENT
24043217|123456|24043217|STUDENT
24043218|123456|24043218|STUDENT
24043219|123456|24043219|STUDENT
24043220|123456|24043220|STUDENT
24043221|123456|24043221|STUDENT
24043222|123456|24043222|STUDENT
24043223|123456|24043223|STUDENT
24043224|123456|24043224|STUDENT
24043225|123456|24043225|STUDENT
24043226|123456|24043226|STUDENT
24043227|123456|24043227|STUDENT
24043228|123456|24043228|STUDENT
24043229|123456|24043229|STUDENT
24043230|123456|24043230|STUDENT
24043231|123456|24043231|STUDENT
24043232|123456|24043232|STUDENT
24043233|123456|24043233|STUDENT
24043234|123456|24043234|STUDENT
24043235|123456|24043235|STUDENT
24043236|123456|24043236|STUDENT
24043237|123456|24043237|STUDENT
24043238|123456|24043238|STUDENT
24043239|123456|24043239|STUDENT
24043240|123456|24043240|STUDENT
24043301|123456|24043301|STUDENT
24043302|123456|24043302|STUDENT
24043303|123456|24043303|STUDENT
24043304|123456|24043304|STUDENT
24043305|123456|24043305|STUDENT
24043306|123456|24043306|STUDENT
24043307|123456|24043307|STUDENT
24043308|123456|24043308|STUDENT
24043309|123456|24043309|STUDENT
24043310|123456|24043310|STUDENT
24043311|123456|24043311|STUDENT
24043312|123456|24043312|STUDENT
24043313|123456|24043313|STUDENT
24043314|123456|24043314|STUDENT
24043315|123456|24043315|STUDENT
24043316|123456|24043316|STUDENT
24043317|123456|24043317|STUDENT
24043318|123456|24043318|STUDENT
24043319|123456|24043319|STUDENT
24043320|123456|24043320|STUDENT
24043321|123456|24043321|STUDENT
24043322|123456|24043322|STUDENT
24043323|123456|24043323|STUDENT
24043324|123456|24043324|STUDENT
24043325|123456|24043325|STUDENT
24043326|123456|24043326|STUDENT
24043327|123456|24043327|STUDENT
24043328|123456|24043328|STUDENT
24043329|123456|24043329|STUDENT
24043330|123456|24043330|STUDENT
24043331|123456|24043331|STUDENT
24043332|123456|24043332|STUDENT
24043333|123456|24043333|STUDENT
24043334|123456|24043334|STUDENT
24043335|123456|24043335|STUDENT
24043336|123456|24043336|STUDENT
24043337|123456|24043337|STUDENT
24043338|123456|24043338|STUDENT
24043339|123456|24043339|STUDENT
24043340|123456|24043340|STUDENT
24043401|123456|24043401|STUDENT
24043402|123456|24043402|STUDENT
24043403|123456|24043403|STUDENT
24043404|123456|24043404|STUDENT
24043405|123456|24043405|STUDENT
24043406|123456|24043406|STUDENT
24043407|123456|24043407|STUDENT
24043408|123456|24043408|STUDENT
24043409|123456|24043409|STUDENT
24043410|123456|24043410|STUDENT
24043411|123456|24043411|STUDENT
24043412|123456|24043412|STUDENT
24043413|123456|24043413|STUDENT
24043414|123456|24043414|STUDENT
24043415|123456|24043415|STUDENT
24043416|123456|24043416|STUDENT
24043417|123456|24043417|STUDENT
24043418|123456|24043418|STUDENT
24043419|123456|24043419|STUDENT
24043420|123456|24043420|STUDENT
24043421|123456|24043421|STUDENT
24043422|123456|24043422|STUDENT
24043423|123456|24043423|STUDENT
24043424|123456|24043424|STUDENT
24043425|123456|24043425|STUDENT
24043426|123456|24043426|STUDENT
24043427|123456|24043427|STUDENT
24043428|123456|24043428|STUDENT
24043429|123456|24043429|STUDENT
24043430|123456|24043430|STUDENT
24043431|123456|24043431|STUDENT
24043432|123456|24043432|STUDENT
24043433|123456|24043433|STUDENT
24043434|123456|24043434|STUDENT
24043435|123456|24043435|STUDENT
24043436|123456|24043436|STUDENT
24043437|123456|24043437|STUDENT
24043438|123456|24043438|STUDENT
24043439|123456|24043439|STUDENT
24043440|123456|24043440|STUDENT
24044101|123456|24044101|STUDENT
24044102|123456|24044102|STUDENT
24044103|123456|24044103|STUDENT
24044104|123456|24044104|STUDENT
24044105|123456|24044105|STUDENT
24044106|123456|24044106|STUDENT
24044107|123456|24044107|STUDENT
24044108|123456|24044108|STUDENT
24044109|123456|24044109|STUDENT
24044110|123456|24044110|STUDENT
24044111|123456|24044111|STUDENT
24044112|123456|24044112|STUDENT
24044113|123456|24044113|STUDENT
24044114|123456|24044114|STUDENT
24044115|123456|24044115|STUDENT
24044116|123456|24044116|STUDENT
24044117|123456|24044117|STUDENT
24044118|123456|24044118|STUDENT
24044119|123456|24044119|STUDENT
24044120|123456|24044120|STUDENT
24044121|123456|24044121|STUDENT
24044122|123456|24044122|STUDENT
24044123|123456|24044123|STUDENT
24044124|123456|24044124|STUDENT
24044125|123456|24044125|STUDENT
24044126|123456|24044126|STUDENT
24044127|123456|24044127|STUDENT
24044128|123456|24044128|STUDENT
24044129|123456|24044129|STUDENT
24044130|123456|24044130|STUDENT
24044131|123456|24044131|STUDENT
24044132|123456|24044132|STUDENT
24044133|123456|24044133|STUDENT
24044134|123456|24044134|STUDENT
24044135|123456|24044135|STUDENT
24044136|123456|24044136|STUDENT
24044137|123456|24044137|STUDENT
24044138|123456|24044138|STUDENT
24044139|123456|24044139|STUDENT
24044140|123456|24044140|STUDENT
24044201|123456|24044201|STUDENT
24044202|123456|24044202|STUDENT
24044203|123456|24044203|STUDENT
24044204|123456|24044204|STUDENT
24044205|123456|24044205|STUDENT
24044206|123456|24044206|STUDENT
24044207|123456|24044207|STUDENT
24044208|123456|24044208|STUDENT
24044209|123456|24044209|STUDENT
24044210|123456|24044210|STUDENT
24044211|123456|24044211|STUDENT
24044212|123456|24044212|STUDENT
24044213|123456|24044213|STUDENT
24044214|123456|24044214|STUDENT
24044215|123456|24044215|STUDENT
24044216|123456|24044216|STUDENT
24044217|123456|24044217|STUDENT
24044218|123456|24044218|STUDENT
24044219|123456|24044219|STUDENT
24044220|123456|24044220|STUDENT
24044221|123456|24044221|STUDENT
24044222|123456|24044222|STUDENT
24044223|123456|24044223|STUDENT
24044224|123456|24044224|STUDENT
24044225|123456|24044225|STUDENT
24044226|123456|24044226|STUDENT
24044227|123456|24044227|STUDENT
24044228|123456|24044228|STUDENT
24044229|123456|24044229|STUDENT
24044230|123456|24044230|STUDENT
24044231|123456|24044231|STUDENT
24044232|123456|24044232|STUDENT
24044233|123456|24044233|STUDENT
24044234|123456|24044234|STUDENT
24044235|123456|24044235|STUDENT
24044236|123456|24044236|STUDENT
24044237|123456|24044237|STUDENT
24044238|123456|24044238|STUDENT
24044239|123456|24044239|STUDENT
24044240|123456|24044240|STUDENT
24044301|123456|24044301|STUDENT
24044302|123456|24044302|STUDENT
24044303|123456|24044303|STUDENT
24044304|123456|24044304|STUDENT
24044305|123456|24044305|STUDENT
24044306|123456|24044306|STUDENT
24044307|123456|24044307|STUDENT
24044308|123456|24044308|STUDENT
24044309|123456|24044309|STUDENT
24044310|123456|24044310|STUDENT
24044311|123456|24044311|STUDENT
24044312|123456|24044312|STUDENT
24044313|123456|24044313|STUDENT
24044314|123456|24044314|STUDENT
24044315|123456|24044315|STUDENT
24044316|123456|24044316|STUDENT
24044317|123456|24044317|STUDENT
24044318|123456|24044318|STUDENT
24044319|123456|24044319|STUDENT
24044320|123456|24044320|STUDENT
24044321|123456|24044321|STUDENT
24044322|123456|24044322|STUDENT
24044323|123456|24044323|STUDENT
24044324|123456|24044324|STUDENT
24044325|123456|24044325|STUDENT
24044326|123456|24044326|STUDENT
24044327|123456|24044327|STUDENT
24044328|123456|24044328|STUDENT
24044329|123456|24044329|STUDENT
24044330|123456|24044330|STUDENT
24044331|123456|24044331|STUDENT
24044332|123456|24044332|STUDENT
24044333|123456|24044333|STUDENT
24044334|123456|24044334|STUDENT
24044335|123456|24044335|STUDENT
24044336|123456|24044336|STUDENT
24044337|123456|24044337|STUDENT
24044338|123456|24044338|STUDENT
24044339|123456|24044339|STUDENT
24044340|123456|24044340|STUDENT
24044401|123456|24044401|STUDENT
24044402|123456|24044402|STUDENT
24044403|123456|24044403|STUDENT
24044404|123456|24044404|STUDENT
24044405|123456|24044405|STUDENT
24044406|123456|24044406|STUDENT
24044407|123456|24044407|STUDENT
24044408|123456|24044408|STUDENT
24044409|123456|24044409|STUDENT
24044410|123456|24044410|STUDENT
24044411|123456|24044411|STUDENT
24044412|123456|24044412|STUDENT
24044413|123456|24044413|STUDENT
24044414|123456|24044414|STUDENT
24044415|123456|24044415|STUDENT
24044416|123456|24044416|STUDENT
24044417|123456|24044417|STUDENT
24044418|123456|24044418|STUDENT
24044419|123456|24044419|STUDENT
24044420|123456|24044420|STUDENT
24044421|123456|24044421|STUDENT
24044422|123456|24044422|STUDENT
24044423|123456|24044423|STUDENT
24044424|123456|24044424|STUDENT
24044425|123456|24044425|STUDENT
24044426|123456|24044426|STUDENT
24044427|123456|24044427|STUDENT
24044428|123456|24044428|STUDENT
24044429|123456|24044429|STUDENT
24044430|123456|24044430|STUDENT
24044431|123456|24044431|STUDENT
24044432|123456|24044432|STUDENT
24044433|123456|24044433|STUDENT
24044434|123456|24044434|STUDENT
24044435|123456|24044435|STUDENT
24044436|123456|24044436|STUDENT
24044437|123456|24044437|STUDENT
24044438|123456|24044438|STUDENT
24044439|123456|24044439|STUDENT
24044440|123456|24044440|STUDENT
25041101|123456|25041101|STUDENT
25041102|123456|25041102|STUDENT
25041103|123456|25041103|STUDENT
25041104|123456|25041104|STUDENT
25041105|123456|25041105|STUDENT
25041106|123456|25041106|STUDENT
25041107|123456|25041107|STUDENT
25041108|123456|25041108|STUDENT
25041109|123456|25041109|STUDENT
25041110|123456|25041110|STUDENT
25041111|123456|25041111|STUDENT
25041112|123456|25041112|STUDENT
25041113|123456|25041113|STUDENT
25041114|123456|25041114|STUDENT
25041115|123456|25041115|STUDENT
25041116|123456|25041116|STUDENT
25041117|123456|25041117|STUDENT
25041118|123456|25041118|STUDENT
25041119|123456|25041119|STUDENT
25041120|123456|25041120|STUDENT
25041121|123456|25041121|STUDENT
25041122|123456|25041122|STUDENT
25041123|123456|25041123|STUDENT
25041124|123456|25041124|STUDENT
25041125|123456|25041125|STUDENT
25041126|123456|25041126|STUDENT
25041127|123456|25041127|STUDENT
25041128|123456|25041128|STUDENT
25041129|123456|25041129|STUDENT
25041130|123456|25041130|STUDENT
25041131|123456|25041131|STUDENT
25041132|123456|25041132|STUDENT
25041133|123456|25041133|STUDENT
25041134|123456|25041134|STUDENT
25041135|123456|25041135|STUDENT
25041136|123456|25041136|STUDENT
25041137|123456|25041137|STUDENT
25041138|123456|25041138|STUDENT
25041139|123456|25041139|STUDENT
25041140|123456|25041140|STUDENT
25041201|123456|25041201|STUDENT
25041202|123456|25041202|STUDENT
25041203|123456|25041203|STUDENT
25041204|123456|25041204|STUDENT
25041205|123456|25041205|STUDENT
25041206|123456|25041206|STUDENT
25041207|123456|25041207|STUDENT
25041208|123456|25041208|STUDENT
25041209|123456|25041209|STUDENT
25041210|123456|25041210|STUDENT
25041211|123456|25041211|STUDENT
25041212|123456|25041212|STUDENT
25041213|123456|25041213|STUDENT
25041214|123456|25041214|STUDENT
25041215|123456|25041215|STUDENT
25041216|123456|25041216|STUDENT
25041217|123456|25041217|STUDENT
25041218|123456|25041218|STUDENT
25041219|123456|25041219|STUDENT
25041220|123456|25041220|STUDENT
25041221|123456|25041221|STUDENT
25041222|123456|25041222|STUDENT
25041223|123456|25041223|STUDENT
25041224|123456|25041224|STUDENT
25041225|123456|25041225|STUDENT
25041226|123456|25041226|STUDENT
25041227|123456|25041227|STUDENT
25041228|123456|25041228|STUDENT
25041229|123456|25041229|STUDENT
25041230|123456|25041230|STUDENT
25041231|123456|25041231|STUDENT
25041232|123456|25041232|STUDENT
25041233|123456|25041233|STUDENT
25041234|123456|25041234|STUDENT
25041235|123456|25041235|STUDENT
25041236|123456|25041236|STUDENT
25041237|123456|25041237|STUDENT
25041238|123456|25041238|STUDENT
25041239|123456|25041239|STUDENT
25041240|123456|25041240|STUDENT
25041301|123456|25041301|STUDENT
25041302|123456|25041302|STUDENT
25041303|123456|25041303|STUDENT
25041304|123456|25041304|STUDENT
25041305|123456|25041305|STUDENT
25041306|123456|25041306|STUDENT
25041307|123456|25041307|STUDENT
25041308|123456|25041308|STUDENT
25041309|123456|25041309|STUDENT
25041310|123456|25041310|STUDENT
25041311|123456|25041311|STUDENT
25041312|123456|25041312|STUDENT
25041313|123456|25041313|STUDENT
25041314|123456|25041314|STUDENT
25041315|123456|25041315|STUDENT
25041316|123456|25041316|STUDENT
25041317|123456|25041317|STUDENT
25041318|123456|25041318|STUDENT
25041319|123456|25041319|STUDENT
25041320|123456|25041320|STUDENT
25041321|123456|25041321|STUDENT
25041322|123456|25041322|STUDENT
25041323|123456|25041323|STUDENT
25041324|123456|25041324|STUDENT
25041325|123456|25041325|STUDENT
25041326|123456|25041326|STUDENT
25041327|123456|25041327|STUDENT
25041328|123456|25041328|STUDENT
25041329|123456|25041329|STUDENT
25041330|123456|25041330|STUDENT
25041331|123456|25041331|STUDENT
25041332|123456|25041332|STUDENT
25041333|123456|25041333|STUDENT
25041334|123456|25041334|STUDENT
25041335|123456|25041335|STUDENT
25041336|123456|25041336|STUDENT
25041337|123456|25041337|STUDENT
25041338|123456|25041338|STUDENT
25041339|123456|25041339|STUDENT
25041340|123456|25041340|STUDENT
25041401|123456|25041401|STUDENT
25041402|123456|25041402|STUDENT
25041403|123456|25041403|STUDENT
25041404|123456|25041404|STUDENT
25041405|123456|25041405|STUDENT
25041406|123456|25041406|STUDENT
25041407|123456|25041407|STUDENT
25041408|123456|25041408|STUDENT
25041409|123456|25041409|STUDENT
25041410|123456|25041410|STUDENT
25041411|123456|25041411|STUDENT
25041412|123456|25041412|STUDENT
25041413|123456|25041413|STUDENT
25041414|123456|25041414|STUDENT
25041415|123456|25041415|STUDENT
25041416|123456|25041416|STUDENT
25041417|123456|25041417|STUDENT
25041418|123456|25041418|STUDENT
25041419|123456|25041419|STUDENT
25041420|123456|25041420|STUDENT
25041421|123456|25041421|STUDENT
25041422|123456|25041422|STUDENT
25041423|123456|25041423|STUDENT
25041424|123456|25041424|STUDENT
25041425|123456|25041425|STUDENT
25041426|123456|25041426|STUDENT
25041427|123456|25041427|STUDENT
25041428|123456|25041428|STUDENT
25041429|123456|25041429|STUDENT
25041430|123456|25041430|STUDENT
25041431|123456|25041431|STUDENT
25041432|123456|25041432|STUDENT
25041433|123456|25041433|STUDENT
25041434|123456|25041434|STUDENT
25041435|123456|25041435|STUDENT
25041436|123456|25041436|STUDENT
25041437|123456|25041437|STUDENT
25041438|123456|25041438|STUDENT
25041439|123456|25041439|STUDENT
25041440|123456|25041440|STUDENT
25042101|123456|25042101|STUDENT
25042102|123456|25042102|STUDENT
25042103|123456|25042103|STUDENT
25042104|123456|25042104|STUDENT
25042105|123456|25042105|STUDENT
25042106|123456|25042106|STUDENT
25042107|123456|25042107|STUDENT
25042108|123456|25042108|STUDENT
25042109|123456|25042109|STUDENT
25042110|123456|25042110|STUDENT
25042111|123456|25042111|STUDENT
25042112|123456|25042112|STUDENT
25042113|123456|25042113|STUDENT
25042114|123456|25042114|STUDENT
25042115|123456|25042115|STUDENT
25042116|123456|25042116|STUDENT
25042117|123456|25042117|STUDENT
25042118|123456|25042118|STUDENT
25042119|123456|25042119|STUDENT
25042120|123456|25042120|STUDENT
25042121|123456|25042121|STUDENT
25042122|123456|25042122|STUDENT
25042123|123456|25042123|STUDENT
25042124|123456|25042124|STUDENT
25042125|123456|25042125|STUDENT
25042126|123456|25042126|STUDENT
25042127|123456|25042127|STUDENT
25042128|123456|25042128|STUDENT
25042129|123456|25042129|STUDENT
25042130|123456|25042130|STUDENT
25042131|123456|25042131|STUDENT
25042132|123456|25042132|STUDENT
25042133|123456|25042133|STUDENT
25042134|123456|25042134|STUDENT
25042135|123456|25042135|STUDENT
25042136|123456|25042136|STUDENT
25042137|123456|25042137|STUDENT
25042138|123456|25042138|STUDENT
25042139|123456|25042139|STUDENT
25042140|123456|25042140|STUDENT
25042201|123456|25042201|STUDENT
25042202|123456|25042202|STUDENT
25042203|123456|25042203|STUDENT
25042204|123456|25042204|STUDENT
25042205|123456|25042205|STUDENT
25042206|123456|25042206|STUDENT
25042207|123456|25042207|STUDENT
25042208|123456|25042208|STUDENT
25042209|123456|25042209|STUDENT
25042210|123456|25042210|STUDENT
25042211|123456|25042211|STUDENT
25042212|123456|25042212|STUDENT
25042213|123456|25042213|STUDENT
25042214|123456|25042214|STUDENT
25042215|123456|25042215|STUDENT
25042216|123456|25042216|STUDENT
25042217|123456|25042217|STUDENT
25042218|123456|25042218|STUDENT
25042219|123456|25042219|STUDENT
25042220|123456|25042220|STUDENT
25042221|123456|25042221|STUDENT
25042222|123456|25042222|STUDENT
25042223|123456|25042223|STUDENT
25042224|123456|25042224|STUDENT
25042225|123456|25042225|STUDENT
25042226|123456|25042226|STUDENT
25042227|123456|25042227|STUDENT
25042228|123456|25042228|STUDENT
25042229|123456|25042229|STUDENT
25042230|123456|25042230|STUDENT
25042231|123456|25042231|STUDENT
25042232|123456|25042232|STUDENT
25042233|123456|25042233|STUDENT
25042234|123456|25042234|STUDENT
25042235|123456|25042235|STUDENT
25042236|123456|25042236|STUDENT
25042237|123456|25042237|STUDENT
25042238|123456|25042238|STUDENT
25042239|123456|25042239|STUDENT
25042240|123456|25042240|STUDENT
25042301|123456|25042301|STUDENT
25042302|123456|25042302|STUDENT
25042303|123456|25042303|STUDENT
25042304|123456|25042304|STUDENT
25042305|123456|25042305|STUDENT
25042306|123456|25042306|STUDENT
25042307|123456|25042307|STUDENT
25042308|123456|25042308|STUDENT
25042309|123456|25042309|STUDENT
25042310|123456|25042310|STUDENT
25042311|123456|25042311|STUDENT
25042312|123456|25042312|STUDENT
25042313|123456|25042313|STUDENT
25042314|123456|25042314|STUDENT
25042315|123456|25042315|STUDENT
25042316|123456|25042316|STUDENT
25042317|123456|25042317|STUDENT
25042318|123456|25042318|STUDENT
25042319|123456|25042319|STUDENT
25042320|123456|25042320|STUDENT
25042321|123456|25042321|STUDENT
25042322|123456|25042322|STUDENT
25042323|123456|25042323|STUDENT
25042324|123456|25042324|STUDENT
25042325|123456|25042325|STUDENT
25042326|123456|25042326|STUDENT
25042327|123456|25042327|STUDENT
25042328|123456|25042328|STUDENT
25042329|123456|25042329|STUDENT
25042330|123456|25042330|STUDENT
25042331|123456|25042331|STUDENT
25042332|123456|25042332|STUDENT
25042333|123456|25042333|STUDENT
25042334|123456|25042334|STUDENT
25042335|123456|25042335|STUDENT
25042336|123456|25042336|STUDENT
25042337|123456|25042337|STUDENT
25042338|123456|25042338|STUDENT
25042339|123456|25042339|STUDENT
25042340|123456|25042340|STUDENT
25042401|123456|25042401|STUDENT
25042402|123456|25042402|STUDENT
25042403|123456|25042403|STUDENT
25042404|123456|25042404|STUDENT
25042405|123456|25042405|STUDENT
25042406|123456|25042406|STUDENT
25042407|123456|25042407|STUDENT
25042408|123456|25042408|STUDENT
25042409|123456|25042409|STUDENT
25042410|123456|25042410|STUDENT
25042411|123456|25042411|STUDENT
25042412|123456|25042412|STUDENT
25042413|123456|25042413|STUDENT
25042414|123456|25042414|STUDENT
25042415|123456|25042415|STUDENT
25042416|123456|25042416|STUDENT
25042417|123456|25042417|STUDENT
25042418|123456|25042418|STUDENT
25042419|123456|25042419|STUDENT
25042420|123456|25042420|STUDENT
25042421|123456|25042421|STUDENT
25042422|123456|25042422|STUDENT
25042423|123456|25042423|STUDENT
25042424|123456|25042424|STUDENT
25042425|123456|25042425|STUDENT
25042426|123456|25042426|STUDENT
25042427|123456|25042427|STUDENT
25042428|123456|25042428|STUDENT
25042429|123456|25042429|STUDENT
25042430|123456|25042430|STUDENT
25042431|123456|25042431|STUDENT
25042432|123456|25042432|STUDENT
25042433|123456|25042433|STUDENT
25042434|123456|25042434|STUDENT
25042435|123456|25042435|STUDENT
25042436|123456|25042436|STUDENT
25042437|123456|25042437|STUDENT
25042438|123456|25042438|STUDENT
25042439|123456|25042439|STUDENT
25042440|123456|25042440|STUDENT
25043101|123456|25043101|STUDENT
25043102|123456|25043102|STUDENT
25043103|123456|25043103|STUDENT
25043104|123456|25043104|STUDENT
25043105|123456|25043105|STUDENT
25043106|123456|25043106|STUDENT
25043107|123456|25043107|STUDENT
25043108|123456|25043108|STUDENT
25043109|123456|25043109|STUDENT
25043110|123456|25043110|STUDENT
25043111|123456|25043111|STUDENT
25043112|123456|25043112|STUDENT
25043113|123456|25043113|STUDENT
25043114|123456|25043114|STUDENT
25043115|123456|25043115|STUDENT
25043116|123456|25043116|STUDENT
25043117|123456|25043117|STUDENT
25043118|123456|25043118|STUDENT
25043119|123456|25043119|STUDENT
25043120|123456|25043120|STUDENT
25043121|123456|25043121|STUDENT
25043122|123456|25043122|STUDENT
25043123|123456|25043123|STUDENT
25043124|123456|25043124|STUDENT
25043125|123456|25043125|STUDENT
25043126|123456|25043126|STUDENT
25043127|123456|25043127|STUDENT
25043128|123456|25043128|STUDENT
25043129|123456|25043129|STUDENT
25043130|123456|25043130|STUDENT
25043131|123456|25043131|STUDENT
25043132|123456|25043132|STUDENT
25043133|123456|25043133|STUDENT
25043134|123456|25043134|STUDENT
25043135|123456|25043135|STUDENT
25043136|123456|25043136|STUDENT
25043137|123456|25043137|STUDENT
25043138|123456|25043138|STUDENT
25043139|123456|25043139|STUDENT
25043140|123456|25043140|STUDENT
25043201|123456|25043201|STUDENT
25043202|123456|25043202|STUDENT
25043203|123456|25043203|STUDENT
25043204|123456|25043204|STUDENT
25043205|123456|25043205|STUDENT
25043206|123456|25043206|STUDENT
25043207|123456|25043207|STUDENT
25043208|123456|25043208|STUDENT
25043209|123456|25043209|STUDENT
25043210|123456|25043210|STUDENT
25043211|123456|25043211|STUDENT
25043212|123456|25043212|STUDENT
25043213|123456|25043213|STUDENT
25043214|123456|25043214|STUDENT
25043215|123456|25043215|STUDENT
25043216|123456|25043216|STUDENT
25043217|123456|25043217|STUDENT
25043218|123456|25043218|STUDENT
25043219|123456|25043219|STUDENT
25043220|123456|25043220|STUDENT
25043221|123456|25043221|STUDENT
25043222|123456|25043222|STUDENT
25043223|123456|25043223|STUDENT
25043224|123456|25043224|STUDENT
25043225|123456|25043225|STUDENT
25043226|123456|25043226|STUDENT
25043227|123456|25043227|STUDENT
25043228|123456|25043228|STUDENT
25043229|123456|25043229|STUDENT
25043230|123456|25043230|STUDENT
25043231|123456|25043231|STUDENT
25043232|123456|25043232|STUDENT
25043233|123456|25043233|STUDENT
25043234|123456|25043234|STUDENT
25043235|123456|25043235|STUDENT
25043236|123456|25043236|STUDENT
25043237|123456|25043237|STUDENT
25043238|123456|25043238|STUDENT
25043239|123456|25043239|STUDENT
25043240|123456|25043240|STUDENT
25043301|123456|25043301|STUDENT
25043302|123456|25043302|STUDENT
25043303|123456|25043303|STUDENT
25043304|123456|25043304|STUDENT
25043305|123456|25043305|STUDENT
25043306|123456|25043306|STUDENT
25043307|123456|25043307|STUDENT
25043308|123456|25043308|STUDENT
25043309|123456|25043309|STUDENT
25043310|123456|25043310|STUDENT
25043311|123456|25043311|STUDENT
25043312|123456|25043312|STUDENT
25043313|123456|25043313|STUDENT
25043314|123456|25043314|STUDENT
25043315|123456|25043315|STUDENT
25043316|123456|25043316|STUDENT
25043317|123456|25043317|STUDENT
25043318|123456|25043318|STUDENT
25043319|123456|25043319|STUDENT
25043320|123456|25043320|STUDENT
25043321|123456|25043321|STUDENT
25043322|123456|25043322|STUDENT
25043323|123456|25043323|STUDENT
25043324|123456|25043324|STUDENT
25043325|123456|25043325|STUDENT
25043326|123456|25043326|STUDENT
25043327|123456|25043327|STUDENT
25043328|123456|25043328|STUDENT
25043329|123456|25043329|STUDENT
25043330|123456|25043330|STUDENT
25043331|123456|25043331|STUDENT
25043332|123456|25043332|STUDENT
25043333|123456|25043333|STUDENT
25043334|123456|25043334|STUDENT
25043335|123456|25043335|STUDENT
25043336|123456|25043336|STUDENT
25043337|123456|25043337|STUDENT
25043338|123456|25043338|STUDENT
25043339|123456|25043339|STUDENT
25043340|123456|25043340|STUDENT
25043401|123456|25043401|STUDENT
25043402|123456|25043402|STUDENT
25043403|123456|25043403|STUDENT
25043404|123456|25043404|STUDENT
25043405|123456|25043405|STUDENT
25043406|123456|25043406|STUDENT
25043407|123456|25043407|STUDENT
25043408|123456|25043408|STUDENT
25043409|123456|25043409|STUDENT
25043410|123456|25043410|STUDENT
25043411|123456|25043411|STUDENT
25043412|123456|25043412|STUDENT
25043413|123456|25043413|STUDENT
25043414|123456|25043414|STUDENT
25043415|123456|25043415|STUDENT
25043416|123456|25043416|STUDENT
25043417|123456|25043417|STUDENT
25043418|123456|25043418|STUDENT
25043419|123456|25043419|STUDENT
25043420|123456|25043420|STUDENT
25043421|123456|25043421|STUDENT
25043422|123456|25043422|STUDENT
25043423|123456|25043423|STUDENT
25043424|123456|25043424|STUDENT
25043425|123456|25043425|STUDENT
25043426|123456|25043426|STUDENT
25043427|123456|25043427|STUDENT
25043428|123456|25043428|STUDENT
25043429|123456|25043429|STUDENT
25043430|123456|25043430|STUDENT
25043431|123456|25043431|STUDENT
25043432|123456|25043432|STUDENT
25043433|123456|25043433|STUDENT
25043434|123456|25043434|STUDENT
25043435|123456|25043435|STUDENT
25043436|123456|25043436|STUDENT
25043437|123456|25043437|STUDENT
25043438|123456|25043438|STUDENT
25043439|123456|25043439|STUDENT
25043440|123456|25043440|STUDENT
25044101|123456|25044101|STUDENT
25044102|123456|25044102|STUDENT
25044103|123456|25044103|STUDENT
25044104|123456|25044104|STUDENT
25044105|123456|25044105|STUDENT
25044106|123456|25044106|STUDENT
25044107|123456|25044107|STUDENT
25044108|123456|25044108|STUDENT
25044109|123456|25044109|STUDENT
25044110|123456|25044110|STUDENT
25044111|123456|25044111|STUDENT
25044112|123456|25044112|STUDENT
25044113|123456|25044113|STUDENT
25044114|123456|25044114|STUDENT
25044115|123456|25044115|STUDENT
25044116|123456|25044116|STUDENT
25044117|123456|25044117|STUDENT
25044118|123456|25044118|STUDENT
25044119|123456|25044119|STUDENT
25044120|123456|25044120|STUDENT
25044121|123456|25044121|STUDENT
25044122|123456|25044122|STUDENT
25044123|123456|25044123|STUDENT
25044124|123456|25044124|STUDENT
25044125|123456|25044125|STUDENT
25044126|123456|25044126|STUDENT
25044127|123456|25044127|STUDENT
25044128|123456|25044128|STUDENT
25044129|123456|25044129|STUDENT
25044130|123456|25044130|STUDENT
25044131|123456|25044131|STUDENT
25044132|123456|25044132|STUDENT
25044133|123456|25044133|STUDENT
25044134|123456|25044134|STUDENT
25044135|123456|25044135|STUDENT
25044136|123456|25044136|STUDENT
25044137|123456|25044137|STUDENT
25044138|123456|25044138|STUDENT
25044139|123456|25044139|STUDENT
25044140|123456|25044140|STUDENT
25044201|123456|25044201|STUDENT
25044202|123456|25044202|STUDENT
25044203|123456|25044203|STUDENT
25044204|123456|25044204|STUDENT
25044205|123456|25044205|STUDENT
25044206|123456|25044206|STUDENT
25044207|123456|25044207|STUDENT
25044208|123456|25044208|STUDENT
25044209|123456|25044209|STUDENT
25044210|123456|25044210|STUDENT
25044211|123456|25044211|STUDENT
25044212|123456|25044212|STUDENT
25044213|123456|25044213|STUDENT
25044214|123456|25044214|STUDENT
25044215|123456|25044215|STUDENT
25044216|123456|25044216|STUDENT
25044217|123456|25044217|STUDENT
25044218|123456|25044218|STUDENT
25044219|123456|25044219|STUDENT
25044220|123456|25044220|STUDENT
25044221|123456|25044221|STUDENT
25044222|123456|25044222|STUDENT
25044223|123456|25044223|STUDENT
25044224|123456|25044224|STUDENT
25044225|123456|25044225|STUDENT
25044226|123456|25044226|STUDENT
25044227|123456|25044227|STUDENT
25044228|123456|25044228|STUDENT
25044229|123456|25044229|STUDENT
25044230|123456|25044230|STUDENT
25044231|123456|25044231|STUDENT
25044232|123456|25044232|STUDENT
25044233|123456|25044233|STUDENT
25044234|123456|25044234|STUDENT
25044235|123456|25044235|STUDENT
25044236|123456|25044236|STUDENT
25044237|123456|25044237|STUDENT
25044238|123456|25044238|STUDENT
25044239|123456|25044239|STUDENT
25044240|123456|25044240|STUDENT
25044301|123456|25044301|STUDENT
25044302|123456|25044302|STUDENT
25044303|123456|25044303|STUDENT
25044304|123456|25044304|STUDENT
25044305|123456|25044305|STUDENT
25044306|123456|25044306|STUDENT
25044307|123456|25044307|STUDENT
25044308|123456|25044308|STUDENT
25044309|123456|25044309|STUDENT
25044310|123456|25044310|STUDENT
25044311|123456|25044311|STUDENT
25044312|123456|25044312|STUDENT
25044313|123456|25044313|STUDENT
25044314|123456|25044314|STUDENT
25044315|123456|25044315|STUDENT
25044316|123456|25044316|STUDENT
25044317|123456|25044317|STUDENT
25044318|123456|25044318|STUDENT
25044319|123456|25044319|STUDENT
25044320|123456|25044320|STUDENT
25044321|123456|25044321|STUDENT
25044322|123456|25044322|STUDENT
25044323|123456|25044323|STUDENT
25044324|123456|25044324|STUDENT
25044325|123456|25044325|STUDENT
25044326|123456|25044326|STUDENT
25044327|123456|25044327|STUDENT
25044328|123456|25044328|STUDENT
25044329|123456|25044329|STUDENT
25044330|123456|25044330|STUDENT
25044331|123456|25044331|STUDENT
25044332|123456|25044332|STUDENT
25044333|123456|25044333|STUDENT
25044334|123456|25044334|STUDENT
25044335|123456|25044335|STUDENT
25044336|123456|25044336|STUDENT
25044337|123456|25044337|STUDENT
25044338|123456|25044338|STUDENT
25044339|123456|25044339|STUDENT
25044340|123456|25044340|STUDENT
25044401|123456|25044401|STUDENT
25044402|123456|25044402|STUDENT
25044403|123456|25044403|STUDENT
25044404|123456|25044404|STUDENT
25044405|123456|25044405|STUDENT
25044406|123456|25044406|STUDENT
25044407|123456|25044407|STUDENT
25044408|123456|25044408|STUDENT
25044409|123456|25044409|STUDENT
25044410|123456|25044410|STUDENT
25044411|123456|25044411|STUDENT
25044412|123456|25044412|STUDENT
25044413|123456|25044413|STUDENT
25044414|123456|25044414|STUDENT
25044415|123456|25044415|STUDENT
25044416|123456|25044416|STUDENT
25044417|123456|25044417|STUDENT
25044418|123456|25044418|STUDENT
25044419|123456|25044419|STUDENT
25044420|123456|25044420|STUDENT
25044421|123456|25044421|STUDENT
25044422|123456|25044422|STUDENT
25044423|123456|25044423|STUDENT
25044424|123456|25044424|STUDENT
25044425|123456|25044425|STUDENT
25044426|123456|25044426|STUDENT
25044427|123456|25044427|STUDENT
25044428|123456|25044428|STUDENT
25044429|123456|25044429|STUDENT
25044430|123456|25044430|STUDENT
25044431|123456|25044431|STUDENT
25044432|123456|25044432|STUDENT
25044433|123456|25044433|STUDENT
25044434|123456|25044434|STUDENT
25044435|123456|25044435|STUDENT
25044436|123456|25044436|STUDENT
25044437|123456|25044437|STUDENT
25044438|123456|25044438|STUDENT
25044439|123456|25044439|STUDENT
25044440|123456|25044440|STUDENT
24051101|123456|24051101|STUDENT
24051102|123456|24051102|STUDENT
24051103|123456|24051103|STUDENT
24051104|123456|24051104|STUDENT
24051105|123456|24051105|STUDENT
24051106|123456|24051106|STUDENT
24051107|123456|24051107|STUDENT
24051108|123456|24051108|STUDENT
24051109|123456|24051109|STUDENT
24051110|123456|24051110|STUDENT
24051111|123456|24051111|STUDENT
24051112|123456|24051112|STUDENT
24051113|123456|24051113|STUDENT
24051114|123456|24051114|STUDENT
24051115|123456|24051115|STUDENT
24051116|123456|24051116|STUDENT
24051117|123456|24051117|STUDENT
24051118|123456|24051118|STUDENT
24051119|123456|24051119|STUDENT
24051120|123456|24051120|STUDENT
24051121|123456|24051121|STUDENT
24051122|123456|24051122|STUDENT
24051123|123456|24051123|STUDENT
24051124|123456|24051124|STUDENT
24051125|123456|24051125|STUDENT
24051126|123456|24051126|STUDENT
24051127|123456|24051127|STUDENT
24051128|123456|24051128|STUDENT
24051129|123456|24051129|STUDENT
24051130|123456|24051130|STUDENT
24051131|123456|24051131|STUDENT
24051132|123456|24051132|STUDENT
24051133|123456|24051133|STUDENT
24051134|123456|24051134|STUDENT
24051135|123456|24051135|STUDENT
24051136|123456|24051136|STUDENT
24051137|123456|24051137|STUDENT
24051138|123456|24051138|STUDENT
24051139|123456|24051139|STUDENT
24051140|123456|24051140|STUDENT
24051201|123456|24051201|STUDENT
24051202|123456|24051202|STUDENT
24051203|123456|24051203|STUDENT
24051204|123456|24051204|STUDENT
24051205|123456|24051205|STUDENT
24051206|123456|24051206|STUDENT
24051207|123456|24051207|STUDENT
24051208|123456|24051208|STUDENT
24051209|123456|24051209|STUDENT
24051210|123456|24051210|STUDENT
24051211|123456|24051211|STUDENT
24051212|123456|24051212|STUDENT
24051213|123456|24051213|STUDENT
24051214|123456|24051214|STUDENT
24051215|123456|24051215|STUDENT
24051216|123456|24051216|STUDENT
24051217|123456|24051217|STUDENT
24051218|123456|24051218|STUDENT
24051219|123456|24051219|STUDENT
24051220|123456|24051220|STUDENT
24051221|123456|24051221|STUDENT
24051222|123456|24051222|STUDENT
24051223|123456|24051223|STUDENT
24051224|123456|24051224|STUDENT
24051225|123456|24051225|STUDENT
24051226|123456|24051226|STUDENT
24051227|123456|24051227|STUDENT
24051228|123456|24051228|STUDENT
24051229|123456|24051229|STUDENT
24051230|123456|24051230|STUDENT
24051231|123456|24051231|STUDENT
24051232|123456|24051232|STUDENT
24051233|123456|24051233|STUDENT
24051234|123456|24051234|STUDENT
24051235|123456|24051235|STUDENT
24051236|123456|24051236|STUDENT
24051237|123456|24051237|STUDENT
24051238|123456|24051238|STUDENT
24051239|123456|24051239|STUDENT
24051240|123456|24051240|STUDENT
24051301|123456|24051301|STUDENT
24051302|123456|24051302|STUDENT
24051303|123456|24051303|STUDENT
24051304|123456|24051304|STUDENT
24051305|123456|24051305|STUDENT
24051306|123456|24051306|STUDENT
24051307|123456|24051307|STUDENT
24051308|123456|24051308|STUDENT
24051309|123456|24051309|STUDENT
24051310|123456|24051310|STUDENT
24051311|123456|24051311|STUDENT
24051312|123456|24051312|STUDENT
24051313|123456|24051313|STUDENT
24051314|123456|24051314|STUDENT
24051315|123456|24051315|STUDENT
24051316|123456|24051316|STUDENT
24051317|123456|24051317|STUDENT
24051318|123456|24051318|STUDENT
24051319|123456|24051319|STUDENT
24051320|123456|24051320|STUDENT
24051321|123456|24051321|STUDENT
24051322|123456|24051322|STUDENT
24051323|123456|24051323|STUDENT
24051324|123456|24051324|STUDENT
24051325|123456|24051325|STUDENT
24051326|123456|24051326|STUDENT
24051327|123456|24051327|STUDENT
24051328|123456|24051328|STUDENT
24051329|123456|24051329|STUDENT
24051330|123456|24051330|STUDENT
24051331|123456|24051331|STUDENT
24051332|123456|24051332|STUDENT
24051333|123456|24051333|STUDENT
24051334|123456|24051334|STUDENT
24051335|123456|24051335|STUDENT
24051336|123456|24051336|STUDENT
24051337|123456|24051337|STUDENT
24051338|123456|24051338|STUDENT
24051339|123456|24051339|STUDENT
24051340|123456|24051340|STUDENT
24051401|123456|24051401|STUDENT
24051402|123456|24051402|STUDENT
24051403|123456|24051403|STUDENT
24051404|123456|24051404|STUDENT
24051405|123456|24051405|STUDENT
24051406|123456|24051406|STUDENT
24051407|123456|24051407|STUDENT
24051408|123456|24051408|STUDENT
24051409|123456|24051409|STUDENT
24051410|123456|24051410|STUDENT
24051411|123456|24051411|STUDENT
24051412|123456|24051412|STUDENT
24051413|123456|24051413|STUDENT
24051414|123456|24051414|STUDENT
24051415|123456|24051415|STUDENT
24051416|123456|24051416|STUDENT
24051417|123456|24051417|STUDENT
24051418|123456|24051418|STUDENT
24051419|123456|24051419|STUDENT
24051420|123456|24051420|STUDENT
24051421|123456|24051421|STUDENT
24051422|123456|24051422|STUDENT
24051423|123456|24051423|STUDENT
24051424|123456|24051424|STUDENT
24051425|123456|24051425|STUDENT
24051426|123456|24051426|STUDENT
24051427|123456|24051427|STUDENT
24051428|123456|24051428|STUDENT
24051429|123456|24051429|STUDENT
24051430|123456|24051430|STUDENT
24051431|123456|24051431|STUDENT
24051432|123456|24051432|STUDENT
24051433|123456|24051433|STUDENT
24051434|123456|24051434|STUDENT
24051435|123456|24051435|STUDENT
24051436|123456|24051436|STUDENT
24051437|123456|24051437|STUDENT
24051438|123456|24051438|STUDENT
24051439|123456|24051439|STUDENT
24051440|123456|24051440|STUDENT
24052101|123456|24052101|STUDENT
24052102|123456|24052102|STUDENT
24052103|123456|24052103|STUDENT
24052104|123456|24052104|STUDENT
24052105|123456|24052105|STUDENT
24052106|123456|24052106|STUDENT
24052107|123456|24052107|STUDENT
24052108|123456|24052108|STUDENT
24052109|123456|24052109|STUDENT
24052110|123456|24052110|STUDENT
24052111|123456|24052111|STUDENT
24052112|123456|24052112|STUDENT
24052113|123456|24052113|STUDENT
24052114|123456|24052114|STUDENT
24052115|123456|24052115|STUDENT
24052116|123456|24052116|STUDENT
24052117|123456|24052117|STUDENT
24052118|123456|24052118|STUDENT
24052119|123456|24052119|STUDENT
24052120|123456|24052120|STUDENT
24052121|123456|24052121|STUDENT
24052122|123456|24052122|STUDENT
24052123|123456|24052123|STUDENT
24052124|123456|24052124|STUDENT
24052125|123456|24052125|STUDENT
24052126|123456|24052126|STUDENT
24052127|123456|24052127|STUDENT
24052128|123456|24052128|STUDENT
24052129|123456|24052129|STUDENT
24052130|123456|24052130|STUDENT
24052131|123456|24052131|STUDENT
24052132|123456|24052132|STUDENT
24052133|123456|24052133|STUDENT
24052134|123456|24052134|STUDENT
24052135|123456|24052135|STUDENT
24052136|123456|24052136|STUDENT
24052137|123456|24052137|STUDENT
24052138|123456|24052138|STUDENT
24052139|123456|24052139|STUDENT
24052140|123456|24052140|STUDENT
24052201|123456|24052201|STUDENT
24052202|123456|24052202|STUDENT
24052203|123456|24052203|STUDENT
24052204|123456|24052204|STUDENT
24052205|123456|24052205|STUDENT
24052206|123456|24052206|STUDENT
24052207|123456|24052207|STUDENT
24052208|123456|24052208|STUDENT
24052209|123456|24052209|STUDENT
24052210|123456|24052210|STUDENT
24052211|123456|24052211|STUDENT
24052212|123456|24052212|STUDENT
24052213|123456|24052213|STUDENT
24052214|123456|24052214|STUDENT
24052215|123456|24052215|STUDENT
24052216|123456|24052216|STUDENT
24052217|123456|24052217|STUDENT
24052218|123456|24052218|STUDENT
24052219|123456|24052219|STUDENT
24052220|123456|24052220|STUDENT
24052221|123456|24052221|STUDENT
24052222|123456|24052222|STUDENT
24052223|123456|24052223|STUDENT
24052224|123456|24052224|STUDENT
24052225|123456|24052225|STUDENT
24052226|123456|24052226|STUDENT
24052227|123456|24052227|STUDENT
24052228|123456|24052228|STUDENT
24052229|123456|24052229|STUDENT
24052230|123456|24052230|STUDENT
24052231|123456|24052231|STUDENT
24052232|123456|24052232|STUDENT
24052233|123456|24052233|STUDENT
24052234|123456|24052234|STUDENT
24052235|123456|24052235|STUDENT
24052236|123456|24052236|STUDENT
24052237|123456|24052237|STUDENT
24052238|123456|24052238|STUDENT
24052239|123456|24052239|STUDENT
24052240|123456|24052240|STUDENT
24052301|123456|24052301|STUDENT
24052302|123456|24052302|STUDENT
24052303|123456|24052303|STUDENT
24052304|123456|24052304|STUDENT
24052305|123456|24052305|STUDENT
24052306|123456|24052306|STUDENT
24052307|123456|24052307|STUDENT
24052308|123456|24052308|STUDENT
24052309|123456|24052309|STUDENT
24052310|123456|24052310|STUDENT
24052311|123456|24052311|STUDENT
24052312|123456|24052312|STUDENT
24052313|123456|24052313|STUDENT
24052314|123456|24052314|STUDENT
24052315|123456|24052315|STUDENT
24052316|123456|24052316|STUDENT
24052317|123456|24052317|STUDENT
24052318|123456|24052318|STUDENT
24052319|123456|24052319|STUDENT
24052320|123456|24052320|STUDENT
24052321|123456|24052321|STUDENT
24052322|123456|24052322|STUDENT
24052323|123456|24052323|STUDENT
24052324|123456|24052324|STUDENT
24052325|123456|24052325|STUDENT
24052326|123456|24052326|STUDENT
24052327|123456|24052327|STUDENT
24052328|123456|24052328|STUDENT
24052329|123456|24052329|STUDENT
24052330|123456|24052330|STUDENT
24052331|123456|24052331|STUDENT
24052332|123456|24052332|STUDENT
24052333|123456|24052333|STUDENT
24052334|123456|24052334|STUDENT
24052335|123456|24052335|STUDENT
24052336|123456|24052336|STUDENT
24052337|123456|24052337|STUDENT
24052338|123456|24052338|STUDENT
24052339|123456|24052339|STUDENT
24052340|123456|24052340|STUDENT
24052401|123456|24052401|STUDENT
24052402|123456|24052402|STUDENT
24052403|123456|24052403|STUDENT
24052404|123456|24052404|STUDENT
24052405|123456|24052405|STUDENT
24052406|123456|24052406|STUDENT
24052407|123456|24052407|STUDENT
24052408|123456|24052408|STUDENT
24052409|123456|24052409|STUDENT
24052410|123456|24052410|STUDENT
24052411|123456|24052411|STUDENT
24052412|123456|24052412|STUDENT
24052413|123456|24052413|STUDENT
24052414|123456|24052414|STUDENT
24052415|123456|24052415|STUDENT
24052416|123456|24052416|STUDENT
24052417|123456|24052417|STUDENT
24052418|123456|24052418|STUDENT
24052419|123456|24052419|STUDENT
24052420|123456|24052420|STUDENT
24052421|123456|24052421|STUDENT
24052422|123456|24052422|STUDENT
24052423|123456|24052423|STUDENT
24052424|123456|24052424|STUDENT
24052425|123456|24052425|STUDENT
24052426|123456|24052426|STUDENT
24052427|123456|24052427|STUDENT
24052428|123456|24052428|STUDENT
24052429|123456|24052429|STUDENT
24052430|123456|24052430|STUDENT
24052431|123456|24052431|STUDENT
24052432|123456|24052432|STUDENT
24052433|123456|24052433|STUDENT
24052434|123456|24052434|STUDENT
24052435|123456|24052435|STUDENT
24052436|123456|24052436|STUDENT
24052437|123456|24052437|STUDENT
24052438|123456|24052438|STUDENT
24052439|123456|24052439|STUDENT
24052440|123456|24052440|STUDENT
24053101|123456|24053101|STUDENT
24053102|123456|24053102|STUDENT
24053103|123456|24053103|STUDENT
24053104|123456|24053104|STUDENT
24053105|123456|24053105|STUDENT
24053106|123456|24053106|STUDENT
24053107|123456|24053107|STUDENT
24053108|123456|24053108|STUDENT
24053109|123456|24053109|STUDENT
24053110|123456|24053110|STUDENT
24053111|123456|24053111|STUDENT
24053112|123456|24053112|STUDENT
24053113|123456|24053113|STUDENT
24053114|123456|24053114|STUDENT
24053115|123456|24053115|STUDENT
24053116|123456|24053116|STUDENT
24053117|123456|24053117|STUDENT
24053118|123456|24053118|STUDENT
24053119|123456|24053119|STUDENT
24053120|123456|24053120|STUDENT
24053121|123456|24053121|STUDENT
24053122|123456|24053122|STUDENT
24053123|123456|24053123|STUDENT
24053124|123456|24053124|STUDENT
24053125|123456|24053125|STUDENT
24053126|123456|24053126|STUDENT
24053127|123456|24053127|STUDENT
24053128|123456|24053128|STUDENT
24053129|123456|24053129|STUDENT
24053130|123456|24053130|STUDENT
24053131|123456|24053131|STUDENT
24053132|123456|24053132|STUDENT
24053133|123456|24053133|STUDENT
24053134|123456|24053134|STUDENT
24053135|123456|24053135|STUDENT
24053136|123456|24053136|STUDENT
24053137|123456|24053137|STUDENT
24053138|123456|24053138|STUDENT
24053139|123456|24053139|STUDENT
24053140|123456|24053140|STUDENT
24053201|123456|24053201|STUDENT
24053202|123456|24053202|STUDENT
24053203|123456|24053203|STUDENT
24053204|123456|24053204|STUDENT
24053205|123456|24053205|STUDENT
24053206|123456|24053206|STUDENT
24053207|123456|24053207|STUDENT
24053208|123456|24053208|STUDENT
24053209|123456|24053209|STUDENT
24053210|123456|24053210|STUDENT
24053211|123456|24053211|STUDENT
24053212|123456|24053212|STUDENT
24053213|123456|24053213|STUDENT
24053214|123456|24053214|STUDENT
24053215|123456|24053215|STUDENT
24053216|123456|24053216|STUDENT
24053217|123456|24053217|STUDENT
24053218|123456|24053218|STUDENT
24053219|123456|24053219|STUDENT
24053220|123456|24053220|STUDENT
24053221|123456|24053221|STUDENT
24053222|123456|24053222|STUDENT
24053223|123456|24053223|STUDENT
24053224|123456|24053224|STUDENT
24053225|123456|24053225|STUDENT
24053226|123456|24053226|STUDENT
24053227|123456|24053227|STUDENT
24053228|123456|24053228|STUDENT
24053229|123456|24053229|STUDENT
24053230|123456|24053230|STUDENT
24053231|123456|24053231|STUDENT
24053232|123456|24053232|STUDENT
24053233|123456|24053233|STUDENT
24053234|123456|24053234|STUDENT
24053235|123456|24053235|STUDENT
24053236|123456|24053236|STUDENT
24053237|123456|24053237|STUDENT
24053238|123456|24053238|STUDENT
24053239|123456|24053239|STUDENT
24053240|123456|24053240|STUDENT
24053301|123456|24053301|STUDENT
24053302|123456|24053302|STUDENT
24053303|123456|24053303|STUDENT
24053304|123456|24053304|STUDENT
24053305|123456|24053305|STUDENT
24053306|123456|24053306|STUDENT
24053307|123456|24053307|STUDENT
24053308|123456|24053308|STUDENT
24053309|123456|24053309|STUDENT
24053310|123456|24053310|STUDENT
24053311|123456|24053311|STUDENT
24053312|123456|24053312|STUDENT
24053313|123456|24053313|STUDENT
24053314|123456|24053314|STUDENT
24053315|123456|24053315|STUDENT
24053316|123456|24053316|STUDENT
24053317|123456|24053317|STUDENT
24053318|123456|24053318|STUDENT
24053319|123456|24053319|STUDENT
24053320|123456|24053320|STUDENT
24053321|123456|24053321|STUDENT
24053322|123456|24053322|STUDENT
24053323|123456|24053323|STUDENT
24053324|123456|24053324|STUDENT
24053325|123456|24053325|STUDENT
24053326|123456|24053326|STUDENT
24053327|123456|24053327|STUDENT
24053328|123456|24053328|STUDENT
24053329|123456|24053329|STUDENT
24053330|123456|24053330|STUDENT
24053331|123456|24053331|STUDENT
24053332|123456|24053332|STUDENT
24053333|123456|24053333|STUDENT
24053334|123456|24053334|STUDENT
24053335|123456|24053335|STUDENT
24053336|123456|24053336|STUDENT
24053337|123456|24053337|STUDENT
24053338|123456|24053338|STUDENT
24053339|123456|24053339|STUDENT
24053340|123456|24053340|STUDENT
24053401|123456|24053401|STUDENT
24053402|123456|24053402|STUDENT
24053403|123456|24053403|STUDENT
24053404|123456|24053404|STUDENT
24053405|123456|24053405|STUDENT
24053406|123456|24053406|STUDENT
24053407|123456|24053407|STUDENT
24053408|123456|24053408|STUDENT
24053409|123456|24053409|STUDENT
24053410|123456|24053410|STUDENT
24053411|123456|24053411|STUDENT
24053412|123456|24053412|STUDENT
24053413|123456|24053413|STUDENT
24053414|123456|24053414|STUDENT
24053415|123456|24053415|STUDENT
24053416|123456|24053416|STUDENT
24053417|123456|24053417|STUDENT
24053418|123456|24053418|STUDENT
24053419|123456|24053419|STUDENT
24053420|123456|24053420|STUDENT
24053421|123456|24053421|STUDENT
24053422|123456|24053422|STUDENT
24053423|123456|24053423|STUDENT
24053424|123456|24053424|STUDENT
24053425|123456|24053425|STUDENT
24053426|123456|24053426|STUDENT
24053427|123456|24053427|STUDENT
24053428|123456|24053428|STUDENT
24053429|123456|24053429|STUDENT
24053430|123456|24053430|STUDENT
24053431|123456|24053431|STUDENT
24053432|123456|24053432|STUDENT
24053433|123456|24053433|STUDENT
24053434|123456|24053434|STUDENT
24053435|123456|24053435|STUDENT
24053436|123456|24053436|STUDENT
24053437|123456|24053437|STUDENT
24053438|123456|24053438|STUDENT
24053439|123456|24053439|STUDENT
24053440|123456|24053440|STUDENT
24054101|123456|24054101|STUDENT
24054102|123456|24054102|STUDENT
24054103|123456|24054103|STUDENT
24054104|123456|24054104|STUDENT
24054105|123456|24054105|STUDENT
24054106|123456|24054106|STUDENT
24054107|123456|24054107|STUDENT
24054108|123456|24054108|STUDENT
24054109|123456|24054109|STUDENT
24054110|123456|24054110|STUDENT
24054111|123456|24054111|STUDENT
24054112|123456|24054112|STUDENT
24054113|123456|24054113|STUDENT
24054114|123456|24054114|STUDENT
24054115|123456|24054115|STUDENT
24054116|123456|24054116|STUDENT
24054117|123456|24054117|STUDENT
24054118|123456|24054118|STUDENT
24054119|123456|24054119|STUDENT
24054120|123456|24054120|STUDENT
24054121|123456|24054121|STUDENT
24054122|123456|24054122|STUDENT
24054123|123456|24054123|STUDENT
24054124|123456|24054124|STUDENT
24054125|123456|24054125|STUDENT
24054126|123456|24054126|STUDENT
24054127|123456|24054127|STUDENT
24054128|123456|24054128|STUDENT
24054129|123456|24054129|STUDENT
24054130|123456|24054130|STUDENT
24054131|123456|24054131|STUDENT
24054132|123456|24054132|STUDENT
24054133|123456|24054133|STUDENT
24054134|123456|24054134|STUDENT
24054135|123456|24054135|STUDENT
24054136|123456|24054136|STUDENT
24054137|123456|24054137|STUDENT
24054138|123456|24054138|STUDENT
24054139|123456|24054139|STUDENT
24054140|123456|24054140|STUDENT
24054201|123456|24054201|STUDENT
24054202|123456|24054202|STUDENT
24054203|123456|24054203|STUDENT
24054204|123456|24054204|STUDENT
24054205|123456|24054205|STUDENT
24054206|123456|24054206|STUDENT
24054207|123456|24054207|STUDENT
24054208|123456|24054208|STUDENT
24054209|123456|24054209|STUDENT
24054210|123456|24054210|STUDENT
24054211|123456|24054211|STUDENT
24054212|123456|24054212|STUDENT
24054213|123456|24054213|STUDENT
24054214|123456|24054214|STUDENT
24054215|123456|24054215|STUDENT
24054216|123456|24054216|STUDENT
24054217|123456|24054217|STUDENT
24054218|123456|24054218|STUDENT
24054219|123456|24054219|STUDENT
24054220|123456|24054220|STUDENT
24054221|123456|24054221|STUDENT
24054222|123456|24054222|STUDENT
24054223|123456|24054223|STUDENT
24054224|123456|24054224|STUDENT
24054225|123456|24054225|STUDENT
24054226|123456|24054226|STUDENT
24054227|123456|24054227|STUDENT
24054228|123456|24054228|STUDENT
24054229|123456|24054229|STUDENT
24054230|123456|24054230|STUDENT
24054231|123456|24054231|STUDENT
24054232|123456|24054232|STUDENT
24054233|123456|24054233|STUDENT
24054234|123456|24054234|STUDENT
24054235|123456|24054235|STUDENT
24054236|123456|24054236|STUDENT
24054237|123456|24054237|STUDENT
24054238|123456|24054238|STUDENT
24054239|123456|24054239|STUDENT
24054240|123456|24054240|STUDENT
24054301|123456|24054301|STUDENT
24054302|123456|24054302|STUDENT
24054303|123456|24054303|STUDENT
24054304|123456|24054304|STUDENT
24054305|123456|24054305|STUDENT
24054306|123456|24054306|STUDENT
24054307|123456|24054307|STUDENT
24054308|123456|24054308|STUDENT
24054309|123456|24054309|STUDENT
24054310|123456|24054310|STUDENT
24054311|123456|24054311|STUDENT
24054312|123456|24054312|STUDENT
24054313|123456|24054313|STUDENT
24054314|123456|24054314|STUDENT
24054315|123456|24054315|STUDENT
24054316|123456|24054316|STUDENT
24054317|123456|24054317|STUDENT
24054318|123456|24054318|STUDENT
24054319|123456|24054319|STUDENT
24054320|123456|24054320|STUDENT
24054321|123456|24054321|STUDENT
24054322|123456|24054322|STUDENT
24054323|123456|24054323|STUDENT
24054324|123456|24054324|STUDENT
24054325|123456|24054325|STUDENT
24054326|123456|24054326|STUDENT
24054327|123456|24054327|STUDENT
24054328|123456|24054328|STUDENT
24054329|123456|24054329|STUDENT
24054330|123456|24054330|STUDENT
24054331|123456|24054331|STUDENT
24054332|123456|24054332|STUDENT
24054333|123456|24054333|STUDENT
24054334|123456|24054334|STUDENT
24054335|123456|24054335|STUDENT
24054336|123456|24054336|STUDENT
24054337|123456|24054337|STUDENT
24054338|123456|24054338|STUDENT
24054339|123456|24054339|STUDENT
24054340|123456|24054340|STUDENT
24054401|123456|24054401|STUDENT
24054402|123456|24054402|STUDENT
24054403|123456|24054403|STUDENT
24054404|123456|24054404|STUDENT
24054405|123456|24054405|STUDENT
24054406|123456|24054406|STUDENT
24054407|123456|24054407|STUDENT
24054408|123456|24054408|STUDENT
24054409|123456|24054409|STUDENT
24054410|123456|24054410|STUDENT
24054411|123456|24054411|STUDENT
24054412|123456|24054412|STUDENT
24054413|123456|24054413|STUDENT
24054414|123456|24054414|STUDENT
24054415|123456|24054415|STUDENT
24054416|123456|24054416|STUDENT
24054417|123456|24054417|STUDENT
24054418|123456|24054418|STUDENT
24054419|123456|24054419|STUDENT
24054420|123456|24054420|STUDENT
24054421|123456|24054421|STUDENT
24054422|123456|24054422|STUDENT
24054423|123456|24054423|STUDENT
24054424|123456|24054424|STUDENT
24054425|123456|24054425|STUDENT
24054426|123456|24054426|STUDENT
24054427|123456|24054427|STUDENT
24054428|123456|24054428|STUDENT
24054429|123456|24054429|STUDENT
24054430|123456|24054430|STUDENT
24054431|123456|24054431|STUDENT
24054432|123456|24054432|STUDENT
24054433|123456|24054433|STUDENT
24054434|123456|24054434|STUDENT
24054435|123456|24054435|STUDENT
24054436|123456|24054436|STUDENT
24054437|123456|24054437|STUDENT
24054438|123456|24054438|STUDENT
24054439|123456|24054439|STUDENT
24054440|123456|24054440|STUDENT
25051101|123456|25051101|STUDENT
25051102|123456|25051102|STUDENT
25051103|123456|25051103|STUDENT
25051104|123456|25051104|STUDENT
25051105|123456|25051105|STUDENT
25051106|123456|25051106|STUDENT
25051107|123456|25051107|STUDENT
25051108|123456|25051108|STUDENT
25051109|123456|25051109|STUDENT
25051110|123456|25051110|STUDENT
25051111|123456|25051111|STUDENT
25051112|123456|25051112|STUDENT
25051113|123456|25051113|STUDENT
25051114|123456|25051114|STUDENT
25051115|123456|25051115|STUDENT
25051116|123456|25051116|STUDENT
25051117|123456|25051117|STUDENT
25051118|123456|25051118|STUDENT
25051119|123456|25051119|STUDENT
25051120|123456|25051120|STUDENT
25051121|123456|25051121|STUDENT
25051122|123456|25051122|STUDENT
25051123|123456|25051123|STUDENT
25051124|123456|25051124|STUDENT
25051125|123456|25051125|STUDENT
25051126|123456|25051126|STUDENT
25051127|123456|25051127|STUDENT
25051128|123456|25051128|STUDENT
25051129|123456|25051129|STUDENT
25051130|123456|25051130|STUDENT
25051131|123456|25051131|STUDENT
25051132|123456|25051132|STUDENT
25051133|123456|25051133|STUDENT
25051134|123456|25051134|STUDENT
25051135|123456|25051135|STUDENT
25051136|123456|25051136|STUDENT
25051137|123456|25051137|STUDENT
25051138|123456|25051138|STUDENT
25051139|123456|25051139|STUDENT
25051140|123456|25051140|STUDENT
25051201|123456|25051201|STUDENT
25051202|123456|25051202|STUDENT
25051203|123456|25051203|STUDENT
25051204|123456|25051204|STUDENT
25051205|123456|25051205|STUDENT
25051206|123456|25051206|STUDENT
25051207|123456|25051207|STUDENT
25051208|123456|25051208|STUDENT
25051209|123456|25051209|STUDENT
25051210|123456|25051210|STUDENT
25051211|123456|25051211|STUDENT
25051212|123456|25051212|STUDENT
25051213|123456|25051213|STUDENT
25051214|123456|25051214|STUDENT
25051215|123456|25051215|STUDENT
25051216|123456|25051216|STUDENT
25051217|123456|25051217|STUDENT
25051218|123456|25051218|STUDENT
25051219|123456|25051219|STUDENT
25051220|123456|25051220|STUDENT
25051221|123456|25051221|STUDENT
25051222|123456|25051222|STUDENT
25051223|123456|25051223|STUDENT
25051224|123456|25051224|STUDENT
25051225|123456|25051225|STUDENT
25051226|123456|25051226|STUDENT
25051227|123456|25051227|STUDENT
25051228|123456|25051228|STUDENT
25051229|123456|25051229|STUDENT
25051230|123456|25051230|STUDENT
25051231|123456|25051231|STUDENT
25051232|123456|25051232|STUDENT
25051233|123456|25051233|STUDENT
25051234|123456|25051234|STUDENT
25051235|123456|25051235|STUDENT
25051236|123456|25051236|STUDENT
25051237|123456|25051237|STUDENT
25051238|123456|25051238|STUDENT
25051239|123456|25051239|STUDENT
25051240|123456|25051240|STUDENT
25051301|123456|25051301|STUDENT
25051302|123456|25051302|STUDENT
25051303|123456|25051303|STUDENT
25051304|123456|25051304|STUDENT
25051305|123456|25051305|STUDENT
25051306|123456|25051306|STUDENT
25051307|123456|25051307|STUDENT
25051308|123456|25051308|STUDENT
25051309|123456|25051309|STUDENT
25051310|123456|25051310|STUDENT
25051311|123456|25051311|STUDENT
25051312|123456|25051312|STUDENT
25051313|123456|25051313|STUDENT
25051314|123456|25051314|STUDENT
25051315|123456|25051315|STUDENT
25051316|123456|25051316|STUDENT
25051317|123456|25051317|STUDENT
25051318|123456|25051318|STUDENT
25051319|123456|25051319|STUDENT
25051320|123456|25051320|STUDENT
25051321|123456|25051321|STUDENT
25051322|123456|25051322|STUDENT
25051323|123456|25051323|STUDENT
25051324|123456|25051324|STUDENT
25051325|123456|25051325|STUDENT
25051326|123456|25051326|STUDENT
25051327|123456|25051327|STUDENT
25051328|123456|25051328|STUDENT
25051329|123456|25051329|STUDENT
25051330|123456|25051330|STUDENT
25051331|123456|25051331|STUDENT
25051332|123456|25051332|STUDENT
25051333|123456|25051333|STUDENT
25051334|123456|25051334|STUDENT
25051335|123456|25051335|STUDENT
25051336|123456|25051336|STUDENT
25051337|123456|25051337|STUDENT
25051338|123456|25051338|STUDENT
25051339|123456|25051339|STUDENT
25051340|123456|25051340|STUDENT
25051401|123456|25051401|STUDENT
25051402|123456|25051402|STUDENT
25051403|123456|25051403|STUDENT
25051404|123456|25051404|STUDENT
25051405|123456|25051405|STUDENT
25051406|123456|25051406|STUDENT
25051407|123456|25051407|STUDENT
25051408|123456|25051408|STUDENT
25051409|123456|25051409|STUDENT
25051410|123456|25051410|STUDENT
25051411|123456|25051411|STUDENT
25051412|123456|25051412|STUDENT
25051413|123456|25051413|STUDENT
25051414|123456|25051414|STUDENT
25051415|123456|25051415|STUDENT
25051416|123456|25051416|STUDENT
25051417|123456|25051417|STUDENT
25051418|123456|25051418|STUDENT
25051419|123456|25051419|STUDENT
25051420|123456|25051420|STUDENT
25051421|123456|25051421|STUDENT
25051422|123456|25051422|STUDENT
25051423|123456|25051423|STUDENT
25051424|123456|25051424|STUDENT
25051425|123456|25051425|STUDENT
25051426|123456|25051426|STUDENT
25051427|123456|25051427|STUDENT
25051428|123456|25051428|STUDENT
25051429|123456|25051429|STUDENT
25051430|123456|25051430|STUDENT
25051431|123456|25051431|STUDENT
25051432|123456|25051432|STUDENT
25051433|123456|25051433|STUDENT
25051434|123456|25051434|STUDENT
25051435|123456|25051435|STUDENT
25051436|123456|25051436|STUDENT
25051437|123456|25051437|STUDENT
25051438|123456|25051438|STUDENT
25051439|123456|25051439|STUDENT
25051440|123456|25051440|STUDENT
25052101|123456|25052101|STUDENT
25052102|123456|25052102|STUDENT
25052103|123456|25052103|STUDENT
25052104|123456|25052104|STUDENT
25052105|123456|25052105|STUDENT
25052106|123456|25052106|STUDENT
25052107|123456|25052107|STUDENT
25052108|123456|25052108|STUDENT
25052109|123456|25052109|STUDENT
25052110|123456|25052110|STUDENT
25052111|123456|25052111|STUDENT
25052112|123456|25052112|STUDENT
25052113|123456|25052113|STUDENT
25052114|123456|25052114|STUDENT
25052115|123456|25052115|STUDENT
25052116|123456|25052116|STUDENT
25052117|123456|25052117|STUDENT
25052118|123456|25052118|STUDENT
25052119|123456|25052119|STUDENT
25052120|123456|25052120|STUDENT
25052121|123456|25052121|STUDENT
25052122|123456|25052122|STUDENT
25052123|123456|25052123|STUDENT
25052124|123456|25052124|STUDENT
25052125|123456|25052125|STUDENT
25052126|123456|25052126|STUDENT
25052127|123456|25052127|STUDENT
25052128|123456|25052128|STUDENT
25052129|123456|25052129|STUDENT
25052130|123456|25052130|STUDENT
25052131|123456|25052131|STUDENT
25052132|123456|25052132|STUDENT
25052133|123456|25052133|STUDENT
25052134|123456|25052134|STUDENT
25052135|123456|25052135|STUDENT
25052136|123456|25052136|STUDENT
25052137|123456|25052137|STUDENT
25052138|123456|25052138|STUDENT
25052139|123456|25052139|STUDENT
25052140|123456|25052140|STUDENT
25052201|123456|25052201|STUDENT
25052202|123456|25052202|STUDENT
25052203|123456|25052203|STUDENT
25052204|123456|25052204|STUDENT
25052205|123456|25052205|STUDENT
25052206|123456|25052206|STUDENT
25052207|123456|25052207|STUDENT
25052208|123456|25052208|STUDENT
25052209|123456|25052209|STUDENT
25052210|123456|25052210|STUDENT
25052211|123456|25052211|STUDENT
25052212|123456|25052212|STUDENT
25052213|123456|25052213|STUDENT
25052214|123456|25052214|STUDENT
25052215|123456|25052215|STUDENT
25052216|123456|25052216|STUDENT
25052217|123456|25052217|STUDENT
25052218|123456|25052218|STUDENT
25052219|123456|25052219|STUDENT
25052220|123456|25052220|STUDENT
25052221|123456|25052221|STUDENT
25052222|123456|25052222|STUDENT
25052223|123456|25052223|STUDENT
25052224|123456|25052224|STUDENT
25052225|123456|25052225|STUDENT
25052226|123456|25052226|STUDENT
25052227|123456|25052227|STUDENT
25052228|123456|25052228|STUDENT
25052229|123456|25052229|STUDENT
25052230|123456|25052230|STUDENT
25052231|123456|25052231|STUDENT
25052232|123456|25052232|STUDENT
25052233|123456|25052233|STUDENT
25052234|123456|25052234|STUDENT
25052235|123456|25052235|STUDENT
25052236|123456|25052236|STUDENT
25052237|123456|25052237|STUDENT
25052238|123456|25052238|STUDENT
25052239|123456|25052239|STUDENT
25052240|123456|25052240|STUDENT
25052301|123456|25052301|STUDENT
25052302|123456|25052302|STUDENT
25052303|123456|25052303|STUDENT
25052304|123456|25052304|STUDENT
25052305|123456|25052305|STUDENT
25052306|123456|25052306|STUDENT
25052307|123456|25052307|STUDENT
25052308|123456|25052308|STUDENT
25052309|123456|25052309|STUDENT
25052310|123456|25052310|STUDENT
25052311|123456|25052311|STUDENT
25052312|123456|25052312|STUDENT
25052313|123456|25052313|STUDENT
25052314|123456|25052314|STUDENT
25052315|123456|25052315|STUDENT
25052316|123456|25052316|STUDENT
25052317|123456|25052317|STUDENT
25052318|123456|25052318|STUDENT
25052319|123456|25052319|STUDENT
25052320|123456|25052320|STUDENT
25052321|123456|25052321|STUDENT
25052322|123456|25052322|STUDENT
25052323|123456|25052323|STUDENT
25052324|123456|25052324|STUDENT
25052325|123456|25052325|STUDENT
25052326|123456|25052326|STUDENT
25052327|123456|25052327|STUDENT
25052328|123456|25052328|STUDENT
25052329|123456|25052329|STUDENT
25052330|123456|25052330|STUDENT
25052331|123456|25052331|STUDENT
25052332|123456|25052332|STUDENT
25052333|123456|25052333|STUDENT
25052334|123456|25052334|STUDENT
25052335|123456|25052335|STUDENT
25052336|123456|25052336|STUDENT
25052337|123456|25052337|STUDENT
25052338|123456|25052338|STUDENT
25052339|123456|25052339|STUDENT
25052340|123456|25052340|STUDENT
25052401|123456|25052401|STUDENT
25052402|123456|25052402|STUDENT
25052403|123456|25052403|STUDENT
25052404|123456|25052404|STUDENT
25052405|123456|25052405|STUDENT
25052406|123456|25052406|STUDENT
25052407|123456|25052407|STUDENT
25052408|123456|25052408|STUDENT
25052409|123456|25052409|STUDENT
25052410|123456|25052410|STUDENT
25052411|123456|25052411|STUDENT
25052412|123456|25052412|STUDENT
25052413|123456|25052413|STUDENT
25052414|123456|25052414|STUDENT
25052415|123456|25052415|STUDENT
25052416|123456|25052416|STUDENT
25052417|123456|25052417|STUDENT
25052418|123456|25052418|STUDENT
25052419|123456|25052419|STUDENT
25052420|123456|25052420|STUDENT
25052421|123456|25052421|STUDENT
25052422|123456|25052422|STUDENT
25052423|123456|25052423|STUDENT
25052424|123456|25052424|STUDENT
25052425|123456|25052425|STUDENT
25052426|123456|25052426|STUDENT
25052427|123456|25052427|STUDENT
25052428|123456|25052428|STUDENT
25052429|123456|25052429|STUDENT
25052430|123456|25052430|STUDENT
25052431|123456|25052431|STUDENT
25052432|123456|25052432|STUDENT
25052433|123456|25052433|STUDENT
25052434|123456|25052434|STUDENT
25052435|123456|25052435|STUDENT
25052436|123456|25052436|STUDENT
25052437|123456|25052437|STUDENT
25052438|123456|25052438|STUDENT
25052439|123456|25052439|STUDENT
25052440|123456|25052440|STUDENT
25053101|123456|25053101|STUDENT
25053102|123456|25053102|STUDENT
25053103|123456|25053103|STUDENT
25053104|123456|25053104|STUDENT
25053105|123456|25053105|STUDENT
25053106|123456|25053106|STUDENT
25053107|123456|25053107|STUDENT
25053108|123456|25053108|STUDENT
25053109|123456|25053109|STUDENT
25053110|123456|25053110|STUDENT
25053111|123456|25053111|STUDENT
25053112|123456|25053112|STUDENT
25053113|123456|25053113|STUDENT
25053114|123456|25053114|STUDENT
25053115|123456|25053115|STUDENT
25053116|123456|25053116|STUDENT
25053117|123456|25053117|STUDENT
25053118|123456|25053118|STUDENT
25053119|123456|25053119|STUDENT
25053120|123456|25053120|STUDENT
25053121|123456|25053121|STUDENT
25053122|123456|25053122|STUDENT
25053123|123456|25053123|STUDENT
25053124|123456|25053124|STUDENT
25053125|123456|25053125|STUDENT
25053126|123456|25053126|STUDENT
25053127|123456|25053127|STUDENT
25053128|123456|25053128|STUDENT
25053129|123456|25053129|STUDENT
25053130|123456|25053130|STUDENT
25053131|123456|25053131|STUDENT
25053132|123456|25053132|STUDENT
25053133|123456|25053133|STUDENT
25053134|123456|25053134|STUDENT
25053135|123456|25053135|STUDENT
25053136|123456|25053136|STUDENT
25053137|123456|25053137|STUDENT
25053138|123456|25053138|STUDENT
25053139|123456|25053139|STUDENT
25053140|123456|25053140|STUDENT
25053201|123456|25053201|STUDENT
25053202|123456|25053202|STUDENT
25053203|123456|25053203|STUDENT
25053204|123456|25053204|STUDENT
25053205|123456|25053205|STUDENT
25053206|123456|25053206|STUDENT
25053207|123456|25053207|STUDENT
25053208|123456|25053208|STUDENT
25053209|123456|25053209|STUDENT
25053210|123456|25053210|STUDENT
25053211|123456|25053211|STUDENT
25053212|123456|25053212|STUDENT
25053213|123456|25053213|STUDENT
25053214|123456|25053214|STUDENT
25053215|123456|25053215|STUDENT
25053216|123456|25053216|STUDENT
25053217|123456|25053217|STUDENT
25053218|123456|25053218|STUDENT
25053219|123456|25053219|STUDENT
25053220|123456|25053220|STUDENT
25053221|123456|25053221|STUDENT
25053222|123456|25053222|STUDENT
25053223|123456|25053223|STUDENT
25053224|123456|25053224|STUDENT
25053225|123456|25053225|STUDENT
25053226|123456|25053226|STUDENT
25053227|123456|25053227|STUDENT
25053228|123456|25053228|STUDENT
25053229|123456|25053229|STUDENT
25053230|123456|25053230|STUDENT
25053231|123456|25053231|STUDENT
25053232|123456|25053232|STUDENT
25053233|123456|25053233|STUDENT
25053234|123456|25053234|STUDENT
25053235|123456|25053235|STUDENT
25053236|123456|25053236|STUDENT
25053237|123456|25053237|STUDENT
25053238|123456|25053238|STUDENT
25053239|123456|25053239|STUDENT
25053240|123456|25053240|STUDENT
25053301|123456|25053301|STUDENT
25053302|123456|25053302|STUDENT
25053303|123456|25053303|STUDENT
25053304|123456|25053304|STUDENT
25053305|123456|25053305|STUDENT
25053306|123456|25053306|STUDENT
25053307|123456|25053307|STUDENT
25053308|123456|25053308|STUDENT
25053309|123456|25053309|STUDENT
25053310|123456|25053310|STUDENT
25053311|123456|25053311|STUDENT
25053312|123456|25053312|STUDENT
25053313|123456|25053313|STUDENT
25053314|123456|25053314|STUDENT
25053315|123456|25053315|STUDENT
25053316|123456|25053316|STUDENT
25053317|123456|25053317|STUDENT
25053318|123456|25053318|STUDENT
25053319|123456|25053319|STUDENT
25053320|123456|25053320|STUDENT
25053321|123456|25053321|STUDENT
25053322|123456|25053322|STUDENT
25053323|123456|25053323|STUDENT
25053324|123456|25053324|STUDENT
25053325|123456|25053325|STUDENT
25053326|123456|25053326|STUDENT
25053327|123456|25053327|STUDENT
25053328|123456|25053328|STUDENT
25053329|123456|25053329|STUDENT
25053330|123456|25053330|STUDENT
25053331|123456|25053331|STUDENT
25053332|123456|25053332|STUDENT
25053333|123456|25053333|STUDENT
25053334|123456|25053334|STUDENT
25053335|123456|25053335|STUDENT
25053336|123456|25053336|STUDENT
25053337|123456|25053337|STUDENT
25053338|123456|25053338|STUDENT
25053339|123456|25053339|STUDENT
25053340|123456|25053340|STUDENT
25053401|123456|25053401|STUDENT
25053402|123456|25053402|STUDENT
25053403|123456|25053403|STUDENT
25053404|123456|25053404|STUDENT
25053405|123456|25053405|STUDENT
25053406|123456|25053406|STUDENT
25053407|123456|25053407|STUDENT
25053408|123456|25053408|STUDENT
25053409|123456|25053409|STUDENT
25053410|123456|25053410|STUDENT
25053411|123456|25053411|STUDENT
25053412|123456|25053412|STUDENT
25053413|123456|25053413|STUDENT
25053414|123456|25053414|STUDENT
25053415|123456|25053415|STUDENT
25053416|123456|25053416|STUDENT
25053417|123456|25053417|STUDENT
25053418|123456|25053418|STUDENT
25053419|123456|25053419|STUDENT
25053420|123456|25053420|STUDENT
25053421|123456|25053421|STUDENT
25053422|123456|25053422|STUDENT
25053423|123456|25053423|STUDENT
25053424|123456|25053424|STUDENT
25053425|123456|25053425|STUDENT
25053426|123456|25053426|STUDENT
25053427|123456|25053427|STUDENT
25053428|123456|25053428|STUDENT
25053429|123456|25053429|STUDENT
25053430|123456|25053430|STUDENT
25053431|123456|25053431|STUDENT
25053432|123456|25053432|STUDENT
25053433|123456|25053433|STUDENT
25053434|123456|25053434|STUDENT
25053435|123456|25053435|STUDENT
25053436|123456|25053436|STUDENT
25053437|123456|25053437|STUDENT
25053438|123456|25053438|STUDENT
25053439|123456|25053439|STUDENT
25053440|123456|25053440|STUDENT
25054101|123456|25054101|STUDENT
25054102|123456|25054102|STUDENT
25054103|123456|25054103|STUDENT
25054104|123456|25054104|STUDENT
25054105|123456|25054105|STUDENT
25054106|123456|25054106|STUDENT
25054107|123456|25054107|STUDENT
25054108|123456|25054108|STUDENT
25054109|123456|25054109|STUDENT
25054110|123456|25054110|STUDENT
25054111|123456|25054111|STUDENT
25054112|123456|25054112|STUDENT
25054113|123456|25054113|STUDENT
25054114|123456|25054114|STUDENT
25054115|123456|25054115|STUDENT
25054116|123456|25054116|STUDENT
25054117|123456|25054117|STUDENT
25054118|123456|25054118|STUDENT
25054119|123456|25054119|STUDENT
25054120|123456|25054120|STUDENT
25054121|123456|25054121|STUDENT
25054122|123456|25054122|STUDENT
25054123|123456|25054123|STUDENT
25054124|123456|25054124|STUDENT
25054125|123456|25054125|STUDENT
25054126|123456|25054126|STUDENT
25054127|123456|25054127|STUDENT
25054128|123456|25054128|STUDENT
25054129|123456|25054129|STUDENT
25054130|123456|25054130|STUDENT
25054131|123456|25054131|STUDENT
25054132|123456|25054132|STUDENT
25054133|123456|25054133|STUDENT
25054134|123456|25054134|STUDENT
25054135|123456|25054135|STUDENT
25054136|123456|25054136|STUDENT
25054137|123456|25054137|STUDENT
25054138|123456|25054138|STUDENT
25054139|123456|25054139|STUDENT
25054140|123456|25054140|STUDENT
25054201|123456|25054201|STUDENT
25054202|123456|25054202|STUDENT
25054203|123456|25054203|STUDENT
25054204|123456|25054204|STUDENT
25054205|123456|25054205|STUDENT
25054206|123456|25054206|STUDENT
25054207|123456|25054207|STUDENT
25054208|123456|25054208|STUDENT
25054209|123456|25054209|STUDENT
25054210|123456|25054210|STUDENT
25054211|123456|25054211|STUDENT
25054212|123456|25054212|STUDENT
25054213|123456|25054213|STUDENT
25054214|123456|25054214|STUDENT
25054215|123456|25054215|STUDENT
25054216|123456|25054216|STUDENT
25054217|123456|25054217|STUDENT
25054218|123456|25054218|STUDENT
25054219|123456|25054219|STUDENT
25054220|123456|25054220|STUDENT
25054221|123456|25054221|STUDENT
25054222|123456|25054222|STUDENT
25054223|123456|25054223|STUDENT
25054224|123456|25054224|STUDENT
25054225|123456|25054225|STUDENT
25054226|123456|25054226|STUDENT
25054227|123456|25054227|STUDENT
25054228|123456|25054228|STUDENT
25054229|123456|25054229|STUDENT
25054230|123456|25054230|STUDENT
25054231|123456|25054231|STUDENT
25054232|123456|25054232|STUDENT
25054233|123456|25054233|STUDENT
25054234|123456|25054234|STUDENT
25054235|123456|25054235|STUDENT
25054236|123456|25054236|STUDENT
25054237|123456|25054237|STUDENT
25054238|123456|25054238|STUDENT
25054239|123456|25054239|STUDENT
25054240|123456|25054240|STUDENT
25054301|123456|25054301|STUDENT
25054302|123456|25054302|STUDENT
25054303|123456|25054303|STUDENT
25054304|123456|25054304|STUDENT
25054305|123456|25054305|STUDENT
25054306|123456|25054306|STUDENT
25054307|123456|25054307|STUDENT
25054308|123456|25054308|STUDENT
25054309|123456|25054309|STUDENT
25054310|123456|25054310|STUDENT
25054311|123456|25054311|STUDENT
25054312|123456|25054312|STUDENT
25054313|123456|25054313|STUDENT
25054314|123456|25054314|STUDENT
25054315|123456|25054315|STUDENT
25054316|123456|25054316|STUDENT
25054317|123456|25054317|STUDENT
25054318|123456|25054318|STUDENT
25054319|123456|25054319|STUDENT
25054320|123456|25054320|STUDENT
25054321|123456|25054321|STUDENT
25054322|123456|25054322|STUDENT
25054323|123456|25054323|STUDENT
25054324|123456|25054324|STUDENT
25054325|123456|25054325|STUDENT
25054326|123456|25054326|STUDENT
25054327|123456|25054327|STUDENT
25054328|123456|25054328|STUDENT
25054329|123456|25054329|STUDENT
25054330|123456|25054330|STUDENT
25054331|123456|25054331|STUDENT
25054332|123456|25054332|STUDENT
25054333|123456|25054333|STUDENT
25054334|123456|25054334|STUDENT
25054335|123456|25054335|STUDENT
25054336|123456|25054336|STUDENT
25054337|123456|25054337|STUDENT
25054338|123456|25054338|STUDENT
25054339|123456|25054339|STUDENT
25054340|123456|25054340|STUDENT
25054401|123456|25054401|STUDENT
25054402|123456|25054402|STUDENT
25054403|123456|25054403|STUDENT
25054404|123456|25054404|STUDENT
25054405|123456|25054405|STUDENT
25054406|123456|25054406|STUDENT
25054407|123456|25054407|STUDENT
25054408|123456|25054408|STUDENT
25054409|123456|25054409|STUDENT
25054410|123456|25054410|STUDENT
25054411|123456|25054411|STUDENT
25054412|123456|25054412|STUDENT
25054413|123456|25054413|STUDENT
25054414|123456|25054414|STUDENT
25054415|123456|25054415|STUDENT
25054416|123456|25054416|STUDENT
25054417|123456|25054417|STUDENT
25054418|123456|25054418|STUDENT
25054419|123456|25054419|STUDENT
25054420|123456|25054420|STUDENT
25054421|123456|25054421|STUDENT
25054422|123456|25054422|STUDENT
25054423|123456|25054423|STUDENT
25054424|123456|25054424|STUDENT
25054425|123456|25054425|STUDENT
25054426|123456|25054426|STUDENT
25054427|123456|25054427|STUDENT
25054428|123456|25054428|STUDENT
25054429|123456|25054429|STUDENT
25054430|123456|25054430|STUDENT
25054431|123456|25054431|STUDENT
25054432|123456|25054432|STUDENT
25054433|123456|25054433|STUDENT
25054434|123456|25054434|STUDENT
25054435|123456|25054435|STUDENT
25054436|123456|25054436|STUDENT
25054437|123456|25054437|STUDENT
25054438|123456|25054438|STUDENT
25054439|123456|25054439|STUDENT
25054440|123456|25054440|STUDENT
24061101|123456|24061101|STUDENT
24061102|123456|24061102|STUDENT
24061103|123456|24061103|STUDENT
24061104|123456|24061104|STUDENT
24061105|123456|24061105|STUDENT
24061106|123456|24061106|STUDENT
24061107|123456|24061107|STUDENT
24061108|123456|24061108|STUDENT
24061109|123456|24061109|STUDENT
24061110|123456|24061110|STUDENT
24061111|123456|24061111|STUDENT
24061112|123456|24061112|STUDENT
24061113|123456|24061113|STUDENT
24061114|123456|24061114|STUDENT
24061115|123456|24061115|STUDENT
24061116|123456|24061116|STUDENT
24061117|123456|24061117|STUDENT
24061118|123456|24061118|STUDENT
24061119|123456|24061119|STUDENT
24061120|123456|24061120|STUDENT
24061121|123456|24061121|STUDENT
24061122|123456|24061122|STUDENT
24061123|123456|24061123|STUDENT
24061124|123456|24061124|STUDENT
24061125|123456|24061125|STUDENT
24061126|123456|24061126|STUDENT
24061127|123456|24061127|STUDENT
24061128|123456|24061128|STUDENT
24061129|123456|24061129|STUDENT
24061130|123456|24061130|STUDENT
24061131|123456|24061131|STUDENT
24061132|123456|24061132|STUDENT
24061133|123456|24061133|STUDENT
24061134|123456|24061134|STUDENT
24061135|123456|24061135|STUDENT
24061136|123456|24061136|STUDENT
24061137|123456|24061137|STUDENT
24061138|123456|24061138|STUDENT
24061139|123456|24061139|STUDENT
24061140|123456|24061140|STUDENT
24061201|123456|24061201|STUDENT
24061202|123456|24061202|STUDENT
24061203|123456|24061203|STUDENT
24061204|123456|24061204|STUDENT
24061205|123456|24061205|STUDENT
24061206|123456|24061206|STUDENT
24061207|123456|24061207|STUDENT
24061208|123456|24061208|STUDENT
24061209|123456|24061209|STUDENT
24061210|123456|24061210|STUDENT
24061211|123456|24061211|STUDENT
24061212|123456|24061212|STUDENT
24061213|123456|24061213|STUDENT
24061214|123456|24061214|STUDENT
24061215|123456|24061215|STUDENT
24061216|123456|24061216|STUDENT
24061217|123456|24061217|STUDENT
24061218|123456|24061218|STUDENT
24061219|123456|24061219|STUDENT
24061220|123456|24061220|STUDENT
24061221|123456|24061221|STUDENT
24061222|123456|24061222|STUDENT
24061223|123456|24061223|STUDENT
24061224|123456|24061224|STUDENT
24061225|123456|24061225|STUDENT
24061226|123456|24061226|STUDENT
24061227|123456|24061227|STUDENT
24061228|123456|24061228|STUDENT
24061229|123456|24061229|STUDENT
24061230|123456|24061230|STUDENT
24061231|123456|24061231|STUDENT
24061232|123456|24061232|STUDENT
24061233|123456|24061233|STUDENT
24061234|123456|24061234|STUDENT
24061235|123456|24061235|STUDENT
24061236|123456|24061236|STUDENT
24061237|123456|24061237|STUDENT
24061238|123456|24061238|STUDENT
24061239|123456|24061239|STUDENT
24061240|123456|24061240|STUDENT
24061301|123456|24061301|STUDENT
24061302|123456|24061302|STUDENT
24061303|123456|24061303|STUDENT
24061304|123456|24061304|STUDENT
24061305|123456|24061305|STUDENT
24061306|123456|24061306|STUDENT
24061307|123456|24061307|STUDENT
24061308|123456|24061308|STUDENT
24061309|123456|24061309|STUDENT
24061310|123456|24061310|STUDENT
24061311|123456|24061311|STUDENT
24061312|123456|24061312|STUDENT
24061313|123456|24061313|STUDENT
24061314|123456|24061314|STUDENT
24061315|123456|24061315|STUDENT
24061316|123456|24061316|STUDENT
24061317|123456|24061317|STUDENT
24061318|123456|24061318|STUDENT
24061319|123456|24061319|STUDENT
24061320|123456|24061320|STUDENT
24061321|123456|24061321|STUDENT
24061322|123456|24061322|STUDENT
24061323|123456|24061323|STUDENT
24061324|123456|24061324|STUDENT
24061325|123456|24061325|STUDENT
24061326|123456|24061326|STUDENT
24061327|123456|24061327|STUDENT
24061328|123456|24061328|STUDENT
24061329|123456|24061329|STUDENT
24061330|123456|24061330|STUDENT
24061331|123456|24061331|STUDENT
24061332|123456|24061332|STUDENT
24061333|123456|24061333|STUDENT
24061334|123456|24061334|STUDENT
24061335|123456|24061335|STUDENT
24061336|123456|24061336|STUDENT
24061337|123456|24061337|STUDENT
24061338|123456|24061338|STUDENT
24061339|123456|24061339|STUDENT
24061340|123456|24061340|STUDENT
24061401|123456|24061401|STUDENT
24061402|123456|24061402|STUDENT
24061403|123456|24061403|STUDENT
24061404|123456|24061404|STUDENT
24061405|123456|24061405|STUDENT
24061406|123456|24061406|STUDENT
24061407|123456|24061407|STUDENT
24061408|123456|24061408|STUDENT
24061409|123456|24061409|STUDENT
24061410|123456|24061410|STUDENT
24061411|123456|24061411|STUDENT
24061412|123456|24061412|STUDENT
24061413|123456|24061413|STUDENT
24061414|123456|24061414|STUDENT
24061415|123456|24061415|STUDENT
24061416|123456|24061416|STUDENT
24061417|123456|24061417|STUDENT
24061418|123456|24061418|STUDENT
24061419|123456|24061419|STUDENT
24061420|123456|24061420|STUDENT
24061421|123456|24061421|STUDENT
24061422|123456|24061422|STUDENT
24061423|123456|24061423|STUDENT
24061424|123456|24061424|STUDENT
24061425|123456|24061425|STUDENT
24061426|123456|24061426|STUDENT
24061427|123456|24061427|STUDENT
24061428|123456|24061428|STUDENT
24061429|123456|24061429|STUDENT
24061430|123456|24061430|STUDENT
24061431|123456|24061431|STUDENT
24061432|123456|24061432|STUDENT
24061433|123456|24061433|STUDENT
24061434|123456|24061434|STUDENT
24061435|123456|24061435|STUDENT
24061436|123456|24061436|STUDENT
24061437|123456|24061437|STUDENT
24061438|123456|24061438|STUDENT
24061439|123456|24061439|STUDENT
24061440|123456|24061440|STUDENT
24062101|123456|24062101|STUDENT
24062102|123456|24062102|STUDENT
24062103|123456|24062103|STUDENT
24062104|123456|24062104|STUDENT
24062105|123456|24062105|STUDENT
24062106|123456|24062106|STUDENT
24062107|123456|24062107|STUDENT
24062108|123456|24062108|STUDENT
24062109|123456|24062109|STUDENT
24062110|123456|24062110|STUDENT
24062111|123456|24062111|STUDENT
24062112|123456|24062112|STUDENT
24062113|123456|24062113|STUDENT
24062114|123456|24062114|STUDENT
24062115|123456|24062115|STUDENT
24062116|123456|24062116|STUDENT
24062117|123456|24062117|STUDENT
24062118|123456|24062118|STUDENT
24062119|123456|24062119|STUDENT
24062120|123456|24062120|STUDENT
24062121|123456|24062121|STUDENT
24062122|123456|24062122|STUDENT
24062123|123456|24062123|STUDENT
24062124|123456|24062124|STUDENT
24062125|123456|24062125|STUDENT
24062126|123456|24062126|STUDENT
24062127|123456|24062127|STUDENT
24062128|123456|24062128|STUDENT
24062129|123456|24062129|STUDENT
24062130|123456|24062130|STUDENT
24062131|123456|24062131|STUDENT
24062132|123456|24062132|STUDENT
24062133|123456|24062133|STUDENT
24062134|123456|24062134|STUDENT
24062135|123456|24062135|STUDENT
24062136|123456|24062136|STUDENT
24062137|123456|24062137|STUDENT
24062138|123456|24062138|STUDENT
24062139|123456|24062139|STUDENT
24062140|123456|24062140|STUDENT
24062201|123456|24062201|STUDENT
24062202|123456|24062202|STUDENT
24062203|123456|24062203|STUDENT
24062204|123456|24062204|STUDENT
24062205|123456|24062205|STUDENT
24062206|123456|24062206|STUDENT
24062207|123456|24062207|STUDENT
24062208|123456|24062208|STUDENT
24062209|123456|24062209|STUDENT
24062210|123456|24062210|STUDENT
24062211|123456|24062211|STUDENT
24062212|123456|24062212|STUDENT
24062213|123456|24062213|STUDENT
24062214|123456|24062214|STUDENT
24062215|123456|24062215|STUDENT
24062216|123456|24062216|STUDENT
24062217|123456|24062217|STUDENT
24062218|123456|24062218|STUDENT
24062219|123456|24062219|STUDENT
24062220|123456|24062220|STUDENT
24062221|123456|24062221|STUDENT
24062222|123456|24062222|STUDENT
24062223|123456|24062223|STUDENT
24062224|123456|24062224|STUDENT
24062225|123456|24062225|STUDENT
24062226|123456|24062226|STUDENT
24062227|123456|24062227|STUDENT
24062228|123456|24062228|STUDENT
24062229|123456|24062229|STUDENT
24062230|123456|24062230|STUDENT
24062231|123456|24062231|STUDENT
24062232|123456|24062232|STUDENT
24062233|123456|24062233|STUDENT
24062234|123456|24062234|STUDENT
24062235|123456|24062235|STUDENT
24062236|123456|24062236|STUDENT
24062237|123456|24062237|STUDENT
24062238|123456|24062238|STUDENT
24062239|123456|24062239|STUDENT
24062240|123456|24062240|STUDENT
24062301|123456|24062301|STUDENT
24062302|123456|24062302|STUDENT
24062303|123456|24062303|STUDENT
24062304|123456|24062304|STUDENT
24062305|123456|24062305|STUDENT
24062306|123456|24062306|STUDENT
24062307|123456|24062307|STUDENT
24062308|123456|24062308|STUDENT
24062309|123456|24062309|STUDENT
24062310|123456|24062310|STUDENT
24062311|123456|24062311|STUDENT
24062312|123456|24062312|STUDENT
24062313|123456|24062313|STUDENT
24062314|123456|24062314|STUDENT
24062315|123456|24062315|STUDENT
24062316|123456|24062316|STUDENT
24062317|123456|24062317|STUDENT
24062318|123456|24062318|STUDENT
24062319|123456|24062319|STUDENT
24062320|123456|24062320|STUDENT
24062321|123456|24062321|STUDENT
24062322|123456|24062322|STUDENT
24062323|123456|24062323|STUDENT
24062324|123456|24062324|STUDENT
24062325|123456|24062325|STUDENT
24062326|123456|24062326|STUDENT
24062327|123456|24062327|STUDENT
24062328|123456|24062328|STUDENT
24062329|123456|24062329|STUDENT
24062330|123456|24062330|STUDENT
24062331|123456|24062331|STUDENT
24062332|123456|24062332|STUDENT
24062333|123456|24062333|STUDENT
24062334|123456|24062334|STUDENT
24062335|123456|24062335|STUDENT
24062336|123456|24062336|STUDENT
24062337|123456|24062337|STUDENT
24062338|123456|24062338|STUDENT
24062339|123456|24062339|STUDENT
24062340|123456|24062340|STUDENT
24062401|123456|24062401|STUDENT
24062402|123456|24062402|STUDENT
24062403|123456|24062403|STUDENT
24062404|123456|24062404|STUDENT
24062405|123456|24062405|STUDENT
24062406|123456|24062406|STUDENT
24062407|123456|24062407|STUDENT
24062408|123456|24062408|STUDENT
24062409|123456|24062409|STUDENT
24062410|123456|24062410|STUDENT
24062411|123456|24062411|STUDENT
24062412|123456|24062412|STUDENT
24062413|123456|24062413|STUDENT
24062414|123456|24062414|STUDENT
24062415|123456|24062415|STUDENT
24062416|123456|24062416|STUDENT
24062417|123456|24062417|STUDENT
24062418|123456|24062418|STUDENT
24062419|123456|24062419|STUDENT
24062420|123456|24062420|STUDENT
24062421|123456|24062421|STUDENT
24062422|123456|24062422|STUDENT
24062423|123456|24062423|STUDENT
24062424|123456|24062424|STUDENT
24062425|123456|24062425|STUDENT
24062426|123456|24062426|STUDENT
24062427|123456|24062427|STUDENT
24062428|123456|24062428|STUDENT
24062429|123456|24062429|STUDENT
24062430|123456|24062430|STUDENT
24062431|123456|24062431|STUDENT
24062432|123456|24062432|STUDENT
24062433|123456|24062433|STUDENT
24062434|123456|24062434|STUDENT
24062435|123456|24062435|STUDENT
24062436|123456|24062436|STUDENT
24062437|123456|24062437|STUDENT
24062438|123456|24062438|STUDENT
24062439|123456|24062439|STUDENT
24062440|123456|24062440|STUDENT
24063101|123456|24063101|STUDENT
24063102|123456|24063102|STUDENT
24063103|123456|24063103|STUDENT
24063104|123456|24063104|STUDENT
24063105|123456|24063105|STUDENT
24063106|123456|24063106|STUDENT
24063107|123456|24063107|STUDENT
24063108|123456|24063108|STUDENT
24063109|123456|24063109|STUDENT
24063110|123456|24063110|STUDENT
24063111|123456|24063111|STUDENT
24063112|123456|24063112|STUDENT
24063113|123456|24063113|STUDENT
24063114|123456|24063114|STUDENT
24063115|123456|24063115|STUDENT
24063116|123456|24063116|STUDENT
24063117|123456|24063117|STUDENT
24063118|123456|24063118|STUDENT
24063119|123456|24063119|STUDENT
24063120|123456|24063120|STUDENT
24063121|123456|24063121|STUDENT
24063122|123456|24063122|STUDENT
24063123|123456|24063123|STUDENT
24063124|123456|24063124|STUDENT
24063125|123456|24063125|STUDENT
24063126|123456|24063126|STUDENT
24063127|123456|24063127|STUDENT
24063128|123456|24063128|STUDENT
24063129|123456|24063129|STUDENT
24063130|123456|24063130|STUDENT
24063131|123456|24063131|STUDENT
24063132|123456|24063132|STUDENT
24063133|123456|24063133|STUDENT
24063134|123456|24063134|STUDENT
24063135|123456|24063135|STUDENT
24063136|123456|24063136|STUDENT
24063137|123456|24063137|STUDENT
24063138|123456|24063138|STUDENT
24063139|123456|24063139|STUDENT
24063140|123456|24063140|STUDENT
24063201|123456|24063201|STUDENT
24063202|123456|24063202|STUDENT
24063203|123456|24063203|STUDENT
24063204|123456|24063204|STUDENT
24063205|123456|24063205|STUDENT
24063206|123456|24063206|STUDENT
24063207|123456|24063207|STUDENT
24063208|123456|24063208|STUDENT
24063209|123456|24063209|STUDENT
24063210|123456|24063210|STUDENT
24063211|123456|24063211|STUDENT
24063212|123456|24063212|STUDENT
24063213|123456|24063213|STUDENT
24063214|123456|24063214|STUDENT
24063215|123456|24063215|STUDENT
24063216|123456|24063216|STUDENT
24063217|123456|24063217|STUDENT
24063218|123456|24063218|STUDENT
24063219|123456|24063219|STUDENT
24063220|123456|24063220|STUDENT
24063221|123456|24063221|STUDENT
24063222|123456|24063222|STUDENT
24063223|123456|24063223|STUDENT
24063224|123456|24063224|STUDENT
24063225|123456|24063225|STUDENT
24063226|123456|24063226|STUDENT
24063227|123456|24063227|STUDENT
24063228|123456|24063228|STUDENT
24063229|123456|24063229|STUDENT
24063230|123456|24063230|STUDENT
24063231|123456|24063231|STUDENT
24063232|123456|24063232|STUDENT
24063233|123456|24063233|STUDENT
24063234|123456|24063234|STUDENT
24063235|123456|24063235|STUDENT
24063236|123456|24063236|STUDENT
24063237|123456|24063237|STUDENT
24063238|123456|24063238|STUDENT
24063239|123456|24063239|STUDENT
24063240|123456|24063240|STUDENT
24063301|123456|24063301|STUDENT
24063302|123456|24063302|STUDENT
24063303|123456|24063303|STUDENT
24063304|123456|24063304|STUDENT
24063305|123456|24063305|STUDENT
24063306|123456|24063306|STUDENT
24063307|123456|24063307|STUDENT
24063308|123456|24063308|STUDENT
24063309|123456|24063309|STUDENT
24063310|123456|24063310|STUDENT
24063311|123456|24063311|STUDENT
24063312|123456|24063312|STUDENT
24063313|123456|24063313|STUDENT
24063314|123456|24063314|STUDENT
24063315|123456|24063315|STUDENT
24063316|123456|24063316|STUDENT
24063317|123456|24063317|STUDENT
24063318|123456|24063318|STUDENT
24063319|123456|24063319|STUDENT
24063320|123456|24063320|STUDENT
24063321|123456|24063321|STUDENT
24063322|123456|24063322|STUDENT
24063323|123456|24063323|STUDENT
24063324|123456|24063324|STUDENT
24063325|123456|24063325|STUDENT
24063326|123456|24063326|STUDENT
24063327|123456|24063327|STUDENT
24063328|123456|24063328|STUDENT
24063329|123456|24063329|STUDENT
24063330|123456|24063330|STUDENT
24063331|123456|24063331|STUDENT
24063332|123456|24063332|STUDENT
24063333|123456|24063333|STUDENT
24063334|123456|24063334|STUDENT
24063335|123456|24063335|STUDENT
24063336|123456|24063336|STUDENT
24063337|123456|24063337|STUDENT
24063338|123456|24063338|STUDENT
24063339|123456|24063339|STUDENT
24063340|123456|24063340|STUDENT
24063401|123456|24063401|STUDENT
24063402|123456|24063402|STUDENT
24063403|123456|24063403|STUDENT
24063404|123456|24063404|STUDENT
24063405|123456|24063405|STUDENT
24063406|123456|24063406|STUDENT
24063407|123456|24063407|STUDENT
24063408|123456|24063408|STUDENT
24063409|123456|24063409|STUDENT
24063410|123456|24063410|STUDENT
24063411|123456|24063411|STUDENT
24063412|123456|24063412|STUDENT
24063413|123456|24063413|STUDENT
24063414|123456|24063414|STUDENT
24063415|123456|24063415|STUDENT
24063416|123456|24063416|STUDENT
24063417|123456|24063417|STUDENT
24063418|123456|24063418|STUDENT
24063419|123456|24063419|STUDENT
24063420|123456|24063420|STUDENT
24063421|123456|24063421|STUDENT
24063422|123456|24063422|STUDENT
24063423|123456|24063423|STUDENT
24063424|123456|24063424|STUDENT
24063425|123456|24063425|STUDENT
24063426|123456|24063426|STUDENT
24063427|123456|24063427|STUDENT
24063428|123456|24063428|STUDENT
24063429|123456|24063429|STUDENT
24063430|123456|24063430|STUDENT
24063431|123456|24063431|STUDENT
24063432|123456|24063432|STUDENT
24063433|123456|24063433|STUDENT
24063434|123456|24063434|STUDENT
24063435|123456|24063435|STUDENT
24063436|123456|24063436|STUDENT
24063437|123456|24063437|STUDENT
24063438|123456|24063438|STUDENT
24063439|123456|24063439|STUDENT
24063440|123456|24063440|STUDENT
24064101|123456|24064101|STUDENT
24064102|123456|24064102|STUDENT
24064103|123456|24064103|STUDENT
24064104|123456|24064104|STUDENT
24064105|123456|24064105|STUDENT
24064106|123456|24064106|STUDENT
24064107|123456|24064107|STUDENT
24064108|123456|24064108|STUDENT
24064109|123456|24064109|STUDENT
24064110|123456|24064110|STUDENT
24064111|123456|24064111|STUDENT
24064112|123456|24064112|STUDENT
24064113|123456|24064113|STUDENT
24064114|123456|24064114|STUDENT
24064115|123456|24064115|STUDENT
24064116|123456|24064116|STUDENT
24064117|123456|24064117|STUDENT
24064118|123456|24064118|STUDENT
24064119|123456|24064119|STUDENT
24064120|123456|24064120|STUDENT
24064121|123456|24064121|STUDENT
24064122|123456|24064122|STUDENT
24064123|123456|24064123|STUDENT
24064124|123456|24064124|STUDENT
24064125|123456|24064125|STUDENT
24064126|123456|24064126|STUDENT
24064127|123456|24064127|STUDENT
24064128|123456|24064128|STUDENT
24064129|123456|24064129|STUDENT
24064130|123456|24064130|STUDENT
24064131|123456|24064131|STUDENT
24064132|123456|24064132|STUDENT
24064133|123456|24064133|STUDENT
24064134|123456|24064134|STUDENT
24064135|123456|24064135|STUDENT
24064136|123456|24064136|STUDENT
24064137|123456|24064137|STUDENT
24064138|123456|24064138|STUDENT
24064139|123456|24064139|STUDENT
24064140|123456|24064140|STUDENT
24064201|123456|24064201|STUDENT
24064202|123456|24064202|STUDENT
24064203|123456|24064203|STUDENT
24064204|123456|24064204|STUDENT
24064205|123456|24064205|STUDENT
24064206|123456|24064206|STUDENT
24064207|123456|24064207|STUDENT
24064208|123456|24064208|STUDENT
24064209|123456|24064209|STUDENT
24064210|123456|24064210|STUDENT
24064211|123456|24064211|STUDENT
24064212|123456|24064212|STUDENT
24064213|123456|24064213|STUDENT
24064214|123456|24064214|STUDENT
24064215|123456|24064215|STUDENT
24064216|123456|24064216|STUDENT
24064217|123456|24064217|STUDENT
24064218|123456|24064218|STUDENT
24064219|123456|24064219|STUDENT
24064220|123456|24064220|STUDENT
24064221|123456|24064221|STUDENT
24064222|123456|24064222|STUDENT
24064223|123456|24064223|STUDENT
24064224|123456|24064224|STUDENT
24064225|123456|24064225|STUDENT
24064226|123456|24064226|STUDENT
24064227|123456|24064227|STUDENT
24064228|123456|24064228|STUDENT
24064229|123456|24064229|STUDENT
24064230|123456|24064230|STUDENT
24064231|123456|24064231|STUDENT
24064232|123456|24064232|STUDENT
24064233|123456|24064233|STUDENT
24064234|123456|24064234|STUDENT
24064235|123456|24064235|STUDENT
24064236|123456|24064236|STUDENT
24064237|123456|24064237|STUDENT
24064238|123456|24064238|STUDENT
24064239|123456|24064239|STUDENT
24064240|123456|24064240|STUDENT
24064301|123456|24064301|STUDENT
24064302|123456|24064302|STUDENT
24064303|123456|24064303|STUDENT
24064304|123456|24064304|STUDENT
24064305|123456|24064305|STUDENT
24064306|123456|24064306|STUDENT
24064307|123456|24064307|STUDENT
24064308|123456|24064308|STUDENT
24064309|123456|24064309|STUDENT
24064310|123456|24064310|STUDENT
24064311|123456|24064311|STUDENT
24064312|123456|24064312|STUDENT
24064313|123456|24064313|STUDENT
24064314|123456|24064314|STUDENT
24064315|123456|24064315|STUDENT
24064316|123456|24064316|STUDENT
24064317|123456|24064317|STUDENT
24064318|123456|24064318|STUDENT
24064319|123456|24064319|STUDENT
24064320|123456|24064320|STUDENT
24064321|123456|24064321|STUDENT
24064322|123456|24064322|STUDENT
24064323|123456|24064323|STUDENT
24064324|123456|24064324|STUDENT
24064325|123456|24064325|STUDENT
24064326|123456|24064326|STUDENT
24064327|123456|24064327|STUDENT
24064328|123456|24064328|STUDENT
24064329|123456|24064329|STUDENT
24064330|123456|24064330|STUDENT
24064331|123456|24064331|STUDENT
24064332|123456|24064332|STUDENT
24064333|123456|24064333|STUDENT
24064334|123456|24064334|STUDENT
24064335|123456|24064335|STUDENT
24064336|123456|24064336|STUDENT
24064337|123456|24064337|STUDENT
24064338|123456|24064338|STUDENT
24064339|123456|24064339|STUDENT
24064340|123456|24064340|STUDENT
24064401|123456|24064401|STUDENT
24064402|123456|24064402|STUDENT
24064403|123456|24064403|STUDENT
24064404|123456|24064404|STUDENT
24064405|123456|24064405|STUDENT
24064406|123456|24064406|STUDENT
24064407|123456|24064407|STUDENT
24064408|123456|24064408|STUDENT
24064409|123456|24064409|STUDENT
24064410|123456|24064410|STUDENT
24064411|123456|24064411|STUDENT
24064412|123456|24064412|STUDENT
24064413|123456|24064413|STUDENT
24064414|123456|24064414|STUDENT
24064415|123456|24064415|STUDENT
24064416|123456|24064416|STUDENT
24064417|123456|24064417|STUDENT
24064418|123456|24064418|STUDENT
24064419|123456|24064419|STUDENT
24064420|123456|24064420|STUDENT
24064421|123456|24064421|STUDENT
24064422|123456|24064422|STUDENT
24064423|123456|24064423|STUDENT
24064424|123456|24064424|STUDENT
24064425|123456|24064425|STUDENT
24064426|123456|24064426|STUDENT
24064427|123456|24064427|STUDENT
24064428|123456|24064428|STUDENT
24064429|123456|24064429|STUDENT
24064430|123456|24064430|STUDENT
24064431|123456|24064431|STUDENT
24064432|123456|24064432|STUDENT
24064433|123456|24064433|STUDENT
24064434|123456|24064434|STUDENT
24064435|123456|24064435|STUDENT
24064436|123456|24064436|STUDENT
24064437|123456|24064437|STUDENT
24064438|123456|24064438|STUDENT
24064439|123456|24064439|STUDENT
24064440|123456|24064440|STUDENT
25061101|123456|25061101|STUDENT
25061102|123456|25061102|STUDENT
25061103|123456|25061103|STUDENT
25061104|123456|25061104|STUDENT
25061105|123456|25061105|STUDENT
25061106|123456|25061106|STUDENT
25061107|123456|25061107|STUDENT
25061108|123456|25061108|STUDENT
25061109|123456|25061109|STUDENT
25061110|123456|25061110|STUDENT
25061111|123456|25061111|STUDENT
25061112|123456|25061112|STUDENT
25061113|123456|25061113|STUDENT
25061114|123456|25061114|STUDENT
25061115|123456|25061115|STUDENT
25061116|123456|25061116|STUDENT
25061117|123456|25061117|STUDENT
25061118|123456|25061118|STUDENT
25061119|123456|25061119|STUDENT
25061120|123456|25061120|STUDENT
25061121|123456|25061121|STUDENT
25061122|123456|25061122|STUDENT
25061123|123456|25061123|STUDENT
25061124|123456|25061124|STUDENT
25061125|123456|25061125|STUDENT
25061126|123456|25061126|STUDENT
25061127|123456|25061127|STUDENT
25061128|123456|25061128|STUDENT
25061129|123456|25061129|STUDENT
25061130|123456|25061130|STUDENT
25061131|123456|25061131|STUDENT
25061132|123456|25061132|STUDENT
25061133|123456|25061133|STUDENT
25061134|123456|25061134|STUDENT
25061135|123456|25061135|STUDENT
25061136|123456|25061136|STUDENT
25061137|123456|25061137|STUDENT
25061138|123456|25061138|STUDENT
25061139|123456|25061139|STUDENT
25061140|123456|25061140|STUDENT
25061201|123456|25061201|STUDENT
25061202|123456|25061202|STUDENT
25061203|123456|25061203|STUDENT
25061204|123456|25061204|STUDENT
25061205|123456|25061205|STUDENT
25061206|123456|25061206|STUDENT
25061207|123456|25061207|STUDENT
25061208|123456|25061208|STUDENT
25061209|123456|25061209|STUDENT
25061210|123456|25061210|STUDENT
25061211|123456|25061211|STUDENT
25061212|123456|25061212|STUDENT
25061213|123456|25061213|STUDENT
25061214|123456|25061214|STUDENT
25061215|123456|25061215|STUDENT
25061216|123456|25061216|STUDENT
25061217|123456|25061217|STUDENT
25061218|123456|25061218|STUDENT
25061219|123456|25061219|STUDENT
25061220|123456|25061220|STUDENT
25061221|123456|25061221|STUDENT
25061222|123456|25061222|STUDENT
25061223|123456|25061223|STUDENT
25061224|123456|25061224|STUDENT
25061225|123456|25061225|STUDENT
25061226|123456|25061226|STUDENT
25061227|123456|25061227|STUDENT
25061228|123456|25061228|STUDENT
25061229|123456|25061229|STUDENT
25061230|123456|25061230|STUDENT
25061231|123456|25061231|STUDENT
25061232|123456|25061232|STUDENT
25061233|123456|25061233|STUDENT
25061234|123456|25061234|STUDENT
25061235|123456|25061235|STUDENT
25061236|123456|25061236|STUDENT
25061237|123456|25061237|STUDENT
25061238|123456|25061238|STUDENT
25061239|123456|25061239|STUDENT
25061240|123456|25061240|STUDENT
25061301|123456|25061301|STUDENT
25061302|123456|25061302|STUDENT
25061303|123456|25061303|STUDENT
25061304|123456|25061304|STUDENT
25061305|123456|25061305|STUDENT
25061306|123456|25061306|STUDENT
25061307|123456|25061307|STUDENT
25061308|123456|25061308|STUDENT
25061309|123456|25061309|STUDENT
25061310|123456|25061310|STUDENT
25061311|123456|25061311|STUDENT
25061312|123456|25061312|STUDENT
25061313|123456|25061313|STUDENT
25061314|123456|25061314|STUDENT
25061315|123456|25061315|STUDENT
25061316|123456|25061316|STUDENT
25061317|123456|25061317|STUDENT
25061318|123456|25061318|STUDENT
25061319|123456|25061319|STUDENT
25061320|123456|25061320|STUDENT
25061321|123456|25061321|STUDENT
25061322|123456|25061322|STUDENT
25061323|123456|25061323|STUDENT
25061324|123456|25061324|STUDENT
25061325|123456|25061325|STUDENT
25061326|123456|25061326|STUDENT
25061327|123456|25061327|STUDENT
25061328|123456|25061328|STUDENT
25061329|123456|25061329|STUDENT
25061330|123456|25061330|STUDENT
25061331|123456|25061331|STUDENT
25061332|123456|25061332|STUDENT
25061333|123456|25061333|STUDENT
25061334|123456|25061334|STUDENT
25061335|123456|25061335|STUDENT
25061336|123456|25061336|STUDENT
25061337|123456|25061337|STUDENT
25061338|123456|25061338|STUDENT
25061339|123456|25061339|STUDENT
25061340|123456|25061340|STUDENT
25061401|123456|25061401|STUDENT
25061402|123456|25061402|STUDENT
25061403|123456|25061403|STUDENT
25061404|123456|25061404|STUDENT
25061405|123456|25061405|STUDENT
25061406|123456|25061406|STUDENT
25061407|123456|25061407|STUDENT
25061408|123456|25061408|STUDENT
25061409|123456|25061409|STUDENT
25061410|123456|25061410|STUDENT
25061411|123456|25061411|STUDENT
25061412|123456|25061412|STUDENT
25061413|123456|25061413|STUDENT
25061414|123456|25061414|STUDENT
25061415|123456|25061415|STUDENT
25061416|123456|25061416|STUDENT
25061417|123456|25061417|STUDENT
25061418|123456|25061418|STUDENT
25061419|123456|25061419|STUDENT
25061420|123456|25061420|STUDENT
25061421|123456|25061421|STUDENT
25061422|123456|25061422|STUDENT
25061423|123456|25061423|STUDENT
25061424|123456|25061424|STUDENT
25061425|123456|25061425|STUDENT
25061426|123456|25061426|STUDENT
25061427|123456|25061427|STUDENT
25061428|123456|25061428|STUDENT
25061429|123456|25061429|STUDENT
25061430|123456|25061430|STUDENT
25061431|123456|25061431|STUDENT
25061432|123456|25061432|STUDENT
25061433|123456|25061433|STUDENT
25061434|123456|25061434|STUDENT
25061435|123456|25061435|STUDENT
25061436|123456|25061436|STUDENT
25061437|123456|25061437|STUDENT
25061438|123456|25061438|STUDENT
25061439|123456|25061439|STUDENT
25061440|123456|25061440|STUDENT
25062101|123456|25062101|STUDENT
25062102|123456|25062102|STUDENT
25062103|123456|25062103|STUDENT
25062104|123456|25062104|STUDENT
25062105|123456|25062105|STUDENT
25062106|123456|25062106|STUDENT
25062107|123456|25062107|STUDENT
25062108|123456|25062108|STUDENT
25062109|123456|25062109|STUDENT
25062110|123456|25062110|STUDENT
25062111|123456|25062111|STUDENT
25062112|123456|25062112|STUDENT
25062113|123456|25062113|STUDENT
25062114|123456|25062114|STUDENT
25062115|123456|25062115|STUDENT
25062116|123456|25062116|STUDENT
25062117|123456|25062117|STUDENT
25062118|123456|25062118|STUDENT
25062119|123456|25062119|STUDENT
25062120|123456|25062120|STUDENT
25062121|123456|25062121|STUDENT
25062122|123456|25062122|STUDENT
25062123|123456|25062123|STUDENT
25062124|123456|25062124|STUDENT
25062125|123456|25062125|STUDENT
25062126|123456|25062126|STUDENT
25062127|123456|25062127|STUDENT
25062128|123456|25062128|STUDENT
25062129|123456|25062129|STUDENT
25062130|123456|25062130|STUDENT
25062131|123456|25062131|STUDENT
25062132|123456|25062132|STUDENT
25062133|123456|25062133|STUDENT
25062134|123456|25062134|STUDENT
25062135|123456|25062135|STUDENT
25062136|123456|25062136|STUDENT
25062137|123456|25062137|STUDENT
25062138|123456|25062138|STUDENT
25062139|123456|25062139|STUDENT
25062140|123456|25062140|STUDENT
25062201|123456|25062201|STUDENT
25062202|123456|25062202|STUDENT
25062203|123456|25062203|STUDENT
25062204|123456|25062204|STUDENT
25062205|123456|25062205|STUDENT
25062206|123456|25062206|STUDENT
25062207|123456|25062207|STUDENT
25062208|123456|25062208|STUDENT
25062209|123456|25062209|STUDENT
25062210|123456|25062210|STUDENT
25062211|123456|25062211|STUDENT
25062212|123456|25062212|STUDENT
25062213|123456|25062213|STUDENT
25062214|123456|25062214|STUDENT
25062215|123456|25062215|STUDENT
25062216|123456|25062216|STUDENT
25062217|123456|25062217|STUDENT
25062218|123456|25062218|STUDENT
25062219|123456|25062219|STUDENT
25062220|123456|25062220|STUDENT
25062221|123456|25062221|STUDENT
25062222|123456|25062222|STUDENT
25062223|123456|25062223|STUDENT
25062224|123456|25062224|STUDENT
25062225|123456|25062225|STUDENT
25062226|123456|25062226|STUDENT
25062227|123456|25062227|STUDENT
25062228|123456|25062228|STUDENT
25062229|123456|25062229|STUDENT
25062230|123456|25062230|STUDENT
25062231|123456|25062231|STUDENT
25062232|123456|25062232|STUDENT
25062233|123456|25062233|STUDENT
25062234|123456|25062234|STUDENT
25062235|123456|25062235|STUDENT
25062236|123456|25062236|STUDENT
25062237|123456|25062237|STUDENT
25062238|123456|25062238|STUDENT
25062239|123456|25062239|STUDENT
25062240|123456|25062240|STUDENT
25062301|123456|25062301|STUDENT
25062302|123456|25062302|STUDENT
25062303|123456|25062303|STUDENT
25062304|123456|25062304|STUDENT
25062305|123456|25062305|STUDENT
25062306|123456|25062306|STUDENT
25062307|123456|25062307|STUDENT
25062308|123456|25062308|STUDENT
25062309|123456|25062309|STUDENT
25062310|123456|25062310|STUDENT
25062311|123456|25062311|STUDENT
25062312|123456|25062312|STUDENT
25062313|123456|25062313|STUDENT
25062314|123456|25062314|STUDENT
25062315|123456|25062315|STUDENT
25062316|123456|25062316|STUDENT
25062317|123456|25062317|STUDENT
25062318|123456|25062318|STUDENT
25062319|123456|25062319|STUDENT
25062320|123456|25062320|STUDENT
25062321|123456|25062321|STUDENT
25062322|123456|25062322|STUDENT
25062323|123456|25062323|STUDENT
25062324|123456|25062324|STUDENT
25062325|123456|25062325|STUDENT
25062326|123456|25062326|STUDENT
25062327|123456|25062327|STUDENT
25062328|123456|25062328|STUDENT
25062329|123456|25062329|STUDENT
25062330|123456|25062330|STUDENT
25062331|123456|25062331|STUDENT
25062332|123456|25062332|STUDENT
25062333|123456|25062333|STUDENT
25062334|123456|25062334|STUDENT
25062335|123456|25062335|STUDENT
25062336|123456|25062336|STUDENT
25062337|123456|25062337|STUDENT
25062338|123456|25062338|STUDENT
25062339|123456|25062339|STUDENT
25062340|123456|25062340|STUDENT
25062401|123456|25062401|STUDENT
25062402|123456|25062402|STUDENT
25062403|123456|25062403|STUDENT
25062404|123456|25062404|STUDENT
25062405|123456|25062405|STUDENT
25062406|123456|25062406|STUDENT
25062407|123456|25062407|STUDENT
25062408|123456|25062408|STUDENT
25062409|123456|25062409|STUDENT
25062410|123456|25062410|STUDENT
25062411|123456|25062411|STUDENT
25062412|123456|25062412|STUDENT
25062413|123456|25062413|STUDENT
25062414|123456|25062414|STUDENT
25062415|123456|25062415|STUDENT
25062416|123456|25062416|STUDENT
25062417|123456|25062417|STUDENT
25062418|123456|25062418|STUDENT
25062419|123456|25062419|STUDENT
25062420|123456|25062420|STUDENT
25062421|123456|25062421|STUDENT
25062422|123456|25062422|STUDENT
25062423|123456|25062423|STUDENT
25062424|123456|25062424|STUDENT
25062425|123456|25062425|STUDENT
25062426|123456|25062426|STUDENT
25062427|123456|25062427|STUDENT
25062428|123456|25062428|STUDENT
25062429|123456|25062429|STUDENT
25062430|123456|25062430|STUDENT
25062431|123456|25062431|STUDENT
25062432|123456|25062432|STUDENT
25062433|123456|25062433|STUDENT
25062434|123456|25062434|STUDENT
25062435|123456|25062435|STUDENT
25062436|123456|25062436|STUDENT
25062437|123456|25062437|STUDENT
25062438|123456|25062438|STUDENT
25062439|123456|25062439|STUDENT
25062440|123456|25062440|STUDENT
25063101|123456|25063101|STUDENT
25063102|123456|25063102|STUDENT
25063103|123456|25063103|STUDENT
25063104|123456|25063104|STUDENT
25063105|123456|25063105|STUDENT
25063106|123456|25063106|STUDENT
25063107|123456|25063107|STUDENT
25063108|123456|25063108|STUDENT
25063109|123456|25063109|STUDENT
25063110|123456|25063110|STUDENT
25063111|123456|25063111|STUDENT
25063112|123456|25063112|STUDENT
25063113|123456|25063113|STUDENT
25063114|123456|25063114|STUDENT
25063115|123456|25063115|STUDENT
25063116|123456|25063116|STUDENT
25063117|123456|25063117|STUDENT
25063118|123456|25063118|STUDENT
25063119|123456|25063119|STUDENT
25063120|123456|25063120|STUDENT
25063121|123456|25063121|STUDENT
25063122|123456|25063122|STUDENT
25063123|123456|25063123|STUDENT
25063124|123456|25063124|STUDENT
25063125|123456|25063125|STUDENT
25063126|123456|25063126|STUDENT
25063127|123456|25063127|STUDENT
25063128|123456|25063128|STUDENT
25063129|123456|25063129|STUDENT
25063130|123456|25063130|STUDENT
25063131|123456|25063131|STUDENT
25063132|123456|25063132|STUDENT
25063133|123456|25063133|STUDENT
25063134|123456|25063134|STUDENT
25063135|123456|25063135|STUDENT
25063136|123456|25063136|STUDENT
25063137|123456|25063137|STUDENT
25063138|123456|25063138|STUDENT
25063139|123456|25063139|STUDENT
25063140|123456|25063140|STUDENT
25063201|123456|25063201|STUDENT
25063202|123456|25063202|STUDENT
25063203|123456|25063203|STUDENT
25063204|123456|25063204|STUDENT
25063205|123456|25063205|STUDENT
25063206|123456|25063206|STUDENT
25063207|123456|25063207|STUDENT
25063208|123456|25063208|STUDENT
25063209|123456|25063209|STUDENT
25063210|123456|25063210|STUDENT
25063211|123456|25063211|STUDENT
25063212|123456|25063212|STUDENT
25063213|123456|25063213|STUDENT
25063214|123456|25063214|STUDENT
25063215|123456|25063215|STUDENT
25063216|123456|25063216|STUDENT
25063217|123456|25063217|STUDENT
25063218|123456|25063218|STUDENT
25063219|123456|25063219|STUDENT
25063220|123456|25063220|STUDENT
25063221|123456|25063221|STUDENT
25063222|123456|25063222|STUDENT
25063223|123456|25063223|STUDENT
25063224|123456|25063224|STUDENT
25063225|123456|25063225|STUDENT
25063226|123456|25063226|STUDENT
25063227|123456|25063227|STUDENT
25063228|123456|25063228|STUDENT
25063229|123456|25063229|STUDENT
25063230|123456|25063230|STUDENT
25063231|123456|25063231|STUDENT
25063232|123456|25063232|STUDENT
25063233|123456|25063233|STUDENT
25063234|123456|25063234|STUDENT
25063235|123456|25063235|STUDENT
25063236|123456|25063236|STUDENT
25063237|123456|25063237|STUDENT
25063238|123456|25063238|STUDENT
25063239|123456|25063239|STUDENT
25063240|123456|25063240|STUDENT
25063301|123456|25063301|STUDENT
25063302|123456|25063302|STUDENT
25063303|123456|25063303|STUDENT
25063304|123456|25063304|STUDENT
25063305|123456|25063305|STUDENT
25063306|123456|25063306|STUDENT
25063307|123456|25063307|STUDENT
25063308|123456|25063308|STUDENT
25063309|123456|25063309|STUDENT
25063310|123456|25063310|STUDENT
25063311|123456|25063311|STUDENT
25063312|123456|25063312|STUDENT
25063313|123456|25063313|STUDENT
25063314|123456|25063314|STUDENT
25063315|123456|25063315|STUDENT
25063316|123456|25063316|STUDENT
25063317|123456|25063317|STUDENT
25063318|123456|25063318|STUDENT
25063319|123456|25063319|STUDENT
25063320|123456|25063320|STUDENT
25063321|123456|25063321|STUDENT
25063322|123456|25063322|STUDENT
25063323|123456|25063323|STUDENT
25063324|123456|25063324|STUDENT
25063325|123456|25063325|STUDENT
25063326|123456|25063326|STUDENT
25063327|123456|25063327|STUDENT
25063328|123456|25063328|STUDENT
25063329|123456|25063329|STUDENT
25063330|123456|25063330|STUDENT
25063331|123456|25063331|STUDENT
25063332|123456|25063332|STUDENT
25063333|123456|25063333|STUDENT
25063334|123456|25063334|STUDENT
25063335|123456|25063335|STUDENT
25063336|123456|25063336|STUDENT
25063337|123456|25063337|STUDENT
25063338|123456|25063338|STUDENT
25063339|123456|25063339|STUDENT
25063340|123456|25063340|STUDENT
25063401|123456|25063401|STUDENT
25063402|123456|25063402|STUDENT
25063403|123456|25063403|STUDENT
25063404|123456|25063404|STUDENT
25063405|123456|25063405|STUDENT
25063406|123456|25063406|STUDENT
25063407|123456|25063407|STUDENT
25063408|123456|25063408|STUDENT
25063409|123456|25063409|STUDENT
25063410|123456|25063410|STUDENT
25063411|123456|25063411|STUDENT
25063412|123456|25063412|STUDENT
25063413|123456|25063413|STUDENT
25063414|123456|25063414|STUDENT
25063415|123456|25063415|STUDENT
25063416|123456|25063416|STUDENT
25063417|123456|25063417|STUDENT
25063418|123456|25063418|STUDENT
25063419|123456|25063419|STUDENT
25063420|123456|25063420|STUDENT
25063421|123456|25063421|STUDENT
25063422|123456|25063422|STUDENT
25063423|123456|25063423|STUDENT
25063424|123456|25063424|STUDENT
25063425|123456|25063425|STUDENT
25063426|123456|25063426|STUDENT
25063427|123456|25063427|STUDENT
25063428|123456|25063428|STUDENT
25063429|123456|25063429|STUDENT
25063430|123456|25063430|STUDENT
25063431|123456|25063431|STUDENT
25063432|123456|25063432|STUDENT
25063433|123456|25063433|STUDENT
25063434|123456|25063434|STUDENT
25063435|123456|25063435|STUDENT
25063436|123456|25063436|STUDENT
25063437|123456|25063437|STUDENT
25063438|123456|25063438|STUDENT
25063439|123456|25063439|STUDENT
25063440|123456|25063440|STUDENT
25064101|123456|25064101|STUDENT
25064102|123456|25064102|STUDENT
25064103|123456|25064103|STUDENT
25064104|123456|25064104|STUDENT
25064105|123456|25064105|STUDENT
25064106|123456|25064106|STUDENT
25064107|123456|25064107|STUDENT
25064108|123456|25064108|STUDENT
25064109|123456|25064109|STUDENT
25064110|123456|25064110|STUDENT
25064111|123456|25064111|STUDENT
25064112|123456|25064112|STUDENT
25064113|123456|25064113|STUDENT
25064114|123456|25064114|STUDENT
25064115|123456|25064115|STUDENT
25064116|123456|25064116|STUDENT
25064117|123456|25064117|STUDENT
25064118|123456|25064118|STUDENT
25064119|123456|25064119|STUDENT
25064120|123456|25064120|STUDENT
25064121|123456|25064121|STUDENT
25064122|123456|25064122|STUDENT
25064123|123456|25064123|STUDENT
25064124|123456|25064124|STUDENT
25064125|123456|25064125|STUDENT
25064126|123456|25064126|STUDENT
25064127|123456|25064127|STUDENT
25064128|123456|25064128|STUDENT
25064129|123456|25064129|STUDENT
25064130|123456|25064130|STUDENT
25064131|123456|25064131|STUDENT
25064132|123456|25064132|STUDENT
25064133|123456|25064133|STUDENT
25064134|123456|25064134|STUDENT
25064135|123456|25064135|STUDENT
25064136|123456|25064136|STUDENT
25064137|123456|25064137|STUDENT
25064138|123456|25064138|STUDENT
25064139|123456|25064139|STUDENT
25064140|123456|25064140|STUDENT
25064201|123456|25064201|STUDENT
25064202|123456|25064202|STUDENT
25064203|123456|25064203|STUDENT
25064204|123456|25064204|STUDENT
25064205|123456|25064205|STUDENT
25064206|123456|25064206|STUDENT
25064207|123456|25064207|STUDENT
25064208|123456|25064208|STUDENT
25064209|123456|25064209|STUDENT
25064210|123456|25064210|STUDENT
25064211|123456|25064211|STUDENT
25064212|123456|25064212|STUDENT
25064213|123456|25064213|STUDENT
25064214|123456|25064214|STUDENT
25064215|123456|25064215|STUDENT
25064216|123456|25064216|STUDENT
25064217|123456|25064217|STUDENT
25064218|123456|25064218|STUDENT
25064219|123456|25064219|STUDENT
25064220|123456|25064220|STUDENT
25064221|123456|25064221|STUDENT
25064222|123456|25064222|STUDENT
25064223|123456|25064223|STUDENT
25064224|123456|25064224|STUDENT
25064225|123456|25064225|STUDENT
25064226|123456|25064226|STUDENT
25064227|123456|25064227|STUDENT
25064228|123456|25064228|STUDENT
25064229|123456|25064229|STUDENT
25064230|123456|25064230|STUDENT
25064231|123456|25064231|STUDENT
25064232|123456|25064232|STUDENT
25064233|123456|25064233|STUDENT
25064234|123456|25064234|STUDENT
25064235|123456|25064235|STUDENT
25064236|123456|25064236|STUDENT
25064237|123456|25064237|STUDENT
25064238|123456|25064238|STUDENT
25064239|123456|25064239|STUDENT
25064240|123456|25064240|STUDENT
25064301|123456|25064301|STUDENT
25064302|123456|25064302|STUDENT
25064303|123456|25064303|STUDENT
25064304|123456|25064304|STUDENT
25064305|123456|25064305|STUDENT
25064306|123456|25064306|STUDENT
25064307|123456|25064307|STUDENT
25064308|123456|25064308|STUDENT
25064309|123456|25064309|STUDENT
25064310|123456|25064310|STUDENT
25064311|123456|25064311|STUDENT
25064312|123456|25064312|STUDENT
25064313|123456|25064313|STUDENT
25064314|123456|25064314|STUDENT
25064315|123456|25064315|STUDENT
25064316|123456|25064316|STUDENT
25064317|123456|25064317|STUDENT
25064318|123456|25064318|STUDENT
25064319|123456|25064319|STUDENT
25064320|123456|25064320|STUDENT
25064321|123456|25064321|STUDENT
25064322|123456|25064322|STUDENT
25064323|123456|25064323|STUDENT
25064324|123456|25064324|STUDENT
25064325|123456|25064325|STUDENT
25064326|123456|25064326|STUDENT
25064327|123456|25064327|STUDENT
25064328|123456|25064328|STUDENT
25064329|123456|25064329|STUDENT
25064330|123456|25064330|STUDENT
25064331|123456|25064331|STUDENT
25064332|123456|25064332|STUDENT
25064333|123456|25064333|STUDENT
25064334|123456|25064334|STUDENT
25064335|123456|25064335|STUDENT
25064336|123456|25064336|STUDENT
25064337|123456|25064337|STUDENT
25064338|123456|25064338|STUDENT
25064339|123456|25064339|STUDENT
25064340|123456|25064340|STUDENT
25064401|123456|25064401|STUDENT
25064402|123456|25064402|STUDENT
25064403|123456|25064403|STUDENT
25064404|123456|25064404|STUDENT
25064405|123456|25064405|STUDENT
25064406|123456|25064406|STUDENT
25064407|123456|25064407|STUDENT
25064408|123456|25064408|STUDENT
25064409|123456|25064409|STUDENT
25064410|123456|25064410|STUDENT
25064411|123456|25064411|STUDENT
25064412|123456|25064412|STUDENT
25064413|123456|25064413|STUDENT
25064414|123456|25064414|STUDENT
25064415|123456|25064415|STUDENT
25064416|123456|25064416|STUDENT
25064417|123456|25064417|STUDENT
25064418|123456|25064418|STUDENT
25064419|123456|25064419|STUDENT
25064420|123456|25064420|STUDENT
25064421|123456|25064421|STUDENT
25064422|123456|25064422|STUDENT
25064423|123456|25064423|STUDENT
25064424|123456|25064424|STUDENT
25064425|123456|25064425|STUDENT
25064426|123456|25064426|STUDENT
25064427|123456|25064427|STUDENT
25064428|123456|25064428|STUDENT
25064429|123456|25064429|STUDENT
25064430|123456|25064430|STUDENT
25064431|123456|25064431|STUDENT
25064432|123456|25064432|STUDENT
25064433|123456|25064433|STUDENT
25064434|123456|25064434|STUDENT
25064435|123456|25064435|STUDENT
25064436|123456|25064436|STUDENT
25064437|123456|25064437|STUDENT
25064438|123456|25064438|STUDENT
25064439|123456|25064439|STUDENT
25064440|123456|25064440|STUDENT
24071101|123456|24071101|STUDENT
24071102|123456|24071102|STUDENT
24071103|123456|24071103|STUDENT
24071104|123456|24071104|STUDENT
24071105|123456|24071105|STUDENT
24071106|123456|24071106|STUDENT
24071107|123456|24071107|STUDENT
24071108|123456|24071108|STUDENT
24071109|123456|24071109|STUDENT
24071110|123456|24071110|STUDENT
24071111|123456|24071111|STUDENT
24071112|123456|24071112|STUDENT
24071113|123456|24071113|STUDENT
24071114|123456|24071114|STUDENT
24071115|123456|24071115|STUDENT
24071116|123456|24071116|STUDENT
24071117|123456|24071117|STUDENT
24071118|123456|24071118|STUDENT
24071119|123456|24071119|STUDENT
24071120|123456|24071120|STUDENT
24071121|123456|24071121|STUDENT
24071122|123456|24071122|STUDENT
24071123|123456|24071123|STUDENT
24071124|123456|24071124|STUDENT
24071125|123456|24071125|STUDENT
24071126|123456|24071126|STUDENT
24071127|123456|24071127|STUDENT
24071128|123456|24071128|STUDENT
24071129|123456|24071129|STUDENT
24071130|123456|24071130|STUDENT
24071131|123456|24071131|STUDENT
24071132|123456|24071132|STUDENT
24071133|123456|24071133|STUDENT
24071134|123456|24071134|STUDENT
24071135|123456|24071135|STUDENT
24071136|123456|24071136|STUDENT
24071137|123456|24071137|STUDENT
24071138|123456|24071138|STUDENT
24071139|123456|24071139|STUDENT
24071140|123456|24071140|STUDENT
24071201|123456|24071201|STUDENT
24071202|123456|24071202|STUDENT
24071203|123456|24071203|STUDENT
24071204|123456|24071204|STUDENT
24071205|123456|24071205|STUDENT
24071206|123456|24071206|STUDENT
24071207|123456|24071207|STUDENT
24071208|123456|24071208|STUDENT
24071209|123456|24071209|STUDENT
24071210|123456|24071210|STUDENT
24071211|123456|24071211|STUDENT
24071212|123456|24071212|STUDENT
24071213|123456|24071213|STUDENT
24071214|123456|24071214|STUDENT
24071215|123456|24071215|STUDENT
24071216|123456|24071216|STUDENT
24071217|123456|24071217|STUDENT
24071218|123456|24071218|STUDENT
24071219|123456|24071219|STUDENT
24071220|123456|24071220|STUDENT
24071221|123456|24071221|STUDENT
24071222|123456|24071222|STUDENT
24071223|123456|24071223|STUDENT
24071224|123456|24071224|STUDENT
24071225|123456|24071225|STUDENT
24071226|123456|24071226|STUDENT
24071227|123456|24071227|STUDENT
24071228|123456|24071228|STUDENT
24071229|123456|24071229|STUDENT
24071230|123456|24071230|STUDENT
24071231|123456|24071231|STUDENT
24071232|123456|24071232|STUDENT
24071233|123456|24071233|STUDENT
24071234|123456|24071234|STUDENT
24071235|123456|24071235|STUDENT
24071236|123456|24071236|STUDENT
24071237|123456|24071237|STUDENT
24071238|123456|24071238|STUDENT
24071239|123456|24071239|STUDENT
24071240|123456|24071240|STUDENT
24071301|123456|24071301|STUDENT
24071302|123456|24071302|STUDENT
24071303|123456|24071303|STUDENT
24071304|123456|24071304|STUDENT
24071305|123456|24071305|STUDENT
24071306|123456|24071306|STUDENT
24071307|123456|24071307|STUDENT
24071308|123456|24071308|STUDENT
24071309|123456|24071309|STUDENT
24071310|123456|24071310|STUDENT
24071311|123456|24071311|STUDENT
24071312|123456|24071312|STUDENT
24071313|123456|24071313|STUDENT
24071314|123456|24071314|STUDENT
24071315|123456|24071315|STUDENT
24071316|123456|24071316|STUDENT
24071317|123456|24071317|STUDENT
24071318|123456|24071318|STUDENT
24071319|123456|24071319|STUDENT
24071320|123456|24071320|STUDENT
24071321|123456|24071321|STUDENT
24071322|123456|24071322|STUDENT
24071323|123456|24071323|STUDENT
24071324|123456|24071324|STUDENT
24071325|123456|24071325|STUDENT
24071326|123456|24071326|STUDENT
24071327|123456|24071327|STUDENT
24071328|123456|24071328|STUDENT
24071329|123456|24071329|STUDENT
24071330|123456|24071330|STUDENT
24071331|123456|24071331|STUDENT
24071332|123456|24071332|STUDENT
24071333|123456|24071333|STUDENT
24071334|123456|24071334|STUDENT
24071335|123456|24071335|STUDENT
24071336|123456|24071336|STUDENT
24071337|123456|24071337|STUDENT
24071338|123456|24071338|STUDENT
24071339|123456|24071339|STUDENT
24071340|123456|24071340|STUDENT
24071401|123456|24071401|STUDENT
24071402|123456|24071402|STUDENT
24071403|123456|24071403|STUDENT
24071404|123456|24071404|STUDENT
24071405|123456|24071405|STUDENT
24071406|123456|24071406|STUDENT
24071407|123456|24071407|STUDENT
24071408|123456|24071408|STUDENT
24071409|123456|24071409|STUDENT
24071410|123456|24071410|STUDENT
24071411|123456|24071411|STUDENT
24071412|123456|24071412|STUDENT
24071413|123456|24071413|STUDENT
24071414|123456|24071414|STUDENT
24071415|123456|24071415|STUDENT
24071416|123456|24071416|STUDENT
24071417|123456|24071417|STUDENT
24071418|123456|24071418|STUDENT
24071419|123456|24071419|STUDENT
24071420|123456|24071420|STUDENT
24071421|123456|24071421|STUDENT
24071422|123456|24071422|STUDENT
24071423|123456|24071423|STUDENT
24071424|123456|24071424|STUDENT
24071425|123456|24071425|STUDENT
24071426|123456|24071426|STUDENT
24071427|123456|24071427|STUDENT
24071428|123456|24071428|STUDENT
24071429|123456|24071429|STUDENT
24071430|123456|24071430|STUDENT
24071431|123456|24071431|STUDENT
24071432|123456|24071432|STUDENT
24071433|123456|24071433|STUDENT
24071434|123456|24071434|STUDENT
24071435|123456|24071435|STUDENT
24071436|123456|24071436|STUDENT
24071437|123456|24071437|STUDENT
24071438|123456|24071438|STUDENT
24071439|123456|24071439|STUDENT
24071440|123456|24071440|STUDENT
24072101|123456|24072101|STUDENT
24072102|123456|24072102|STUDENT
24072103|123456|24072103|STUDENT
24072104|123456|24072104|STUDENT
24072105|123456|24072105|STUDENT
24072106|123456|24072106|STUDENT
24072107|123456|24072107|STUDENT
24072108|123456|24072108|STUDENT
24072109|123456|24072109|STUDENT
24072110|123456|24072110|STUDENT
24072111|123456|24072111|STUDENT
24072112|123456|24072112|STUDENT
24072113|123456|24072113|STUDENT
24072114|123456|24072114|STUDENT
24072115|123456|24072115|STUDENT
24072116|123456|24072116|STUDENT
24072117|123456|24072117|STUDENT
24072118|123456|24072118|STUDENT
24072119|123456|24072119|STUDENT
24072120|123456|24072120|STUDENT
24072121|123456|24072121|STUDENT
24072122|123456|24072122|STUDENT
24072123|123456|24072123|STUDENT
24072124|123456|24072124|STUDENT
24072125|123456|24072125|STUDENT
24072126|123456|24072126|STUDENT
24072127|123456|24072127|STUDENT
24072128|123456|24072128|STUDENT
24072129|123456|24072129|STUDENT
24072130|123456|24072130|STUDENT
24072131|123456|24072131|STUDENT
24072132|123456|24072132|STUDENT
24072133|123456|24072133|STUDENT
24072134|123456|24072134|STUDENT
24072135|123456|24072135|STUDENT
24072136|123456|24072136|STUDENT
24072137|123456|24072137|STUDENT
24072138|123456|24072138|STUDENT
24072139|123456|24072139|STUDENT
24072140|123456|24072140|STUDENT
24072201|123456|24072201|STUDENT
24072202|123456|24072202|STUDENT
24072203|123456|24072203|STUDENT
24072204|123456|24072204|STUDENT
24072205|123456|24072205|STUDENT
24072206|123456|24072206|STUDENT
24072207|123456|24072207|STUDENT
24072208|123456|24072208|STUDENT
24072209|123456|24072209|STUDENT
24072210|123456|24072210|STUDENT
24072211|123456|24072211|STUDENT
24072212|123456|24072212|STUDENT
24072213|123456|24072213|STUDENT
24072214|123456|24072214|STUDENT
24072215|123456|24072215|STUDENT
24072216|123456|24072216|STUDENT
24072217|123456|24072217|STUDENT
24072218|123456|24072218|STUDENT
24072219|123456|24072219|STUDENT
24072220|123456|24072220|STUDENT
24072221|123456|24072221|STUDENT
24072222|123456|24072222|STUDENT
24072223|123456|24072223|STUDENT
24072224|123456|24072224|STUDENT
24072225|123456|24072225|STUDENT
24072226|123456|24072226|STUDENT
24072227|123456|24072227|STUDENT
24072228|123456|24072228|STUDENT
24072229|123456|24072229|STUDENT
24072230|123456|24072230|STUDENT
24072231|123456|24072231|STUDENT
24072232|123456|24072232|STUDENT
24072233|123456|24072233|STUDENT
24072234|123456|24072234|STUDENT
24072235|123456|24072235|STUDENT
24072236|123456|24072236|STUDENT
24072237|123456|24072237|STUDENT
24072238|123456|24072238|STUDENT
24072239|123456|24072239|STUDENT
24072240|123456|24072240|STUDENT
24072301|123456|24072301|STUDENT
24072302|123456|24072302|STUDENT
24072303|123456|24072303|STUDENT
24072304|123456|24072304|STUDENT
24072305|123456|24072305|STUDENT
24072306|123456|24072306|STUDENT
24072307|123456|24072307|STUDENT
24072308|123456|24072308|STUDENT
24072309|123456|24072309|STUDENT
24072310|123456|24072310|STUDENT
24072311|123456|24072311|STUDENT
24072312|123456|24072312|STUDENT
24072313|123456|24072313|STUDENT
24072314|123456|24072314|STUDENT
24072315|123456|24072315|STUDENT
24072316|123456|24072316|STUDENT
24072317|123456|24072317|STUDENT
24072318|123456|24072318|STUDENT
24072319|123456|24072319|STUDENT
24072320|123456|24072320|STUDENT
24072321|123456|24072321|STUDENT
24072322|123456|24072322|STUDENT
24072323|123456|24072323|STUDENT
24072324|123456|24072324|STUDENT
24072325|123456|24072325|STUDENT
24072326|123456|24072326|STUDENT
24072327|123456|24072327|STUDENT
24072328|123456|24072328|STUDENT
24072329|123456|24072329|STUDENT
24072330|123456|24072330|STUDENT
24072331|123456|24072331|STUDENT
24072332|123456|24072332|STUDENT
24072333|123456|24072333|STUDENT
24072334|123456|24072334|STUDENT
24072335|123456|24072335|STUDENT
24072336|123456|24072336|STUDENT
24072337|123456|24072337|STUDENT
24072338|123456|24072338|STUDENT
24072339|123456|24072339|STUDENT
24072340|123456|24072340|STUDENT
24072401|123456|24072401|STUDENT
24072402|123456|24072402|STUDENT
24072403|123456|24072403|STUDENT
24072404|123456|24072404|STUDENT
24072405|123456|24072405|STUDENT
24072406|123456|24072406|STUDENT
24072407|123456|24072407|STUDENT
24072408|123456|24072408|STUDENT
24072409|123456|24072409|STUDENT
24072410|123456|24072410|STUDENT
24072411|123456|24072411|STUDENT
24072412|123456|24072412|STUDENT
24072413|123456|24072413|STUDENT
24072414|123456|24072414|STUDENT
24072415|123456|24072415|STUDENT
24072416|123456|24072416|STUDENT
24072417|123456|24072417|STUDENT
24072418|123456|24072418|STUDENT
24072419|123456|24072419|STUDENT
24072420|123456|24072420|STUDENT
24072421|123456|24072421|STUDENT
24072422|123456|24072422|STUDENT
24072423|123456|24072423|STUDENT
24072424|123456|24072424|STUDENT
24072425|123456|24072425|STUDENT
24072426|123456|24072426|STUDENT
24072427|123456|24072427|STUDENT
24072428|123456|24072428|STUDENT
24072429|123456|24072429|STUDENT
24072430|123456|24072430|STUDENT
24072431|123456|24072431|STUDENT
24072432|123456|24072432|STUDENT
24072433|123456|24072433|STUDENT
24072434|123456|24072434|STUDENT
24072435|123456|24072435|STUDENT
24072436|123456|24072436|STUDENT
24072437|123456|24072437|STUDENT
24072438|123456|24072438|STUDENT
24072439|123456|24072439|STUDENT
24072440|123456|24072440|STUDENT
24073101|123456|24073101|STUDENT
24073102|123456|24073102|STUDENT
24073103|123456|24073103|STUDENT
24073104|123456|24073104|STUDENT
24073105|123456|24073105|STUDENT
24073106|123456|24073106|STUDENT
24073107|123456|24073107|STUDENT
24073108|123456|24073108|STUDENT
24073109|123456|24073109|STUDENT
24073110|123456|24073110|STUDENT
24073111|123456|24073111|STUDENT
24073112|123456|24073112|STUDENT
24073113|123456|24073113|STUDENT
24073114|123456|24073114|STUDENT
24073115|123456|24073115|STUDENT
24073116|123456|24073116|STUDENT
24073117|123456|24073117|STUDENT
24073118|123456|24073118|STUDENT
24073119|123456|24073119|STUDENT
24073120|123456|24073120|STUDENT
24073121|123456|24073121|STUDENT
24073122|123456|24073122|STUDENT
24073123|123456|24073123|STUDENT
24073124|123456|24073124|STUDENT
24073125|123456|24073125|STUDENT
24073126|123456|24073126|STUDENT
24073127|123456|24073127|STUDENT
24073128|123456|24073128|STUDENT
24073129|123456|24073129|STUDENT
24073130|123456|24073130|STUDENT
24073131|123456|24073131|STUDENT
24073132|123456|24073132|STUDENT
24073133|123456|24073133|STUDENT
24073134|123456|24073134|STUDENT
24073135|123456|24073135|STUDENT
24073136|123456|24073136|STUDENT
24073137|123456|24073137|STUDENT
24073138|123456|24073138|STUDENT
24073139|123456|24073139|STUDENT
24073140|123456|24073140|STUDENT
24073201|123456|24073201|STUDENT
24073202|123456|24073202|STUDENT
24073203|123456|24073203|STUDENT
24073204|123456|24073204|STUDENT
24073205|123456|24073205|STUDENT
24073206|123456|24073206|STUDENT
24073207|123456|24073207|STUDENT
24073208|123456|24073208|STUDENT
24073209|123456|24073209|STUDENT
24073210|123456|24073210|STUDENT
24073211|123456|24073211|STUDENT
24073212|123456|24073212|STUDENT
24073213|123456|24073213|STUDENT
24073214|123456|24073214|STUDENT
24073215|123456|24073215|STUDENT
24073216|123456|24073216|STUDENT
24073217|123456|24073217|STUDENT
24073218|123456|24073218|STUDENT
24073219|123456|24073219|STUDENT
24073220|123456|24073220|STUDENT
24073221|123456|24073221|STUDENT
24073222|123456|24073222|STUDENT
24073223|123456|24073223|STUDENT
24073224|123456|24073224|STUDENT
24073225|123456|24073225|STUDENT
24073226|123456|24073226|STUDENT
24073227|123456|24073227|STUDENT
24073228|123456|24073228|STUDENT
24073229|123456|24073229|STUDENT
24073230|123456|24073230|STUDENT
24073231|123456|24073231|STUDENT
24073232|123456|24073232|STUDENT
24073233|123456|24073233|STUDENT
24073234|123456|24073234|STUDENT
24073235|123456|24073235|STUDENT
24073236|123456|24073236|STUDENT
24073237|123456|24073237|STUDENT
24073238|123456|24073238|STUDENT
24073239|123456|24073239|STUDENT
24073240|123456|24073240|STUDENT
24073301|123456|24073301|STUDENT
24073302|123456|24073302|STUDENT
24073303|123456|24073303|STUDENT
24073304|123456|24073304|STUDENT
24073305|123456|24073305|STUDENT
24073306|123456|24073306|STUDENT
24073307|123456|24073307|STUDENT
24073308|123456|24073308|STUDENT
24073309|123456|24073309|STUDENT
24073310|123456|24073310|STUDENT
24073311|123456|24073311|STUDENT
24073312|123456|24073312|STUDENT
24073313|123456|24073313|STUDENT
24073314|123456|24073314|STUDENT
24073315|123456|24073315|STUDENT
24073316|123456|24073316|STUDENT
24073317|123456|24073317|STUDENT
24073318|123456|24073318|STUDENT
24073319|123456|24073319|STUDENT
24073320|123456|24073320|STUDENT
24073321|123456|24073321|STUDENT
24073322|123456|24073322|STUDENT
24073323|123456|24073323|STUDENT
24073324|123456|24073324|STUDENT
24073325|123456|24073325|STUDENT
24073326|123456|24073326|STUDENT
24073327|123456|24073327|STUDENT
24073328|123456|24073328|STUDENT
24073329|123456|24073329|STUDENT
24073330|123456|24073330|STUDENT
24073331|123456|24073331|STUDENT
24073332|123456|24073332|STUDENT
24073333|123456|24073333|STUDENT
24073334|123456|24073334|STUDENT
24073335|123456|24073335|STUDENT
24073336|123456|24073336|STUDENT
24073337|123456|24073337|STUDENT
24073338|123456|24073338|STUDENT
24073339|123456|24073339|STUDENT
24073340|123456|24073340|STUDENT
24073401|123456|24073401|STUDENT
24073402|123456|24073402|STUDENT
24073403|123456|24073403|STUDENT
24073404|123456|24073404|STUDENT
24073405|123456|24073405|STUDENT
24073406|123456|24073406|STUDENT
24073407|123456|24073407|STUDENT
24073408|123456|24073408|STUDENT
24073409|123456|24073409|STUDENT
24073410|123456|24073410|STUDENT
24073411|123456|24073411|STUDENT
24073412|123456|24073412|STUDENT
24073413|123456|24073413|STUDENT
24073414|123456|24073414|STUDENT
24073415|123456|24073415|STUDENT
24073416|123456|24073416|STUDENT
24073417|123456|24073417|STUDENT
24073418|123456|24073418|STUDENT
24073419|123456|24073419|STUDENT
24073420|123456|24073420|STUDENT
24073421|123456|24073421|STUDENT
24073422|123456|24073422|STUDENT
24073423|123456|24073423|STUDENT
24073424|123456|24073424|STUDENT
24073425|123456|24073425|STUDENT
24073426|123456|24073426|STUDENT
24073427|123456|24073427|STUDENT
24073428|123456|24073428|STUDENT
24073429|123456|24073429|STUDENT
24073430|123456|24073430|STUDENT
24073431|123456|24073431|STUDENT
24073432|123456|24073432|STUDENT
24073433|123456|24073433|STUDENT
24073434|123456|24073434|STUDENT
24073435|123456|24073435|STUDENT
24073436|123456|24073436|STUDENT
24073437|123456|24073437|STUDENT
24073438|123456|24073438|STUDENT
24073439|123456|24073439|STUDENT
24073440|123456|24073440|STUDENT
24074101|123456|24074101|STUDENT
24074102|123456|24074102|STUDENT
24074103|123456|24074103|STUDENT
24074104|123456|24074104|STUDENT
24074105|123456|24074105|STUDENT
24074106|123456|24074106|STUDENT
24074107|123456|24074107|STUDENT
24074108|123456|24074108|STUDENT
24074109|123456|24074109|STUDENT
24074110|123456|24074110|STUDENT
24074111|123456|24074111|STUDENT
24074112|123456|24074112|STUDENT
24074113|123456|24074113|STUDENT
24074114|123456|24074114|STUDENT
24074115|123456|24074115|STUDENT
24074116|123456|24074116|STUDENT
24074117|123456|24074117|STUDENT
24074118|123456|24074118|STUDENT
24074119|123456|24074119|STUDENT
24074120|123456|24074120|STUDENT
24074121|123456|24074121|STUDENT
24074122|123456|24074122|STUDENT
24074123|123456|24074123|STUDENT
24074124|123456|24074124|STUDENT
24074125|123456|24074125|STUDENT
24074126|123456|24074126|STUDENT
24074127|123456|24074127|STUDENT
24074128|123456|24074128|STUDENT
24074129|123456|24074129|STUDENT
24074130|123456|24074130|STUDENT
24074131|123456|24074131|STUDENT
24074132|123456|24074132|STUDENT
24074133|123456|24074133|STUDENT
24074134|123456|24074134|STUDENT
24074135|123456|24074135|STUDENT
24074136|123456|24074136|STUDENT
24074137|123456|24074137|STUDENT
24074138|123456|24074138|STUDENT
24074139|123456|24074139|STUDENT
24074140|123456|24074140|STUDENT
24074201|123456|24074201|STUDENT
24074202|123456|24074202|STUDENT
24074203|123456|24074203|STUDENT
24074204|123456|24074204|STUDENT
24074205|123456|24074205|STUDENT
24074206|123456|24074206|STUDENT
24074207|123456|24074207|STUDENT
24074208|123456|24074208|STUDENT
24074209|123456|24074209|STUDENT
24074210|123456|24074210|STUDENT
24074211|123456|24074211|STUDENT
24074212|123456|24074212|STUDENT
24074213|123456|24074213|STUDENT
24074214|123456|24074214|STUDENT
24074215|123456|24074215|STUDENT
24074216|123456|24074216|STUDENT
24074217|123456|24074217|STUDENT
24074218|123456|24074218|STUDENT
24074219|123456|24074219|STUDENT
24074220|123456|24074220|STUDENT
24074221|123456|24074221|STUDENT
24074222|123456|24074222|STUDENT
24074223|123456|24074223|STUDENT
24074224|123456|24074224|STUDENT
24074225|123456|24074225|STUDENT
24074226|123456|24074226|STUDENT
24074227|123456|24074227|STUDENT
24074228|123456|24074228|STUDENT
24074229|123456|24074229|STUDENT
24074230|123456|24074230|STUDENT
24074231|123456|24074231|STUDENT
24074232|123456|24074232|STUDENT
24074233|123456|24074233|STUDENT
24074234|123456|24074234|STUDENT
24074235|123456|24074235|STUDENT
24074236|123456|24074236|STUDENT
24074237|123456|24074237|STUDENT
24074238|123456|24074238|STUDENT
24074239|123456|24074239|STUDENT
24074240|123456|24074240|STUDENT
24074301|123456|24074301|STUDENT
24074302|123456|24074302|STUDENT
24074303|123456|24074303|STUDENT
24074304|123456|24074304|STUDENT
24074305|123456|24074305|STUDENT
24074306|123456|24074306|STUDENT
24074307|123456|24074307|STUDENT
24074308|123456|24074308|STUDENT
24074309|123456|24074309|STUDENT
24074310|123456|24074310|STUDENT
24074311|123456|24074311|STUDENT
24074312|123456|24074312|STUDENT
24074313|123456|24074313|STUDENT
24074314|123456|24074314|STUDENT
24074315|123456|24074315|STUDENT
24074316|123456|24074316|STUDENT
24074317|123456|24074317|STUDENT
24074318|123456|24074318|STUDENT
24074319|123456|24074319|STUDENT
24074320|123456|24074320|STUDENT
24074321|123456|24074321|STUDENT
24074322|123456|24074322|STUDENT
24074323|123456|24074323|STUDENT
24074324|123456|24074324|STUDENT
24074325|123456|24074325|STUDENT
24074326|123456|24074326|STUDENT
24074327|123456|24074327|STUDENT
24074328|123456|24074328|STUDENT
24074329|123456|24074329|STUDENT
24074330|123456|24074330|STUDENT
24074331|123456|24074331|STUDENT
24074332|123456|24074332|STUDENT
24074333|123456|24074333|STUDENT
24074334|123456|24074334|STUDENT
24074335|123456|24074335|STUDENT
24074336|123456|24074336|STUDENT
24074337|123456|24074337|STUDENT
24074338|123456|24074338|STUDENT
24074339|123456|24074339|STUDENT
24074340|123456|24074340|STUDENT
24074401|123456|24074401|STUDENT
24074402|123456|24074402|STUDENT
24074403|123456|24074403|STUDENT
24074404|123456|24074404|STUDENT
24074405|123456|24074405|STUDENT
24074406|123456|24074406|STUDENT
24074407|123456|24074407|STUDENT
24074408|123456|24074408|STUDENT
24074409|123456|24074409|STUDENT
24074410|123456|24074410|STUDENT
24074411|123456|24074411|STUDENT
24074412|123456|24074412|STUDENT
24074413|123456|24074413|STUDENT
24074414|123456|24074414|STUDENT
24074415|123456|24074415|STUDENT
24074416|123456|24074416|STUDENT
24074417|123456|24074417|STUDENT
24074418|123456|24074418|STUDENT
24074419|123456|24074419|STUDENT
24074420|123456|24074420|STUDENT
24074421|123456|24074421|STUDENT
24074422|123456|24074422|STUDENT
24074423|123456|24074423|STUDENT
24074424|123456|24074424|STUDENT
24074425|123456|24074425|STUDENT
24074426|123456|24074426|STUDENT
24074427|123456|24074427|STUDENT
24074428|123456|24074428|STUDENT
24074429|123456|24074429|STUDENT
24074430|123456|24074430|STUDENT
24074431|123456|24074431|STUDENT
24074432|123456|24074432|STUDENT
24074433|123456|24074433|STUDENT
24074434|123456|24074434|STUDENT
24074435|123456|24074435|STUDENT
24074436|123456|24074436|STUDENT
24074437|123456|24074437|STUDENT
24074438|123456|24074438|STUDENT
24074439|123456|24074439|STUDENT
24074440|123456|24074440|STUDENT
25071101|123456|25071101|STUDENT
25071102|123456|25071102|STUDENT
25071103|123456|25071103|STUDENT
25071104|123456|25071104|STUDENT
25071105|123456|25071105|STUDENT
25071106|123456|25071106|STUDENT
25071107|123456|25071107|STUDENT
25071108|123456|25071108|STUDENT
25071109|123456|25071109|STUDENT
25071110|123456|25071110|STUDENT
25071111|123456|25071111|STUDENT
25071112|123456|25071112|STUDENT
25071113|123456|25071113|STUDENT
25071114|123456|25071114|STUDENT
25071115|123456|25071115|STUDENT
25071116|123456|25071116|STUDENT
25071117|123456|25071117|STUDENT
25071118|123456|25071118|STUDENT
25071119|123456|25071119|STUDENT
25071120|123456|25071120|STUDENT
25071121|123456|25071121|STUDENT
25071122|123456|25071122|STUDENT
25071123|123456|25071123|STUDENT
25071124|123456|25071124|STUDENT
25071125|123456|25071125|STUDENT
25071126|123456|25071126|STUDENT
25071127|123456|25071127|STUDENT
25071128|123456|25071128|STUDENT
25071129|123456|25071129|STUDENT
25071130|123456|25071130|STUDENT
25071131|123456|25071131|STUDENT
25071132|123456|25071132|STUDENT
25071133|123456|25071133|STUDENT
25071134|123456|25071134|STUDENT
25071135|123456|25071135|STUDENT
25071136|123456|25071136|STUDENT
25071137|123456|25071137|STUDENT
25071138|123456|25071138|STUDENT
25071139|123456|25071139|STUDENT
25071140|123456|25071140|STUDENT
25071201|123456|25071201|STUDENT
25071202|123456|25071202|STUDENT
25071203|123456|25071203|STUDENT
25071204|123456|25071204|STUDENT
25071205|123456|25071205|STUDENT
25071206|123456|25071206|STUDENT
25071207|123456|25071207|STUDENT
25071208|123456|25071208|STUDENT
25071209|123456|25071209|STUDENT
25071210|123456|25071210|STUDENT
25071211|123456|25071211|STUDENT
25071212|123456|25071212|STUDENT
25071213|123456|25071213|STUDENT
25071214|123456|25071214|STUDENT
25071215|123456|25071215|STUDENT
25071216|123456|25071216|STUDENT
25071217|123456|25071217|STUDENT
25071218|123456|25071218|STUDENT
25071219|123456|25071219|STUDENT
25071220|123456|25071220|STUDENT
25071221|123456|25071221|STUDENT
25071222|123456|25071222|STUDENT
25071223|123456|25071223|STUDENT
25071224|123456|25071224|STUDENT
25071225|123456|25071225|STUDENT
25071226|123456|25071226|STUDENT
25071227|123456|25071227|STUDENT
25071228|123456|25071228|STUDENT
25071229|123456|25071229|STUDENT
25071230|123456|25071230|STUDENT
25071231|123456|25071231|STUDENT
25071232|123456|25071232|STUDENT
25071233|123456|25071233|STUDENT
25071234|123456|25071234|STUDENT
25071235|123456|25071235|STUDENT
25071236|123456|25071236|STUDENT
25071237|123456|25071237|STUDENT
25071238|123456|25071238|STUDENT
25071239|123456|25071239|STUDENT
25071240|123456|25071240|STUDENT
25071301|123456|25071301|STUDENT
25071302|123456|25071302|STUDENT
25071303|123456|25071303|STUDENT
25071304|123456|25071304|STUDENT
25071305|123456|25071305|STUDENT
25071306|123456|25071306|STUDENT
25071307|123456|25071307|STUDENT
25071308|123456|25071308|STUDENT
25071309|123456|25071309|STUDENT
25071310|123456|25071310|STUDENT
25071311|123456|25071311|STUDENT
25071312|123456|25071312|STUDENT
25071313|123456|25071313|STUDENT
25071314|123456|25071314|STUDENT
25071315|123456|25071315|STUDENT
25071316|123456|25071316|STUDENT
25071317|123456|25071317|STUDENT
25071318|123456|25071318|STUDENT
25071319|123456|25071319|STUDENT
25071320|123456|25071320|STUDENT
25071321|123456|25071321|STUDENT
25071322|123456|25071322|STUDENT
25071323|123456|25071323|STUDENT
25071324|123456|25071324|STUDENT
25071325|123456|25071325|STUDENT
25071326|123456|25071326|STUDENT
25071327|123456|25071327|STUDENT
25071328|123456|25071328|STUDENT
25071329|123456|25071329|STUDENT
25071330|123456|25071330|STUDENT
25071331|123456|25071331|STUDENT
25071332|123456|25071332|STUDENT
25071333|123456|25071333|STUDENT
25071334|123456|25071334|STUDENT
25071335|123456|25071335|STUDENT
25071336|123456|25071336|STUDENT
25071337|123456|25071337|STUDENT
25071338|123456|25071338|STUDENT
25071339|123456|25071339|STUDENT
25071340|123456|25071340|STUDENT
25071401|123456|25071401|STUDENT
25071402|123456|25071402|STUDENT
25071403|123456|25071403|STUDENT
25071404|123456|25071404|STUDENT
25071405|123456|25071405|STUDENT
25071406|123456|25071406|STUDENT
25071407|123456|25071407|STUDENT
25071408|123456|25071408|STUDENT
25071409|123456|25071409|STUDENT
25071410|123456|25071410|STUDENT
25071411|123456|25071411|STUDENT
25071412|123456|25071412|STUDENT
25071413|123456|25071413|STUDENT
25071414|123456|25071414|STUDENT
25071415|123456|25071415|STUDENT
25071416|123456|25071416|STUDENT
25071417|123456|25071417|STUDENT
25071418|123456|25071418|STUDENT
25071419|123456|25071419|STUDENT
25071420|123456|25071420|STUDENT
25071421|123456|25071421|STUDENT
25071422|123456|25071422|STUDENT
25071423|123456|25071423|STUDENT
25071424|123456|25071424|STUDENT
25071425|123456|25071425|STUDENT
25071426|123456|25071426|STUDENT
25071427|123456|25071427|STUDENT
25071428|123456|25071428|STUDENT
25071429|123456|25071429|STUDENT
25071430|123456|25071430|STUDENT
25071431|123456|25071431|STUDENT
25071432|123456|25071432|STUDENT
25071433|123456|25071433|STUDENT
25071434|123456|25071434|STUDENT
25071435|123456|25071435|STUDENT
25071436|123456|25071436|STUDENT
25071437|123456|25071437|STUDENT
25071438|123456|25071438|STUDENT
25071439|123456|25071439|STUDENT
25071440|123456|25071440|STUDENT
25072101|123456|25072101|STUDENT
25072102|123456|25072102|STUDENT
25072103|123456|25072103|STUDENT
25072104|123456|25072104|STUDENT
25072105|123456|25072105|STUDENT
25072106|123456|25072106|STUDENT
25072107|123456|25072107|STUDENT
25072108|123456|25072108|STUDENT
25072109|123456|25072109|STUDENT
25072110|123456|25072110|STUDENT
25072111|123456|25072111|STUDENT
25072112|123456|25072112|STUDENT
25072113|123456|25072113|STUDENT
25072114|123456|25072114|STUDENT
25072115|123456|25072115|STUDENT
25072116|123456|25072116|STUDENT
25072117|123456|25072117|STUDENT
25072118|123456|25072118|STUDENT
25072119|123456|25072119|STUDENT
25072120|123456|25072120|STUDENT
25072121|123456|25072121|STUDENT
25072122|123456|25072122|STUDENT
25072123|123456|25072123|STUDENT
25072124|123456|25072124|STUDENT
25072125|123456|25072125|STUDENT
25072126|123456|25072126|STUDENT
25072127|123456|25072127|STUDENT
25072128|123456|25072128|STUDENT
25072129|123456|25072129|STUDENT
25072130|123456|25072130|STUDENT
25072131|123456|25072131|STUDENT
25072132|123456|25072132|STUDENT
25072133|123456|25072133|STUDENT
25072134|123456|25072134|STUDENT
25072135|123456|25072135|STUDENT
25072136|123456|25072136|STUDENT
25072137|123456|25072137|STUDENT
25072138|123456|25072138|STUDENT
25072139|123456|25072139|STUDENT
25072140|123456|25072140|STUDENT
25072201|123456|25072201|STUDENT
25072202|123456|25072202|STUDENT
25072203|123456|25072203|STUDENT
25072204|123456|25072204|STUDENT
25072205|123456|25072205|STUDENT
25072206|123456|25072206|STUDENT
25072207|123456|25072207|STUDENT
25072208|123456|25072208|STUDENT
25072209|123456|25072209|STUDENT
25072210|123456|25072210|STUDENT
25072211|123456|25072211|STUDENT
25072212|123456|25072212|STUDENT
25072213|123456|25072213|STUDENT
25072214|123456|25072214|STUDENT
25072215|123456|25072215|STUDENT
25072216|123456|25072216|STUDENT
25072217|123456|25072217|STUDENT
25072218|123456|25072218|STUDENT
25072219|123456|25072219|STUDENT
25072220|123456|25072220|STUDENT
25072221|123456|25072221|STUDENT
25072222|123456|25072222|STUDENT
25072223|123456|25072223|STUDENT
25072224|123456|25072224|STUDENT
25072225|123456|25072225|STUDENT
25072226|123456|25072226|STUDENT
25072227|123456|25072227|STUDENT
25072228|123456|25072228|STUDENT
25072229|123456|25072229|STUDENT
25072230|123456|25072230|STUDENT
25072231|123456|25072231|STUDENT
25072232|123456|25072232|STUDENT
25072233|123456|25072233|STUDENT
25072234|123456|25072234|STUDENT
25072235|123456|25072235|STUDENT
25072236|123456|25072236|STUDENT
25072237|123456|25072237|STUDENT
25072238|123456|25072238|STUDENT
25072239|123456|25072239|STUDENT
25072240|123456|25072240|STUDENT
25072301|123456|25072301|STUDENT
25072302|123456|25072302|STUDENT
25072303|123456|25072303|STUDENT
25072304|123456|25072304|STUDENT
25072305|123456|25072305|STUDENT
25072306|123456|25072306|STUDENT
25072307|123456|25072307|STUDENT
25072308|123456|25072308|STUDENT
25072309|123456|25072309|STUDENT
25072310|123456|25072310|STUDENT
25072311|123456|25072311|STUDENT
25072312|123456|25072312|STUDENT
25072313|123456|25072313|STUDENT
25072314|123456|25072314|STUDENT
25072315|123456|25072315|STUDENT
25072316|123456|25072316|STUDENT
25072317|123456|25072317|STUDENT
25072318|123456|25072318|STUDENT
25072319|123456|25072319|STUDENT
25072320|123456|25072320|STUDENT
25072321|123456|25072321|STUDENT
25072322|123456|25072322|STUDENT
25072323|123456|25072323|STUDENT
25072324|123456|25072324|STUDENT
25072325|123456|25072325|STUDENT
25072326|123456|25072326|STUDENT
25072327|123456|25072327|STUDENT
25072328|123456|25072328|STUDENT
25072329|123456|25072329|STUDENT
25072330|123456|25072330|STUDENT
25072331|123456|25072331|STUDENT
25072332|123456|25072332|STUDENT
25072333|123456|25072333|STUDENT
25072334|123456|25072334|STUDENT
25072335|123456|25072335|STUDENT
25072336|123456|25072336|STUDENT
25072337|123456|25072337|STUDENT
25072338|123456|25072338|STUDENT
25072339|123456|25072339|STUDENT
25072340|123456|25072340|STUDENT
25072401|123456|25072401|STUDENT
25072402|123456|25072402|STUDENT
25072403|123456|25072403|STUDENT
25072404|123456|25072404|STUDENT
25072405|123456|25072405|STUDENT
25072406|123456|25072406|STUDENT
25072407|123456|25072407|STUDENT
25072408|123456|25072408|STUDENT
25072409|123456|25072409|STUDENT
25072410|123456|25072410|STUDENT
25072411|123456|25072411|STUDENT
25072412|123456|25072412|STUDENT
25072413|123456|25072413|STUDENT
25072414|123456|25072414|STUDENT
25072415|123456|25072415|STUDENT
25072416|123456|25072416|STUDENT
25072417|123456|25072417|STUDENT
25072418|123456|25072418|STUDENT
25072419|123456|25072419|STUDENT
25072420|123456|25072420|STUDENT
25072421|123456|25072421|STUDENT
25072422|123456|25072422|STUDENT
25072423|123456|25072423|STUDENT
25072424|123456|25072424|STUDENT
25072425|123456|25072425|STUDENT
25072426|123456|25072426|STUDENT
25072427|123456|25072427|STUDENT
25072428|123456|25072428|STUDENT
25072429|123456|25072429|STUDENT
25072430|123456|25072430|STUDENT
25072431|123456|25072431|STUDENT
25072432|123456|25072432|STUDENT
25072433|123456|25072433|STUDENT
25072434|123456|25072434|STUDENT
25072435|123456|25072435|STUDENT
25072436|123456|25072436|STUDENT
25072437|123456|25072437|STUDENT
25072438|123456|25072438|STUDENT
25072439|123456|25072439|STUDENT
25072440|123456|25072440|STUDENT
25073101|123456|25073101|STUDENT
25073102|123456|25073102|STUDENT
25073103|123456|25073103|STUDENT
25073104|123456|25073104|STUDENT
25073105|123456|25073105|STUDENT
25073106|123456|25073106|STUDENT
25073107|123456|25073107|STUDENT
25073108|123456|25073108|STUDENT
25073109|123456|25073109|STUDENT
25073110|123456|25073110|STUDENT
25073111|123456|25073111|STUDENT
25073112|123456|25073112|STUDENT
25073113|123456|25073113|STUDENT
25073114|123456|25073114|STUDENT
25073115|123456|25073115|STUDENT
25073116|123456|25073116|STUDENT
25073117|123456|25073117|STUDENT
25073118|123456|25073118|STUDENT
25073119|123456|25073119|STUDENT
25073120|123456|25073120|STUDENT
25073121|123456|25073121|STUDENT
25073122|123456|25073122|STUDENT
25073123|123456|25073123|STUDENT
25073124|123456|25073124|STUDENT
25073125|123456|25073125|STUDENT
25073126|123456|25073126|STUDENT
25073127|123456|25073127|STUDENT
25073128|123456|25073128|STUDENT
25073129|123456|25073129|STUDENT
25073130|123456|25073130|STUDENT
25073131|123456|25073131|STUDENT
25073132|123456|25073132|STUDENT
25073133|123456|25073133|STUDENT
25073134|123456|25073134|STUDENT
25073135|123456|25073135|STUDENT
25073136|123456|25073136|STUDENT
25073137|123456|25073137|STUDENT
25073138|123456|25073138|STUDENT
25073139|123456|25073139|STUDENT
25073140|123456|25073140|STUDENT
25073201|123456|25073201|STUDENT
25073202|123456|25073202|STUDENT
25073203|123456|25073203|STUDENT
25073204|123456|25073204|STUDENT
25073205|123456|25073205|STUDENT
25073206|123456|25073206|STUDENT
25073207|123456|25073207|STUDENT
25073208|123456|25073208|STUDENT
25073209|123456|25073209|STUDENT
25073210|123456|25073210|STUDENT
25073211|123456|25073211|STUDENT
25073212|123456|25073212|STUDENT
25073213|123456|25073213|STUDENT
25073214|123456|25073214|STUDENT
25073215|123456|25073215|STUDENT
25073216|123456|25073216|STUDENT
25073217|123456|25073217|STUDENT
25073218|123456|25073218|STUDENT
25073219|123456|25073219|STUDENT
25073220|123456|25073220|STUDENT
25073221|123456|25073221|STUDENT
25073222|123456|25073222|STUDENT
25073223|123456|25073223|STUDENT
25073224|123456|25073224|STUDENT
25073225|123456|25073225|STUDENT
25073226|123456|25073226|STUDENT
25073227|123456|25073227|STUDENT
25073228|123456|25073228|STUDENT
25073229|123456|25073229|STUDENT
25073230|123456|25073230|STUDENT
25073231|123456|25073231|STUDENT
25073232|123456|25073232|STUDENT
25073233|123456|25073233|STUDENT
25073234|123456|25073234|STUDENT
25073235|123456|25073235|STUDENT
25073236|123456|25073236|STUDENT
25073237|123456|25073237|STUDENT
25073238|123456|25073238|STUDENT
25073239|123456|25073239|STUDENT
25073240|123456|25073240|STUDENT
25073301|123456|25073301|STUDENT
25073302|123456|25073302|STUDENT
25073303|123456|25073303|STUDENT
25073304|123456|25073304|STUDENT
25073305|123456|25073305|STUDENT
25073306|123456|25073306|STUDENT
25073307|123456|25073307|STUDENT
25073308|123456|25073308|STUDENT
25073309|123456|25073309|STUDENT
25073310|123456|25073310|STUDENT
25073311|123456|25073311|STUDENT
25073312|123456|25073312|STUDENT
25073313|123456|25073313|STUDENT
25073314|123456|25073314|STUDENT
25073315|123456|25073315|STUDENT
25073316|123456|25073316|STUDENT
25073317|123456|25073317|STUDENT
25073318|123456|25073318|STUDENT
25073319|123456|25073319|STUDENT
25073320|123456|25073320|STUDENT
25073321|123456|25073321|STUDENT
25073322|123456|25073322|STUDENT
25073323|123456|25073323|STUDENT
25073324|123456|25073324|STUDENT
25073325|123456|25073325|STUDENT
25073326|123456|25073326|STUDENT
25073327|123456|25073327|STUDENT
25073328|123456|25073328|STUDENT
25073329|123456|25073329|STUDENT
25073330|123456|25073330|STUDENT
25073331|123456|25073331|STUDENT
25073332|123456|25073332|STUDENT
25073333|123456|25073333|STUDENT
25073334|123456|25073334|STUDENT
25073335|123456|25073335|STUDENT
25073336|123456|25073336|STUDENT
25073337|123456|25073337|STUDENT
25073338|123456|25073338|STUDENT
25073339|123456|25073339|STUDENT
25073340|123456|25073340|STUDENT
25073401|123456|25073401|STUDENT
25073402|123456|25073402|STUDENT
25073403|123456|25073403|STUDENT
25073404|123456|25073404|STUDENT
25073405|123456|25073405|STUDENT
25073406|123456|25073406|STUDENT
25073407|123456|25073407|STUDENT
25073408|123456|25073408|STUDENT
25073409|123456|25073409|STUDENT
25073410|123456|25073410|STUDENT
25073411|123456|25073411|STUDENT
25073412|123456|25073412|STUDENT
25073413|123456|25073413|STUDENT
25073414|123456|25073414|STUDENT
25073415|123456|25073415|STUDENT
25073416|123456|25073416|STUDENT
25073417|123456|25073417|STUDENT
25073418|123456|25073418|STUDENT
25073419|123456|25073419|STUDENT
25073420|123456|25073420|STUDENT
25073421|123456|25073421|STUDENT
25073422|123456|25073422|STUDENT
25073423|123456|25073423|STUDENT
25073424|123456|25073424|STUDENT
25073425|123456|25073425|STUDENT
25073426|123456|25073426|STUDENT
25073427|123456|25073427|STUDENT
25073428|123456|25073428|STUDENT
25073429|123456|25073429|STUDENT
25073430|123456|25073430|STUDENT
25073431|123456|25073431|STUDENT
25073432|123456|25073432|STUDENT
25073433|123456|25073433|STUDENT
25073434|123456|25073434|STUDENT
25073435|123456|25073435|STUDENT
25073436|123456|25073436|STUDENT
25073437|123456|25073437|STUDENT
25073438|123456|25073438|STUDENT
25073439|123456|25073439|STUDENT
25073440|123456|25073440|STUDENT
25074101|123456|25074101|STUDENT
25074102|123456|25074102|STUDENT
25074103|123456|25074103|STUDENT
25074104|123456|25074104|STUDENT
25074105|123456|25074105|STUDENT
25074106|123456|25074106|STUDENT
25074107|123456|25074107|STUDENT
25074108|123456|25074108|STUDENT
25074109|123456|25074109|STUDENT
25074110|123456|25074110|STUDENT
25074111|123456|25074111|STUDENT
25074112|123456|25074112|STUDENT
25074113|123456|25074113|STUDENT
25074114|123456|25074114|STUDENT
25074115|123456|25074115|STUDENT
25074116|123456|25074116|STUDENT
25074117|123456|25074117|STUDENT
25074118|123456|25074118|STUDENT
25074119|123456|25074119|STUDENT
25074120|123456|25074120|STUDENT
25074121|123456|25074121|STUDENT
25074122|123456|25074122|STUDENT
25074123|123456|25074123|STUDENT
25074124|123456|25074124|STUDENT
25074125|123456|25074125|STUDENT
25074126|123456|25074126|STUDENT
25074127|123456|25074127|STUDENT
25074128|123456|25074128|STUDENT
25074129|123456|25074129|STUDENT
25074130|123456|25074130|STUDENT
25074131|123456|25074131|STUDENT
25074132|123456|25074132|STUDENT
25074133|123456|25074133|STUDENT
25074134|123456|25074134|STUDENT
25074135|123456|25074135|STUDENT
25074136|123456|25074136|STUDENT
25074137|123456|25074137|STUDENT
25074138|123456|25074138|STUDENT
25074139|123456|25074139|STUDENT
25074140|123456|25074140|STUDENT
25074201|123456|25074201|STUDENT
25074202|123456|25074202|STUDENT
25074203|123456|25074203|STUDENT
25074204|123456|25074204|STUDENT
25074205|123456|25074205|STUDENT
25074206|123456|25074206|STUDENT
25074207|123456|25074207|STUDENT
25074208|123456|25074208|STUDENT
25074209|123456|25074209|STUDENT
25074210|123456|25074210|STUDENT
25074211|123456|25074211|STUDENT
25074212|123456|25074212|STUDENT
25074213|123456|25074213|STUDENT
25074214|123456|25074214|STUDENT
25074215|123456|25074215|STUDENT
25074216|123456|25074216|STUDENT
25074217|123456|25074217|STUDENT
25074218|123456|25074218|STUDENT
25074219|123456|25074219|STUDENT
25074220|123456|25074220|STUDENT
25074221|123456|25074221|STUDENT
25074222|123456|25074222|STUDENT
25074223|123456|25074223|STUDENT
25074224|123456|25074224|STUDENT
25074225|123456|25074225|STUDENT
25074226|123456|25074226|STUDENT
25074227|123456|25074227|STUDENT
25074228|123456|25074228|STUDENT
25074229|123456|25074229|STUDENT
25074230|123456|25074230|STUDENT
25074231|123456|25074231|STUDENT
25074232|123456|25074232|STUDENT
25074233|123456|25074233|STUDENT
25074234|123456|25074234|STUDENT
25074235|123456|25074235|STUDENT
25074236|123456|25074236|STUDENT
25074237|123456|25074237|STUDENT
25074238|123456|25074238|STUDENT
25074239|123456|25074239|STUDENT
25074240|123456|25074240|STUDENT
25074301|123456|25074301|STUDENT
25074302|123456|25074302|STUDENT
25074303|123456|25074303|STUDENT
25074304|123456|25074304|STUDENT
25074305|123456|25074305|STUDENT
25074306|123456|25074306|STUDENT
25074307|123456|25074307|STUDENT
25074308|123456|25074308|STUDENT
25074309|123456|25074309|STUDENT
25074310|123456|25074310|STUDENT
25074311|123456|25074311|STUDENT
25074312|123456|25074312|STUDENT
25074313|123456|25074313|STUDENT
25074314|123456|25074314|STUDENT
25074315|123456|25074315|STUDENT
25074316|123456|25074316|STUDENT
25074317|123456|25074317|STUDENT
25074318|123456|25074318|STUDENT
25074319|123456|25074319|STUDENT
25074320|123456|25074320|STUDENT
25074321|123456|25074321|STUDENT
25074322|123456|25074322|STUDENT
25074323|123456|25074323|STUDENT
25074324|123456|25074324|STUDENT
25074325|123456|25074325|STUDENT
25074326|123456|25074326|STUDENT
25074327|123456|25074327|STUDENT
25074328|123456|25074328|STUDENT
25074329|123456|25074329|STUDENT
25074330|123456|25074330|STUDENT
25074331|123456|25074331|STUDENT
25074332|123456|25074332|STUDENT
25074333|123456|25074333|STUDENT
25074334|123456|25074334|STUDENT
25074335|123456|25074335|STUDENT
25074336|123456|25074336|STUDENT
25074337|123456|25074337|STUDENT
25074338|123456|25074338|STUDENT
25074339|123456|25074339|STUDENT
25074340|123456|25074340|STUDENT
25074401|123456|25074401|STUDENT
25074402|123456|25074402|STUDENT
25074403|123456|25074403|STUDENT
25074404|123456|25074404|STUDENT
25074405|123456|25074405|STUDENT
25074406|123456|25074406|STUDENT
25074407|123456|25074407|STUDENT
25074408|123456|25074408|STUDENT
25074409|123456|25074409|STUDENT
25074410|123456|25074410|STUDENT
25074411|123456|25074411|STUDENT
25074412|123456|25074412|STUDENT
25074413|123456|25074413|STUDENT
25074414|123456|25074414|STUDENT
25074415|123456|25074415|STUDENT
25074416|123456|25074416|STUDENT
25074417|123456|25074417|STUDENT
25074418|123456|25074418|STUDENT
25074419|123456|25074419|STUDENT
25074420|123456|25074420|STUDENT
25074421|123456|25074421|STUDENT
25074422|123456|25074422|STUDENT
25074423|123456|25074423|STUDENT
25074424|123456|25074424|STUDENT
25074425|123456|25074425|STUDENT
25074426|123456|25074426|STUDENT
25074427|123456|25074427|STUDENT
25074428|123456|25074428|STUDENT
25074429|123456|25074429|STUDENT
25074430|123456|25074430|STUDENT
25074431|123456|25074431|STUDENT
25074432|123456|25074432|STUDENT
25074433|123456|25074433|STUDENT
25074434|123456|25074434|STUDENT
25074435|123456|25074435|STUDENT
25074436|123456|25074436|STUDENT
25074437|123456|25074437|STUDENT
25074438|123456|25074438|STUDENT
25074439|123456|25074439|STUDENT
25074440|123456|25074440|STUDENT
24081101|123456|24081101|STUDENT
24081102|123456|24081102|STUDENT
24081103|123456|24081103|STUDENT
24081104|123456|24081104|STUDENT
24081105|123456|24081105|STUDENT
24081106|123456|24081106|STUDENT
24081107|123456|24081107|STUDENT
24081108|123456|24081108|STUDENT
24081109|123456|24081109|STUDENT
24081110|123456|24081110|STUDENT
24081111|123456|24081111|STUDENT
24081112|123456|24081112|STUDENT
24081113|123456|24081113|STUDENT
24081114|123456|24081114|STUDENT
24081115|123456|24081115|STUDENT
24081116|123456|24081116|STUDENT
24081117|123456|24081117|STUDENT
24081118|123456|24081118|STUDENT
24081119|123456|24081119|STUDENT
24081120|123456|24081120|STUDENT
24081121|123456|24081121|STUDENT
24081122|123456|24081122|STUDENT
24081123|123456|24081123|STUDENT
24081124|123456|24081124|STUDENT
24081125|123456|24081125|STUDENT
24081126|123456|24081126|STUDENT
24081127|123456|24081127|STUDENT
24081128|123456|24081128|STUDENT
24081129|123456|24081129|STUDENT
24081130|123456|24081130|STUDENT
24081131|123456|24081131|STUDENT
24081132|123456|24081132|STUDENT
24081133|123456|24081133|STUDENT
24081134|123456|24081134|STUDENT
24081135|123456|24081135|STUDENT
24081136|123456|24081136|STUDENT
24081137|123456|24081137|STUDENT
24081138|123456|24081138|STUDENT
24081139|123456|24081139|STUDENT
24081140|123456|24081140|STUDENT
24081201|123456|24081201|STUDENT
24081202|123456|24081202|STUDENT
24081203|123456|24081203|STUDENT
24081204|123456|24081204|STUDENT
24081205|123456|24081205|STUDENT
24081206|123456|24081206|STUDENT
24081207|123456|24081207|STUDENT
24081208|123456|24081208|STUDENT
24081209|123456|24081209|STUDENT
24081210|123456|24081210|STUDENT
24081211|123456|24081211|STUDENT
24081212|123456|24081212|STUDENT
24081213|123456|24081213|STUDENT
24081214|123456|24081214|STUDENT
24081215|123456|24081215|STUDENT
24081216|123456|24081216|STUDENT
24081217|123456|24081217|STUDENT
24081218|123456|24081218|STUDENT
24081219|123456|24081219|STUDENT
24081220|123456|24081220|STUDENT
24081221|123456|24081221|STUDENT
24081222|123456|24081222|STUDENT
24081223|123456|24081223|STUDENT
24081224|123456|24081224|STUDENT
24081225|123456|24081225|STUDENT
24081226|123456|24081226|STUDENT
24081227|123456|24081227|STUDENT
24081228|123456|24081228|STUDENT
24081229|123456|24081229|STUDENT
24081230|123456|24081230|STUDENT
24081231|123456|24081231|STUDENT
24081232|123456|24081232|STUDENT
24081233|123456|24081233|STUDENT
24081234|123456|24081234|STUDENT
24081235|123456|24081235|STUDENT
24081236|123456|24081236|STUDENT
24081237|123456|24081237|STUDENT
24081238|123456|24081238|STUDENT
24081239|123456|24081239|STUDENT
24081240|123456|24081240|STUDENT
24081301|123456|24081301|STUDENT
24081302|123456|24081302|STUDENT
24081303|123456|24081303|STUDENT
24081304|123456|24081304|STUDENT
24081305|123456|24081305|STUDENT
24081306|123456|24081306|STUDENT
24081307|123456|24081307|STUDENT
24081308|123456|24081308|STUDENT
24081309|123456|24081309|STUDENT
24081310|123456|24081310|STUDENT
24081311|123456|24081311|STUDENT
24081312|123456|24081312|STUDENT
24081313|123456|24081313|STUDENT
24081314|123456|24081314|STUDENT
24081315|123456|24081315|STUDENT
24081316|123456|24081316|STUDENT
24081317|123456|24081317|STUDENT
24081318|123456|24081318|STUDENT
24081319|123456|24081319|STUDENT
24081320|123456|24081320|STUDENT
24081321|123456|24081321|STUDENT
24081322|123456|24081322|STUDENT
24081323|123456|24081323|STUDENT
24081324|123456|24081324|STUDENT
24081325|123456|24081325|STUDENT
24081326|123456|24081326|STUDENT
24081327|123456|24081327|STUDENT
24081328|123456|24081328|STUDENT
24081329|123456|24081329|STUDENT
24081330|123456|24081330|STUDENT
24081331|123456|24081331|STUDENT
24081332|123456|24081332|STUDENT
24081333|123456|24081333|STUDENT
24081334|123456|24081334|STUDENT
24081335|123456|24081335|STUDENT
24081336|123456|24081336|STUDENT
24081337|123456|24081337|STUDENT
24081338|123456|24081338|STUDENT
24081339|123456|24081339|STUDENT
24081340|123456|24081340|STUDENT
24081401|123456|24081401|STUDENT
24081402|123456|24081402|STUDENT
24081403|123456|24081403|STUDENT
24081404|123456|24081404|STUDENT
24081405|123456|24081405|STUDENT
24081406|123456|24081406|STUDENT
24081407|123456|24081407|STUDENT
24081408|123456|24081408|STUDENT
24081409|123456|24081409|STUDENT
24081410|123456|24081410|STUDENT
24081411|123456|24081411|STUDENT
24081412|123456|24081412|STUDENT
24081413|123456|24081413|STUDENT
24081414|123456|24081414|STUDENT
24081415|123456|24081415|STUDENT
24081416|123456|24081416|STUDENT
24081417|123456|24081417|STUDENT
24081418|123456|24081418|STUDENT
24081419|123456|24081419|STUDENT
24081420|123456|24081420|STUDENT
24081421|123456|24081421|STUDENT
24081422|123456|24081422|STUDENT
24081423|123456|24081423|STUDENT
24081424|123456|24081424|STUDENT
24081425|123456|24081425|STUDENT
24081426|123456|24081426|STUDENT
24081427|123456|24081427|STUDENT
24081428|123456|24081428|STUDENT
24081429|123456|24081429|STUDENT
24081430|123456|24081430|STUDENT
24081431|123456|24081431|STUDENT
24081432|123456|24081432|STUDENT
24081433|123456|24081433|STUDENT
24081434|123456|24081434|STUDENT
24081435|123456|24081435|STUDENT
24081436|123456|24081436|STUDENT
24081437|123456|24081437|STUDENT
24081438|123456|24081438|STUDENT
24081439|123456|24081439|STUDENT
24081440|123456|24081440|STUDENT
24082101|123456|24082101|STUDENT
24082102|123456|24082102|STUDENT
24082103|123456|24082103|STUDENT
24082104|123456|24082104|STUDENT
24082105|123456|24082105|STUDENT
24082106|123456|24082106|STUDENT
24082107|123456|24082107|STUDENT
24082108|123456|24082108|STUDENT
24082109|123456|24082109|STUDENT
24082110|123456|24082110|STUDENT
24082111|123456|24082111|STUDENT
24082112|123456|24082112|STUDENT
24082113|123456|24082113|STUDENT
24082114|123456|24082114|STUDENT
24082115|123456|24082115|STUDENT
24082116|123456|24082116|STUDENT
24082117|123456|24082117|STUDENT
24082118|123456|24082118|STUDENT
24082119|123456|24082119|STUDENT
24082120|123456|24082120|STUDENT
24082121|123456|24082121|STUDENT
24082122|123456|24082122|STUDENT
24082123|123456|24082123|STUDENT
24082124|123456|24082124|STUDENT
24082125|123456|24082125|STUDENT
24082126|123456|24082126|STUDENT
24082127|123456|24082127|STUDENT
24082128|123456|24082128|STUDENT
24082129|123456|24082129|STUDENT
24082130|123456|24082130|STUDENT
24082131|123456|24082131|STUDENT
24082132|123456|24082132|STUDENT
24082133|123456|24082133|STUDENT
24082134|123456|24082134|STUDENT
24082135|123456|24082135|STUDENT
24082136|123456|24082136|STUDENT
24082137|123456|24082137|STUDENT
24082138|123456|24082138|STUDENT
24082139|123456|24082139|STUDENT
24082140|123456|24082140|STUDENT
24082201|123456|24082201|STUDENT
24082202|123456|24082202|STUDENT
24082203|123456|24082203|STUDENT
24082204|123456|24082204|STUDENT
24082205|123456|24082205|STUDENT
24082206|123456|24082206|STUDENT
24082207|123456|24082207|STUDENT
24082208|123456|24082208|STUDENT
24082209|123456|24082209|STUDENT
24082210|123456|24082210|STUDENT
24082211|123456|24082211|STUDENT
24082212|123456|24082212|STUDENT
24082213|123456|24082213|STUDENT
24082214|123456|24082214|STUDENT
24082215|123456|24082215|STUDENT
24082216|123456|24082216|STUDENT
24082217|123456|24082217|STUDENT
24082218|123456|24082218|STUDENT
24082219|123456|24082219|STUDENT
24082220|123456|24082220|STUDENT
24082221|123456|24082221|STUDENT
24082222|123456|24082222|STUDENT
24082223|123456|24082223|STUDENT
24082224|123456|24082224|STUDENT
24082225|123456|24082225|STUDENT
24082226|123456|24082226|STUDENT
24082227|123456|24082227|STUDENT
24082228|123456|24082228|STUDENT
24082229|123456|24082229|STUDENT
24082230|123456|24082230|STUDENT
24082231|123456|24082231|STUDENT
24082232|123456|24082232|STUDENT
24082233|123456|24082233|STUDENT
24082234|123456|24082234|STUDENT
24082235|123456|24082235|STUDENT
24082236|123456|24082236|STUDENT
24082237|123456|24082237|STUDENT
24082238|123456|24082238|STUDENT
24082239|123456|24082239|STUDENT
24082240|123456|24082240|STUDENT
24082301|123456|24082301|STUDENT
24082302|123456|24082302|STUDENT
24082303|123456|24082303|STUDENT
24082304|123456|24082304|STUDENT
24082305|123456|24082305|STUDENT
24082306|123456|24082306|STUDENT
24082307|123456|24082307|STUDENT
24082308|123456|24082308|STUDENT
24082309|123456|24082309|STUDENT
24082310|123456|24082310|STUDENT
24082311|123456|24082311|STUDENT
24082312|123456|24082312|STUDENT
24082313|123456|24082313|STUDENT
24082314|123456|24082314|STUDENT
24082315|123456|24082315|STUDENT
24082316|123456|24082316|STUDENT
24082317|123456|24082317|STUDENT
24082318|123456|24082318|STUDENT
24082319|123456|24082319|STUDENT
24082320|123456|24082320|STUDENT
24082321|123456|24082321|STUDENT
24082322|123456|24082322|STUDENT
24082323|123456|24082323|STUDENT
24082324|123456|24082324|STUDENT
24082325|123456|24082325|STUDENT
24082326|123456|24082326|STUDENT
24082327|123456|24082327|STUDENT
24082328|123456|24082328|STUDENT
24082329|123456|24082329|STUDENT
24082330|123456|24082330|STUDENT
24082331|123456|24082331|STUDENT
24082332|123456|24082332|STUDENT
24082333|123456|24082333|STUDENT
24082334|123456|24082334|STUDENT
24082335|123456|24082335|STUDENT
24082336|123456|24082336|STUDENT
24082337|123456|24082337|STUDENT
24082338|123456|24082338|STUDENT
24082339|123456|24082339|STUDENT
24082340|123456|24082340|STUDENT
24082401|123456|24082401|STUDENT
24082402|123456|24082402|STUDENT
24082403|123456|24082403|STUDENT
24082404|123456|24082404|STUDENT
24082405|123456|24082405|STUDENT
24082406|123456|24082406|STUDENT
24082407|123456|24082407|STUDENT
24082408|123456|24082408|STUDENT
24082409|123456|24082409|STUDENT
24082410|123456|24082410|STUDENT
24082411|123456|24082411|STUDENT
24082412|123456|24082412|STUDENT
24082413|123456|24082413|STUDENT
24082414|123456|24082414|STUDENT
24082415|123456|24082415|STUDENT
24082416|123456|24082416|STUDENT
24082417|123456|24082417|STUDENT
24082418|123456|24082418|STUDENT
24082419|123456|24082419|STUDENT
24082420|123456|24082420|STUDENT
24082421|123456|24082421|STUDENT
24082422|123456|24082422|STUDENT
24082423|123456|24082423|STUDENT
24082424|123456|24082424|STUDENT
24082425|123456|24082425|STUDENT
24082426|123456|24082426|STUDENT
24082427|123456|24082427|STUDENT
24082428|123456|24082428|STUDENT
24082429|123456|24082429|STUDENT
24082430|123456|24082430|STUDENT
24082431|123456|24082431|STUDENT
24082432|123456|24082432|STUDENT
24082433|123456|24082433|STUDENT
24082434|123456|24082434|STUDENT
24082435|123456|24082435|STUDENT
24082436|123456|24082436|STUDENT
24082437|123456|24082437|STUDENT
24082438|123456|24082438|STUDENT
24082439|123456|24082439|STUDENT
24082440|123456|24082440|STUDENT
24083101|123456|24083101|STUDENT
24083102|123456|24083102|STUDENT
24083103|123456|24083103|STUDENT
24083104|123456|24083104|STUDENT
24083105|123456|24083105|STUDENT
24083106|123456|24083106|STUDENT
24083107|123456|24083107|STUDENT
24083108|123456|24083108|STUDENT
24083109|123456|24083109|STUDENT
24083110|123456|24083110|STUDENT
24083111|123456|24083111|STUDENT
24083112|123456|24083112|STUDENT
24083113|123456|24083113|STUDENT
24083114|123456|24083114|STUDENT
24083115|123456|24083115|STUDENT
24083116|123456|24083116|STUDENT
24083117|123456|24083117|STUDENT
24083118|123456|24083118|STUDENT
24083119|123456|24083119|STUDENT
24083120|123456|24083120|STUDENT
24083121|123456|24083121|STUDENT
24083122|123456|24083122|STUDENT
24083123|123456|24083123|STUDENT
24083124|123456|24083124|STUDENT
24083125|123456|24083125|STUDENT
24083126|123456|24083126|STUDENT
24083127|123456|24083127|STUDENT
24083128|123456|24083128|STUDENT
24083129|123456|24083129|STUDENT
24083130|123456|24083130|STUDENT
24083131|123456|24083131|STUDENT
24083132|123456|24083132|STUDENT
24083133|123456|24083133|STUDENT
24083134|123456|24083134|STUDENT
24083135|123456|24083135|STUDENT
24083136|123456|24083136|STUDENT
24083137|123456|24083137|STUDENT
24083138|123456|24083138|STUDENT
24083139|123456|24083139|STUDENT
24083140|123456|24083140|STUDENT
24083201|123456|24083201|STUDENT
24083202|123456|24083202|STUDENT
24083203|123456|24083203|STUDENT
24083204|123456|24083204|STUDENT
24083205|123456|24083205|STUDENT
24083206|123456|24083206|STUDENT
24083207|123456|24083207|STUDENT
24083208|123456|24083208|STUDENT
24083209|123456|24083209|STUDENT
24083210|123456|24083210|STUDENT
24083211|123456|24083211|STUDENT
24083212|123456|24083212|STUDENT
24083213|123456|24083213|STUDENT
24083214|123456|24083214|STUDENT
24083215|123456|24083215|STUDENT
24083216|123456|24083216|STUDENT
24083217|123456|24083217|STUDENT
24083218|123456|24083218|STUDENT
24083219|123456|24083219|STUDENT
24083220|123456|24083220|STUDENT
24083221|123456|24083221|STUDENT
24083222|123456|24083222|STUDENT
24083223|123456|24083223|STUDENT
24083224|123456|24083224|STUDENT
24083225|123456|24083225|STUDENT
24083226|123456|24083226|STUDENT
24083227|123456|24083227|STUDENT
24083228|123456|24083228|STUDENT
24083229|123456|24083229|STUDENT
24083230|123456|24083230|STUDENT
24083231|123456|24083231|STUDENT
24083232|123456|24083232|STUDENT
24083233|123456|24083233|STUDENT
24083234|123456|24083234|STUDENT
24083235|123456|24083235|STUDENT
24083236|123456|24083236|STUDENT
24083237|123456|24083237|STUDENT
24083238|123456|24083238|STUDENT
24083239|123456|24083239|STUDENT
24083240|123456|24083240|STUDENT
24083301|123456|24083301|STUDENT
24083302|123456|24083302|STUDENT
24083303|123456|24083303|STUDENT
24083304|123456|24083304|STUDENT
24083305|123456|24083305|STUDENT
24083306|123456|24083306|STUDENT
24083307|123456|24083307|STUDENT
24083308|123456|24083308|STUDENT
24083309|123456|24083309|STUDENT
24083310|123456|24083310|STUDENT
24083311|123456|24083311|STUDENT
24083312|123456|24083312|STUDENT
24083313|123456|24083313|STUDENT
24083314|123456|24083314|STUDENT
24083315|123456|24083315|STUDENT
24083316|123456|24083316|STUDENT
24083317|123456|24083317|STUDENT
24083318|123456|24083318|STUDENT
24083319|123456|24083319|STUDENT
24083320|123456|24083320|STUDENT
24083321|123456|24083321|STUDENT
24083322|123456|24083322|STUDENT
24083323|123456|24083323|STUDENT
24083324|123456|24083324|STUDENT
24083325|123456|24083325|STUDENT
24083326|123456|24083326|STUDENT
24083327|123456|24083327|STUDENT
24083328|123456|24083328|STUDENT
24083329|123456|24083329|STUDENT
24083330|123456|24083330|STUDENT
24083331|123456|24083331|STUDENT
24083332|123456|24083332|STUDENT
24083333|123456|24083333|STUDENT
24083334|123456|24083334|STUDENT
24083335|123456|24083335|STUDENT
24083336|123456|24083336|STUDENT
24083337|123456|24083337|STUDENT
24083338|123456|24083338|STUDENT
24083339|123456|24083339|STUDENT
24083340|123456|24083340|STUDENT
24083401|123456|24083401|STUDENT
24083402|123456|24083402|STUDENT
24083403|123456|24083403|STUDENT
24083404|123456|24083404|STUDENT
24083405|123456|24083405|STUDENT
24083406|123456|24083406|STUDENT
24083407|123456|24083407|STUDENT
24083408|123456|24083408|STUDENT
24083409|123456|24083409|STUDENT
24083410|123456|24083410|STUDENT
24083411|123456|24083411|STUDENT
24083412|123456|24083412|STUDENT
24083413|123456|24083413|STUDENT
24083414|123456|24083414|STUDENT
24083415|123456|24083415|STUDENT
24083416|123456|24083416|STUDENT
24083417|123456|24083417|STUDENT
24083418|123456|24083418|STUDENT
24083419|123456|24083419|STUDENT
24083420|123456|24083420|STUDENT
24083421|123456|24083421|STUDENT
24083422|123456|24083422|STUDENT
24083423|123456|24083423|STUDENT
24083424|123456|24083424|STUDENT
24083425|123456|24083425|STUDENT
24083426|123456|24083426|STUDENT
24083427|123456|24083427|STUDENT
24083428|123456|24083428|STUDENT
24083429|123456|24083429|STUDENT
24083430|123456|24083430|STUDENT
24083431|123456|24083431|STUDENT
24083432|123456|24083432|STUDENT
24083433|123456|24083433|STUDENT
24083434|123456|24083434|STUDENT
24083435|123456|24083435|STUDENT
24083436|123456|24083436|STUDENT
24083437|123456|24083437|STUDENT
24083438|123456|24083438|STUDENT
24083439|123456|24083439|STUDENT
24083440|123456|24083440|STUDENT
24084101|123456|24084101|STUDENT
24084102|123456|24084102|STUDENT
24084103|123456|24084103|STUDENT
24084104|123456|24084104|STUDENT
24084105|123456|24084105|STUDENT
24084106|123456|24084106|STUDENT
24084107|123456|24084107|STUDENT
24084108|123456|24084108|STUDENT
24084109|123456|24084109|STUDENT
24084110|123456|24084110|STUDENT
24084111|123456|24084111|STUDENT
24084112|123456|24084112|STUDENT
24084113|123456|24084113|STUDENT
24084114|123456|24084114|STUDENT
24084115|123456|24084115|STUDENT
24084116|123456|24084116|STUDENT
24084117|123456|24084117|STUDENT
24084118|123456|24084118|STUDENT
24084119|123456|24084119|STUDENT
24084120|123456|24084120|STUDENT
24084121|123456|24084121|STUDENT
24084122|123456|24084122|STUDENT
24084123|123456|24084123|STUDENT
24084124|123456|24084124|STUDENT
24084125|123456|24084125|STUDENT
24084126|123456|24084126|STUDENT
24084127|123456|24084127|STUDENT
24084128|123456|24084128|STUDENT
24084129|123456|24084129|STUDENT
24084130|123456|24084130|STUDENT
24084131|123456|24084131|STUDENT
24084132|123456|24084132|STUDENT
24084133|123456|24084133|STUDENT
24084134|123456|24084134|STUDENT
24084135|123456|24084135|STUDENT
24084136|123456|24084136|STUDENT
24084137|123456|24084137|STUDENT
24084138|123456|24084138|STUDENT
24084139|123456|24084139|STUDENT
24084140|123456|24084140|STUDENT
24084201|123456|24084201|STUDENT
24084202|123456|24084202|STUDENT
24084203|123456|24084203|STUDENT
24084204|123456|24084204|STUDENT
24084205|123456|24084205|STUDENT
24084206|123456|24084206|STUDENT
24084207|123456|24084207|STUDENT
24084208|123456|24084208|STUDENT
24084209|123456|24084209|STUDENT
24084210|123456|24084210|STUDENT
24084211|123456|24084211|STUDENT
24084212|123456|24084212|STUDENT
24084213|123456|24084213|STUDENT
24084214|123456|24084214|STUDENT
24084215|123456|24084215|STUDENT
24084216|123456|24084216|STUDENT
24084217|123456|24084217|STUDENT
24084218|123456|24084218|STUDENT
24084219|123456|24084219|STUDENT
24084220|123456|24084220|STUDENT
24084221|123456|24084221|STUDENT
24084222|123456|24084222|STUDENT
24084223|123456|24084223|STUDENT
24084224|123456|24084224|STUDENT
24084225|123456|24084225|STUDENT
24084226|123456|24084226|STUDENT
24084227|123456|24084227|STUDENT
24084228|123456|24084228|STUDENT
24084229|123456|24084229|STUDENT
24084230|123456|24084230|STUDENT
24084231|123456|24084231|STUDENT
24084232|123456|24084232|STUDENT
24084233|123456|24084233|STUDENT
24084234|123456|24084234|STUDENT
24084235|123456|24084235|STUDENT
24084236|123456|24084236|STUDENT
24084237|123456|24084237|STUDENT
24084238|123456|24084238|STUDENT
24084239|123456|24084239|STUDENT
24084240|123456|24084240|STUDENT
24084301|123456|24084301|STUDENT
24084302|123456|24084302|STUDENT
24084303|123456|24084303|STUDENT
24084304|123456|24084304|STUDENT
24084305|123456|24084305|STUDENT
24084306|123456|24084306|STUDENT
24084307|123456|24084307|STUDENT
24084308|123456|24084308|STUDENT
24084309|123456|24084309|STUDENT
24084310|123456|24084310|STUDENT
24084311|123456|24084311|STUDENT
24084312|123456|24084312|STUDENT
24084313|123456|24084313|STUDENT
24084314|123456|24084314|STUDENT
24084315|123456|24084315|STUDENT
24084316|123456|24084316|STUDENT
24084317|123456|24084317|STUDENT
24084318|123456|24084318|STUDENT
24084319|123456|24084319|STUDENT
24084320|123456|24084320|STUDENT
24084321|123456|24084321|STUDENT
24084322|123456|24084322|STUDENT
24084323|123456|24084323|STUDENT
24084324|123456|24084324|STUDENT
24084325|123456|24084325|STUDENT
24084326|123456|24084326|STUDENT
24084327|123456|24084327|STUDENT
24084328|123456|24084328|STUDENT
24084329|123456|24084329|STUDENT
24084330|123456|24084330|STUDENT
24084331|123456|24084331|STUDENT
24084332|123456|24084332|STUDENT
24084333|123456|24084333|STUDENT
24084334|123456|24084334|STUDENT
24084335|123456|24084335|STUDENT
24084336|123456|24084336|STUDENT
24084337|123456|24084337|STUDENT
24084338|123456|24084338|STUDENT
24084339|123456|24084339|STUDENT
24084340|123456|24084340|STUDENT
24084401|123456|24084401|STUDENT
24084402|123456|24084402|STUDENT
24084403|123456|24084403|STUDENT
24084404|123456|24084404|STUDENT
24084405|123456|24084405|STUDENT
24084406|123456|24084406|STUDENT
24084407|123456|24084407|STUDENT
24084408|123456|24084408|STUDENT
24084409|123456|24084409|STUDENT
24084410|123456|24084410|STUDENT
24084411|123456|24084411|STUDENT
24084412|123456|24084412|STUDENT
24084413|123456|24084413|STUDENT
24084414|123456|24084414|STUDENT
24084415|123456|24084415|STUDENT
24084416|123456|24084416|STUDENT
24084417|123456|24084417|STUDENT
24084418|123456|24084418|STUDENT
24084419|123456|24084419|STUDENT
24084420|123456|24084420|STUDENT
24084421|123456|24084421|STUDENT
24084422|123456|24084422|STUDENT
24084423|123456|24084423|STUDENT
24084424|123456|24084424|STUDENT
24084425|123456|24084425|STUDENT
24084426|123456|24084426|STUDENT
24084427|123456|24084427|STUDENT
24084428|123456|24084428|STUDENT
24084429|123456|24084429|STUDENT
24084430|123456|24084430|STUDENT
24084431|123456|24084431|STUDENT
24084432|123456|24084432|STUDENT
24084433|123456|24084433|STUDENT
24084434|123456|24084434|STUDENT
24084435|123456|24084435|STUDENT
24084436|123456|24084436|STUDENT
24084437|123456|24084437|STUDENT
24084438|123456|24084438|STUDENT
24084439|123456|24084439|STUDENT
24084440|123456|24084440|STUDENT
25081101|123456|25081101|STUDENT
25081102|123456|25081102|STUDENT
25081103|123456|25081103|STUDENT
25081104|123456|25081104|STUDENT
25081105|123456|25081105|STUDENT
25081106|123456|25081106|STUDENT
25081107|123456|25081107|STUDENT
25081108|123456|25081108|STUDENT
25081109|123456|25081109|STUDENT
25081110|123456|25081110|STUDENT
25081111|123456|25081111|STUDENT
25081112|123456|25081112|STUDENT
25081113|123456|25081113|STUDENT
25081114|123456|25081114|STUDENT
25081115|123456|25081115|STUDENT
25081116|123456|25081116|STUDENT
25081117|123456|25081117|STUDENT
25081118|123456|25081118|STUDENT
25081119|123456|25081119|STUDENT
25081120|123456|25081120|STUDENT
25081121|123456|25081121|STUDENT
25081122|123456|25081122|STUDENT
25081123|123456|25081123|STUDENT
25081124|123456|25081124|STUDENT
25081125|123456|25081125|STUDENT
25081126|123456|25081126|STUDENT
25081127|123456|25081127|STUDENT
25081128|123456|25081128|STUDENT
25081129|123456|25081129|STUDENT
25081130|123456|25081130|STUDENT
25081131|123456|25081131|STUDENT
25081132|123456|25081132|STUDENT
25081133|123456|25081133|STUDENT
25081134|123456|25081134|STUDENT
25081135|123456|25081135|STUDENT
25081136|123456|25081136|STUDENT
25081137|123456|25081137|STUDENT
25081138|123456|25081138|STUDENT
25081139|123456|25081139|STUDENT
25081140|123456|25081140|STUDENT
25081201|123456|25081201|STUDENT
25081202|123456|25081202|STUDENT
25081203|123456|25081203|STUDENT
25081204|123456|25081204|STUDENT
25081205|123456|25081205|STUDENT
25081206|123456|25081206|STUDENT
25081207|123456|25081207|STUDENT
25081208|123456|25081208|STUDENT
25081209|123456|25081209|STUDENT
25081210|123456|25081210|STUDENT
25081211|123456|25081211|STUDENT
25081212|123456|25081212|STUDENT
25081213|123456|25081213|STUDENT
25081214|123456|25081214|STUDENT
25081215|123456|25081215|STUDENT
25081216|123456|25081216|STUDENT
25081217|123456|25081217|STUDENT
25081218|123456|25081218|STUDENT
25081219|123456|25081219|STUDENT
25081220|123456|25081220|STUDENT
25081221|123456|25081221|STUDENT
25081222|123456|25081222|STUDENT
25081223|123456|25081223|STUDENT
25081224|123456|25081224|STUDENT
25081225|123456|25081225|STUDENT
25081226|123456|25081226|STUDENT
25081227|123456|25081227|STUDENT
25081228|123456|25081228|STUDENT
25081229|123456|25081229|STUDENT
25081230|123456|25081230|STUDENT
25081231|123456|25081231|STUDENT
25081232|123456|25081232|STUDENT
25081233|123456|25081233|STUDENT
25081234|123456|25081234|STUDENT
25081235|123456|25081235|STUDENT
25081236|123456|25081236|STUDENT
25081237|123456|25081237|STUDENT
25081238|123456|25081238|STUDENT
25081239|123456|25081239|STUDENT
25081240|123456|25081240|STUDENT
25081301|123456|25081301|STUDENT
25081302|123456|25081302|STUDENT
25081303|123456|25081303|STUDENT
25081304|123456|25081304|STUDENT
25081305|123456|25081305|STUDENT
25081306|123456|25081306|STUDENT
25081307|123456|25081307|STUDENT
25081308|123456|25081308|STUDENT
25081309|123456|25081309|STUDENT
25081310|123456|25081310|STUDENT
25081311|123456|25081311|STUDENT
25081312|123456|25081312|STUDENT
25081313|123456|25081313|STUDENT
25081314|123456|25081314|STUDENT
25081315|123456|25081315|STUDENT
25081316|123456|25081316|STUDENT
25081317|123456|25081317|STUDENT
25081318|123456|25081318|STUDENT
25081319|123456|25081319|STUDENT
25081320|123456|25081320|STUDENT
25081321|123456|25081321|STUDENT
25081322|123456|25081322|STUDENT
25081323|123456|25081323|STUDENT
25081324|123456|25081324|STUDENT
25081325|123456|25081325|STUDENT
25081326|123456|25081326|STUDENT
25081327|123456|25081327|STUDENT
25081328|123456|25081328|STUDENT
25081329|123456|25081329|STUDENT
25081330|123456|25081330|STUDENT
25081331|123456|25081331|STUDENT
25081332|123456|25081332|STUDENT
25081333|123456|25081333|STUDENT
25081334|123456|25081334|STUDENT
25081335|123456|25081335|STUDENT
25081336|123456|25081336|STUDENT
25081337|123456|25081337|STUDENT
25081338|123456|25081338|STUDENT
25081339|123456|25081339|STUDENT
25081340|123456|25081340|STUDENT
25081401|123456|25081401|STUDENT
25081402|123456|25081402|STUDENT
25081403|123456|25081403|STUDENT
25081404|123456|25081404|STUDENT
25081405|123456|25081405|STUDENT
25081406|123456|25081406|STUDENT
25081407|123456|25081407|STUDENT
25081408|123456|25081408|STUDENT
25081409|123456|25081409|STUDENT
25081410|123456|25081410|STUDENT
25081411|123456|25081411|STUDENT
25081412|123456|25081412|STUDENT
25081413|123456|25081413|STUDENT
25081414|123456|25081414|STUDENT
25081415|123456|25081415|STUDENT
25081416|123456|25081416|STUDENT
25081417|123456|25081417|STUDENT
25081418|123456|25081418|STUDENT
25081419|123456|25081419|STUDENT
25081420|123456|25081420|STUDENT
25081421|123456|25081421|STUDENT
25081422|123456|25081422|STUDENT
25081423|123456|25081423|STUDENT
25081424|123456|25081424|STUDENT
25081425|123456|25081425|STUDENT
25081426|123456|25081426|STUDENT
25081427|123456|25081427|STUDENT
25081428|123456|25081428|STUDENT
25081429|123456|25081429|STUDENT
25081430|123456|25081430|STUDENT
25081431|123456|25081431|STUDENT
25081432|123456|25081432|STUDENT
25081433|123456|25081433|STUDENT
25081434|123456|25081434|STUDENT
25081435|123456|25081435|STUDENT
25081436|123456|25081436|STUDENT
25081437|123456|25081437|STUDENT
25081438|123456|25081438|STUDENT
25081439|123456|25081439|STUDENT
25081440|123456|25081440|STUDENT
25082101|123456|25082101|STUDENT
25082102|123456|25082102|STUDENT
25082103|123456|25082103|STUDENT
25082104|123456|25082104|STUDENT
25082105|123456|25082105|STUDENT
25082106|123456|25082106|STUDENT
25082107|123456|25082107|STUDENT
25082108|123456|25082108|STUDENT
25082109|123456|25082109|STUDENT
25082110|123456|25082110|STUDENT
25082111|123456|25082111|STUDENT
25082112|123456|25082112|STUDENT
25082113|123456|25082113|STUDENT
25082114|123456|25082114|STUDENT
25082115|123456|25082115|STUDENT
25082116|123456|25082116|STUDENT
25082117|123456|25082117|STUDENT
25082118|123456|25082118|STUDENT
25082119|123456|25082119|STUDENT
25082120|123456|25082120|STUDENT
25082121|123456|25082121|STUDENT
25082122|123456|25082122|STUDENT
25082123|123456|25082123|STUDENT
25082124|123456|25082124|STUDENT
25082125|123456|25082125|STUDENT
25082126|123456|25082126|STUDENT
25082127|123456|25082127|STUDENT
25082128|123456|25082128|STUDENT
25082129|123456|25082129|STUDENT
25082130|123456|25082130|STUDENT
25082131|123456|25082131|STUDENT
25082132|123456|25082132|STUDENT
25082133|123456|25082133|STUDENT
25082134|123456|25082134|STUDENT
25082135|123456|25082135|STUDENT
25082136|123456|25082136|STUDENT
25082137|123456|25082137|STUDENT
25082138|123456|25082138|STUDENT
25082139|123456|25082139|STUDENT
25082140|123456|25082140|STUDENT
25082201|123456|25082201|STUDENT
25082202|123456|25082202|STUDENT
25082203|123456|25082203|STUDENT
25082204|123456|25082204|STUDENT
25082205|123456|25082205|STUDENT
25082206|123456|25082206|STUDENT
25082207|123456|25082207|STUDENT
25082208|123456|25082208|STUDENT
25082209|123456|25082209|STUDENT
25082210|123456|25082210|STUDENT
25082211|123456|25082211|STUDENT
25082212|123456|25082212|STUDENT
25082213|123456|25082213|STUDENT
25082214|123456|25082214|STUDENT
25082215|123456|25082215|STUDENT
25082216|123456|25082216|STUDENT
25082217|123456|25082217|STUDENT
25082218|123456|25082218|STUDENT
25082219|123456|25082219|STUDENT
25082220|123456|25082220|STUDENT
25082221|123456|25082221|STUDENT
25082222|123456|25082222|STUDENT
25082223|123456|25082223|STUDENT
25082224|123456|25082224|STUDENT
25082225|123456|25082225|STUDENT
25082226|123456|25082226|STUDENT
25082227|123456|25082227|STUDENT
25082228|123456|25082228|STUDENT
25082229|123456|25082229|STUDENT
25082230|123456|25082230|STUDENT
25082231|123456|25082231|STUDENT
25082232|123456|25082232|STUDENT
25082233|123456|25082233|STUDENT
25082234|123456|25082234|STUDENT
25082235|123456|25082235|STUDENT
25082236|123456|25082236|STUDENT
25082237|123456|25082237|STUDENT
25082238|123456|25082238|STUDENT
25082239|123456|25082239|STUDENT
25082240|123456|25082240|STUDENT
25082301|123456|25082301|STUDENT
25082302|123456|25082302|STUDENT
25082303|123456|25082303|STUDENT
25082304|123456|25082304|STUDENT
25082305|123456|25082305|STUDENT
25082306|123456|25082306|STUDENT
25082307|123456|25082307|STUDENT
25082308|123456|25082308|STUDENT
25082309|123456|25082309|STUDENT
25082310|123456|25082310|STUDENT
25082311|123456|25082311|STUDENT
25082312|123456|25082312|STUDENT
25082313|123456|25082313|STUDENT
25082314|123456|25082314|STUDENT
25082315|123456|25082315|STUDENT
25082316|123456|25082316|STUDENT
25082317|123456|25082317|STUDENT
25082318|123456|25082318|STUDENT
25082319|123456|25082319|STUDENT
25082320|123456|25082320|STUDENT
25082321|123456|25082321|STUDENT
25082322|123456|25082322|STUDENT
25082323|123456|25082323|STUDENT
25082324|123456|25082324|STUDENT
25082325|123456|25082325|STUDENT
25082326|123456|25082326|STUDENT
25082327|123456|25082327|STUDENT
25082328|123456|25082328|STUDENT
25082329|123456|25082329|STUDENT
25082330|123456|25082330|STUDENT
25082331|123456|25082331|STUDENT
25082332|123456|25082332|STUDENT
25082333|123456|25082333|STUDENT
25082334|123456|25082334|STUDENT
25082335|123456|25082335|STUDENT
25082336|123456|25082336|STUDENT
25082337|123456|25082337|STUDENT
25082338|123456|25082338|STUDENT
25082339|123456|25082339|STUDENT
25082340|123456|25082340|STUDENT
25082401|123456|25082401|STUDENT
25082402|123456|25082402|STUDENT
25082403|123456|25082403|STUDENT
25082404|123456|25082404|STUDENT
25082405|123456|25082405|STUDENT
25082406|123456|25082406|STUDENT
25082407|123456|25082407|STUDENT
25082408|123456|25082408|STUDENT
25082409|123456|25082409|STUDENT
25082410|123456|25082410|STUDENT
25082411|123456|25082411|STUDENT
25082412|123456|25082412|STUDENT
25082413|123456|25082413|STUDENT
25082414|123456|25082414|STUDENT
25082415|123456|25082415|STUDENT
25082416|123456|25082416|STUDENT
25082417|123456|25082417|STUDENT
25082418|123456|25082418|STUDENT
25082419|123456|25082419|STUDENT
25082420|123456|25082420|STUDENT
25082421|123456|25082421|STUDENT
25082422|123456|25082422|STUDENT
25082423|123456|25082423|STUDENT
25082424|123456|25082424|STUDENT
25082425|123456|25082425|STUDENT
25082426|123456|25082426|STUDENT
25082427|123456|25082427|STUDENT
25082428|123456|25082428|STUDENT
25082429|123456|25082429|STUDENT
25082430|123456|25082430|STUDENT
25082431|123456|25082431|STUDENT
25082432|123456|25082432|STUDENT
25082433|123456|25082433|STUDENT
25082434|123456|25082434|STUDENT
25082435|123456|25082435|STUDENT
25082436|123456|25082436|STUDENT
25082437|123456|25082437|STUDENT
25082438|123456|25082438|STUDENT
25082439|123456|25082439|STUDENT
25082440|123456|25082440|STUDENT
25083101|123456|25083101|STUDENT
25083102|123456|25083102|STUDENT
25083103|123456|25083103|STUDENT
25083104|123456|25083104|STUDENT
25083105|123456|25083105|STUDENT
25083106|123456|25083106|STUDENT
25083107|123456|25083107|STUDENT
25083108|123456|25083108|STUDENT
25083109|123456|25083109|STUDENT
25083110|123456|25083110|STUDENT
25083111|123456|25083111|STUDENT
25083112|123456|25083112|STUDENT
25083113|123456|25083113|STUDENT
25083114|123456|25083114|STUDENT
25083115|123456|25083115|STUDENT
25083116|123456|25083116|STUDENT
25083117|123456|25083117|STUDENT
25083118|123456|25083118|STUDENT
25083119|123456|25083119|STUDENT
25083120|123456|25083120|STUDENT
25083121|123456|25083121|STUDENT
25083122|123456|25083122|STUDENT
25083123|123456|25083123|STUDENT
25083124|123456|25083124|STUDENT
25083125|123456|25083125|STUDENT
25083126|123456|25083126|STUDENT
25083127|123456|25083127|STUDENT
25083128|123456|25083128|STUDENT
25083129|123456|25083129|STUDENT
25083130|123456|25083130|STUDENT
25083131|123456|25083131|STUDENT
25083132|123456|25083132|STUDENT
25083133|123456|25083133|STUDENT
25083134|123456|25083134|STUDENT
25083135|123456|25083135|STUDENT
25083136|123456|25083136|STUDENT
25083137|123456|25083137|STUDENT
25083138|123456|25083138|STUDENT
25083139|123456|25083139|STUDENT
25083140|123456|25083140|STUDENT
25083201|123456|25083201|STUDENT
25083202|123456|25083202|STUDENT
25083203|123456|25083203|STUDENT
25083204|123456|25083204|STUDENT
25083205|123456|25083205|STUDENT
25083206|123456|25083206|STUDENT
25083207|123456|25083207|STUDENT
25083208|123456|25083208|STUDENT
25083209|123456|25083209|STUDENT
25083210|123456|25083210|STUDENT
25083211|123456|25083211|STUDENT
25083212|123456|25083212|STUDENT
25083213|123456|25083213|STUDENT
25083214|123456|25083214|STUDENT
25083215|123456|25083215|STUDENT
25083216|123456|25083216|STUDENT
25083217|123456|25083217|STUDENT
25083218|123456|25083218|STUDENT
25083219|123456|25083219|STUDENT
25083220|123456|25083220|STUDENT
25083221|123456|25083221|STUDENT
25083222|123456|25083222|STUDENT
25083223|123456|25083223|STUDENT
25083224|123456|25083224|STUDENT
25083225|123456|25083225|STUDENT
25083226|123456|25083226|STUDENT
25083227|123456|25083227|STUDENT
25083228|123456|25083228|STUDENT
25083229|123456|25083229|STUDENT
25083230|123456|25083230|STUDENT
25083231|123456|25083231|STUDENT
25083232|123456|25083232|STUDENT
25083233|123456|25083233|STUDENT
25083234|123456|25083234|STUDENT
25083235|123456|25083235|STUDENT
25083236|123456|25083236|STUDENT
25083237|123456|25083237|STUDENT
25083238|123456|25083238|STUDENT
25083239|123456|25083239|STUDENT
25083240|123456|25083240|STUDENT
25083301|123456|25083301|STUDENT
25083302|123456|25083302|STUDENT
25083303|123456|25083303|STUDENT
25083304|123456|25083304|STUDENT
25083305|123456|25083305|STUDENT
25083306|123456|25083306|STUDENT
25083307|123456|25083307|STUDENT
25083308|123456|25083308|STUDENT
25083309|123456|25083309|STUDENT
25083310|123456|25083310|STUDENT
25083311|123456|25083311|STUDENT
25083312|123456|25083312|STUDENT
25083313|123456|25083313|STUDENT
25083314|123456|25083314|STUDENT
25083315|123456|25083315|STUDENT
25083316|123456|25083316|STUDENT
25083317|123456|25083317|STUDENT
25083318|123456|25083318|STUDENT
25083319|123456|25083319|STUDENT
25083320|123456|25083320|STUDENT
25083321|123456|25083321|STUDENT
25083322|123456|25083322|STUDENT
25083323|123456|25083323|STUDENT
25083324|123456|25083324|STUDENT
25083325|123456|25083325|STUDENT
25083326|123456|25083326|STUDENT
25083327|123456|25083327|STUDENT
25083328|123456|25083328|STUDENT
25083329|123456|25083329|STUDENT
25083330|123456|25083330|STUDENT
25083331|123456|25083331|STUDENT
25083332|123456|25083332|STUDENT
25083333|123456|25083333|STUDENT
25083334|123456|25083334|STUDENT
25083335|123456|25083335|STUDENT
25083336|123456|25083336|STUDENT
25083337|123456|25083337|STUDENT
25083338|123456|25083338|STUDENT
25083339|123456|25083339|STUDENT
25083340|123456|25083340|STUDENT
25083401|123456|25083401|STUDENT
25083402|123456|25083402|STUDENT
25083403|123456|25083403|STUDENT
25083404|123456|25083404|STUDENT
25083405|123456|25083405|STUDENT
25083406|123456|25083406|STUDENT
25083407|123456|25083407|STUDENT
25083408|123456|25083408|STUDENT
25083409|123456|25083409|STUDENT
25083410|123456|25083410|STUDENT
25083411|123456|25083411|STUDENT
25083412|123456|25083412|STUDENT
25083413|123456|25083413|STUDENT
25083414|123456|25083414|STUDENT
25083415|123456|25083415|STUDENT
25083416|123456|25083416|STUDENT
25083417|123456|25083417|STUDENT
25083418|123456|25083418|STUDENT
25083419|123456|25083419|STUDENT
25083420|123456|25083420|STUDENT
25083421|123456|25083421|STUDENT
25083422|123456|25083422|STUDENT
25083423|123456|25083423|STUDENT
25083424|123456|25083424|STUDENT
25083425|123456|25083425|STUDENT
25083426|123456|25083426|STUDENT
25083427|123456|25083427|STUDENT
25083428|123456|25083428|STUDENT
25083429|123456|25083429|STUDENT
25083430|123456|25083430|STUDENT
25083431|123456|25083431|STUDENT
25083432|123456|25083432|STUDENT
25083433|123456|25083433|STUDENT
25083434|123456|25083434|STUDENT
25083435|123456|25083435|STUDENT
25083436|123456|25083436|STUDENT
25083437|123456|25083437|STUDENT
25083438|123456|25083438|STUDENT
25083439|123456|25083439|STUDENT
25083440|123456|25083440|STUDENT
25084101|123456|25084101|STUDENT
25084102|123456|25084102|STUDENT
25084103|123456|25084103|STUDENT
25084104|123456|25084104|STUDENT
25084105|123456|25084105|STUDENT
25084106|123456|25084106|STUDENT
25084107|123456|25084107|STUDENT
25084108|123456|25084108|STUDENT
25084109|123456|25084109|STUDENT
25084110|123456|25084110|STUDENT
25084111|123456|25084111|STUDENT
25084112|123456|25084112|STUDENT
25084113|123456|25084113|STUDENT
25084114|123456|25084114|STUDENT
25084115|123456|25084115|STUDENT
25084116|123456|25084116|STUDENT
25084117|123456|25084117|STUDENT
25084118|123456|25084118|STUDENT
25084119|123456|25084119|STUDENT
25084120|123456|25084120|STUDENT
25084121|123456|25084121|STUDENT
25084122|123456|25084122|STUDENT
25084123|123456|25084123|STUDENT
25084124|123456|25084124|STUDENT
25084125|123456|25084125|STUDENT
25084126|123456|25084126|STUDENT
25084127|123456|25084127|STUDENT
25084128|123456|25084128|STUDENT
25084129|123456|25084129|STUDENT
25084130|123456|25084130|STUDENT
25084131|123456|25084131|STUDENT
25084132|123456|25084132|STUDENT
25084133|123456|25084133|STUDENT
25084134|123456|25084134|STUDENT
25084135|123456|25084135|STUDENT
25084136|123456|25084136|STUDENT
25084137|123456|25084137|STUDENT
25084138|123456|25084138|STUDENT
25084139|123456|25084139|STUDENT
25084140|123456|25084140|STUDENT
25084201|123456|25084201|STUDENT
25084202|123456|25084202|STUDENT
25084203|123456|25084203|STUDENT
25084204|123456|25084204|STUDENT
25084205|123456|25084205|STUDENT
25084206|123456|25084206|STUDENT
25084207|123456|25084207|STUDENT
25084208|123456|25084208|STUDENT
25084209|123456|25084209|STUDENT
25084210|123456|25084210|STUDENT
25084211|123456|25084211|STUDENT
25084212|123456|25084212|STUDENT
25084213|123456|25084213|STUDENT
25084214|123456|25084214|STUDENT
25084215|123456|25084215|STUDENT
25084216|123456|25084216|STUDENT
25084217|123456|25084217|STUDENT
25084218|123456|25084218|STUDENT
25084219|123456|25084219|STUDENT
25084220|123456|25084220|STUDENT
25084221|123456|25084221|STUDENT
25084222|123456|25084222|STUDENT
25084223|123456|25084223|STUDENT
25084224|123456|25084224|STUDENT
25084225|123456|25084225|STUDENT
25084226|123456|25084226|STUDENT
25084227|123456|25084227|STUDENT
25084228|123456|25084228|STUDENT
25084229|123456|25084229|STUDENT
25084230|123456|25084230|STUDENT
25084231|123456|25084231|STUDENT
25084232|123456|25084232|STUDENT
25084233|123456|25084233|STUDENT
25084234|123456|25084234|STUDENT
25084235|123456|25084235|STUDENT
25084236|123456|25084236|STUDENT
25084237|123456|25084237|STUDENT
25084238|123456|25084238|STUDENT
25084239|123456|25084239|STUDENT
25084240|123456|25084240|STUDENT
25084301|123456|25084301|STUDENT
25084302|123456|25084302|STUDENT
25084303|123456|25084303|STUDENT
25084304|123456|25084304|STUDENT
25084305|123456|25084305|STUDENT
25084306|123456|25084306|STUDENT
25084307|123456|25084307|STUDENT
25084308|123456|25084308|STUDENT
25084309|123456|25084309|STUDENT
25084310|123456|25084310|STUDENT
25084311|123456|25084311|STUDENT
25084312|123456|25084312|STUDENT
25084313|123456|25084313|STUDENT
25084314|123456|25084314|STUDENT
25084315|123456|25084315|STUDENT
25084316|123456|25084316|STUDENT
25084317|123456|25084317|STUDENT
25084318|123456|25084318|STUDENT
25084319|123456|25084319|STUDENT
25084320|123456|25084320|STUDENT
25084321|123456|25084321|STUDENT
25084322|123456|25084322|STUDENT
25084323|123456|25084323|STUDENT
25084324|123456|25084324|STUDENT
25084325|123456|25084325|STUDENT
25084326|123456|25084326|STUDENT
25084327|123456|25084327|STUDENT
25084328|123456|25084328|STUDENT
25084329|123456|25084329|STUDENT
25084330|123456|25084330|STUDENT
25084331|123456|25084331|STUDENT
25084332|123456|25084332|STUDENT
25084333|123456|25084333|STUDENT
25084334|123456|25084334|STUDENT
25084335|123456|25084335|STUDENT
25084336|123456|25084336|STUDENT
25084337|123456|25084337|STUDENT
25084338|123456|25084338|STUDENT
25084339|123456|25084339|STUDENT
25084340|123456|25084340|STUDENT
25084401|123456|25084401|STUDENT
25084402|123456|25084402|STUDENT
25084403|123456|25084403|STUDENT
25084404|123456|25084404|STUDENT
25084405|123456|25084405|STUDENT
25084406|123456|25084406|STUDENT
25084407|123456|25084407|STUDENT
25084408|123456|25084408|STUDENT
25084409|123456|25084409|STUDENT
25084410|123456|25084410|STUDENT
25084411|123456|25084411|STUDENT
25084412|123456|25084412|STUDENT
25084413|123456|25084413|STUDENT
25084414|123456|25084414|STUDENT
25084415|123456|25084415|STUDENT
25084416|123456|25084416|STUDENT
25084417|123456|25084417|STUDENT
25084418|123456|25084418|STUDENT
25084419|123456|25084419|STUDENT
25084420|123456|25084420|STUDENT
25084421|123456|25084421|STUDENT
25084422|123456|25084422|STUDENT
25084423|123456|25084423|STUDENT
25084424|123456|25084424|STUDENT
25084425|123456|25084425|STUDENT
25084426|123456|25084426|STUDENT
25084427|123456|25084427|STUDENT
25084428|123456|25084428|STUDENT
25084429|123456|25084429|STUDENT
25084430|123456|25084430|STUDENT
25084431|123456|25084431|STUDENT
25084432|123456|25084432|STUDENT
25084433|123456|25084433|STUDENT
25084434|123456|25084434|STUDENT
25084435|123456|25084435|STUDENT
25084436|123456|25084436|STUDENT
25084437|123456|25084437|STUDENT
25084438|123456|25084438|STUDENT
25084439|123456|25084439|STUDENT
25084440|123456|25084440|STUDENT
24091101|123456|24091101|STUDENT
24091102|123456|24091102|STUDENT
24091103|123456|24091103|STUDENT
24091104|123456|24091104|STUDENT
24091105|123456|24091105|STUDENT
24091106|123456|24091106|STUDENT
24091107|123456|24091107|STUDENT
24091108|123456|24091108|STUDENT
24091109|123456|24091109|STUDENT
24091110|123456|24091110|STUDENT
24091111|123456|24091111|STUDENT
24091112|123456|24091112|STUDENT
24091113|123456|24091113|STUDENT
24091114|123456|24091114|STUDENT
24091115|123456|24091115|STUDENT
24091116|123456|24091116|STUDENT
24091117|123456|24091117|STUDENT
24091118|123456|24091118|STUDENT
24091119|123456|24091119|STUDENT
24091120|123456|24091120|STUDENT
24091121|123456|24091121|STUDENT
24091122|123456|24091122|STUDENT
24091123|123456|24091123|STUDENT
24091124|123456|24091124|STUDENT
24091125|123456|24091125|STUDENT
24091126|123456|24091126|STUDENT
24091127|123456|24091127|STUDENT
24091128|123456|24091128|STUDENT
24091129|123456|24091129|STUDENT
24091130|123456|24091130|STUDENT
24091131|123456|24091131|STUDENT
24091132|123456|24091132|STUDENT
24091133|123456|24091133|STUDENT
24091134|123456|24091134|STUDENT
24091135|123456|24091135|STUDENT
24091136|123456|24091136|STUDENT
24091137|123456|24091137|STUDENT
24091138|123456|24091138|STUDENT
24091139|123456|24091139|STUDENT
24091140|123456|24091140|STUDENT
24091201|123456|24091201|STUDENT
24091202|123456|24091202|STUDENT
24091203|123456|24091203|STUDENT
24091204|123456|24091204|STUDENT
24091205|123456|24091205|STUDENT
24091206|123456|24091206|STUDENT
24091207|123456|24091207|STUDENT
24091208|123456|24091208|STUDENT
24091209|123456|24091209|STUDENT
24091210|123456|24091210|STUDENT
24091211|123456|24091211|STUDENT
24091212|123456|24091212|STUDENT
24091213|123456|24091213|STUDENT
24091214|123456|24091214|STUDENT
24091215|123456|24091215|STUDENT
24091216|123456|24091216|STUDENT
24091217|123456|24091217|STUDENT
24091218|123456|24091218|STUDENT
24091219|123456|24091219|STUDENT
24091220|123456|24091220|STUDENT
24091221|123456|24091221|STUDENT
24091222|123456|24091222|STUDENT
24091223|123456|24091223|STUDENT
24091224|123456|24091224|STUDENT
24091225|123456|24091225|STUDENT
24091226|123456|24091226|STUDENT
24091227|123456|24091227|STUDENT
24091228|123456|24091228|STUDENT
24091229|123456|24091229|STUDENT
24091230|123456|24091230|STUDENT
24091231|123456|24091231|STUDENT
24091232|123456|24091232|STUDENT
24091233|123456|24091233|STUDENT
24091234|123456|24091234|STUDENT
24091235|123456|24091235|STUDENT
24091236|123456|24091236|STUDENT
24091237|123456|24091237|STUDENT
24091238|123456|24091238|STUDENT
24091239|123456|24091239|STUDENT
24091240|123456|24091240|STUDENT
24091301|123456|24091301|STUDENT
24091302|123456|24091302|STUDENT
24091303|123456|24091303|STUDENT
24091304|123456|24091304|STUDENT
24091305|123456|24091305|STUDENT
24091306|123456|24091306|STUDENT
24091307|123456|24091307|STUDENT
24091308|123456|24091308|STUDENT
24091309|123456|24091309|STUDENT
24091310|123456|24091310|STUDENT
24091311|123456|24091311|STUDENT
24091312|123456|24091312|STUDENT
24091313|123456|24091313|STUDENT
24091314|123456|24091314|STUDENT
24091315|123456|24091315|STUDENT
24091316|123456|24091316|STUDENT
24091317|123456|24091317|STUDENT
24091318|123456|24091318|STUDENT
24091319|123456|24091319|STUDENT
24091320|123456|24091320|STUDENT
24091321|123456|24091321|STUDENT
24091322|123456|24091322|STUDENT
24091323|123456|24091323|STUDENT
24091324|123456|24091324|STUDENT
24091325|123456|24091325|STUDENT
24091326|123456|24091326|STUDENT
24091327|123456|24091327|STUDENT
24091328|123456|24091328|STUDENT
24091329|123456|24091329|STUDENT
24091330|123456|24091330|STUDENT
24091331|123456|24091331|STUDENT
24091332|123456|24091332|STUDENT
24091333|123456|24091333|STUDENT
24091334|123456|24091334|STUDENT
24091335|123456|24091335|STUDENT
24091336|123456|24091336|STUDENT
24091337|123456|24091337|STUDENT
24091338|123456|24091338|STUDENT
24091339|123456|24091339|STUDENT
24091340|123456|24091340|STUDENT
24091401|123456|24091401|STUDENT
24091402|123456|24091402|STUDENT
24091403|123456|24091403|STUDENT
24091404|123456|24091404|STUDENT
24091405|123456|24091405|STUDENT
24091406|123456|24091406|STUDENT
24091407|123456|24091407|STUDENT
24091408|123456|24091408|STUDENT
24091409|123456|24091409|STUDENT
24091410|123456|24091410|STUDENT
24091411|123456|24091411|STUDENT
24091412|123456|24091412|STUDENT
24091413|123456|24091413|STUDENT
24091414|123456|24091414|STUDENT
24091415|123456|24091415|STUDENT
24091416|123456|24091416|STUDENT
24091417|123456|24091417|STUDENT
24091418|123456|24091418|STUDENT
24091419|123456|24091419|STUDENT
24091420|123456|24091420|STUDENT
24091421|123456|24091421|STUDENT
24091422|123456|24091422|STUDENT
24091423|123456|24091423|STUDENT
24091424|123456|24091424|STUDENT
24091425|123456|24091425|STUDENT
24091426|123456|24091426|STUDENT
24091427|123456|24091427|STUDENT
24091428|123456|24091428|STUDENT
24091429|123456|24091429|STUDENT
24091430|123456|24091430|STUDENT
24091431|123456|24091431|STUDENT
24091432|123456|24091432|STUDENT
24091433|123456|24091433|STUDENT
24091434|123456|24091434|STUDENT
24091435|123456|24091435|STUDENT
24091436|123456|24091436|STUDENT
24091437|123456|24091437|STUDENT
24091438|123456|24091438|STUDENT
24091439|123456|24091439|STUDENT
24091440|123456|24091440|STUDENT
24092101|123456|24092101|STUDENT
24092102|123456|24092102|STUDENT
24092103|123456|24092103|STUDENT
24092104|123456|24092104|STUDENT
24092105|123456|24092105|STUDENT
24092106|123456|24092106|STUDENT
24092107|123456|24092107|STUDENT
24092108|123456|24092108|STUDENT
24092109|123456|24092109|STUDENT
24092110|123456|24092110|STUDENT
24092111|123456|24092111|STUDENT
24092112|123456|24092112|STUDENT
24092113|123456|24092113|STUDENT
24092114|123456|24092114|STUDENT
24092115|123456|24092115|STUDENT
24092116|123456|24092116|STUDENT
24092117|123456|24092117|STUDENT
24092118|123456|24092118|STUDENT
24092119|123456|24092119|STUDENT
24092120|123456|24092120|STUDENT
24092121|123456|24092121|STUDENT
24092122|123456|24092122|STUDENT
24092123|123456|24092123|STUDENT
24092124|123456|24092124|STUDENT
24092125|123456|24092125|STUDENT
24092126|123456|24092126|STUDENT
24092127|123456|24092127|STUDENT
24092128|123456|24092128|STUDENT
24092129|123456|24092129|STUDENT
24092130|123456|24092130|STUDENT
24092131|123456|24092131|STUDENT
24092132|123456|24092132|STUDENT
24092133|123456|24092133|STUDENT
24092134|123456|24092134|STUDENT
24092135|123456|24092135|STUDENT
24092136|123456|24092136|STUDENT
24092137|123456|24092137|STUDENT
24092138|123456|24092138|STUDENT
24092139|123456|24092139|STUDENT
24092140|123456|24092140|STUDENT
24092201|123456|24092201|STUDENT
24092202|123456|24092202|STUDENT
24092203|123456|24092203|STUDENT
24092204|123456|24092204|STUDENT
24092205|123456|24092205|STUDENT
24092206|123456|24092206|STUDENT
24092207|123456|24092207|STUDENT
24092208|123456|24092208|STUDENT
24092209|123456|24092209|STUDENT
24092210|123456|24092210|STUDENT
24092211|123456|24092211|STUDENT
24092212|123456|24092212|STUDENT
24092213|123456|24092213|STUDENT
24092214|123456|24092214|STUDENT
24092215|123456|24092215|STUDENT
24092216|123456|24092216|STUDENT
24092217|123456|24092217|STUDENT
24092218|123456|24092218|STUDENT
24092219|123456|24092219|STUDENT
24092220|123456|24092220|STUDENT
24092221|123456|24092221|STUDENT
24092222|123456|24092222|STUDENT
24092223|123456|24092223|STUDENT
24092224|123456|24092224|STUDENT
24092225|123456|24092225|STUDENT
24092226|123456|24092226|STUDENT
24092227|123456|24092227|STUDENT
24092228|123456|24092228|STUDENT
24092229|123456|24092229|STUDENT
24092230|123456|24092230|STUDENT
24092231|123456|24092231|STUDENT
24092232|123456|24092232|STUDENT
24092233|123456|24092233|STUDENT
24092234|123456|24092234|STUDENT
24092235|123456|24092235|STUDENT
24092236|123456|24092236|STUDENT
24092237|123456|24092237|STUDENT
24092238|123456|24092238|STUDENT
24092239|123456|24092239|STUDENT
24092240|123456|24092240|STUDENT
24092301|123456|24092301|STUDENT
24092302|123456|24092302|STUDENT
24092303|123456|24092303|STUDENT
24092304|123456|24092304|STUDENT
24092305|123456|24092305|STUDENT
24092306|123456|24092306|STUDENT
24092307|123456|24092307|STUDENT
24092308|123456|24092308|STUDENT
24092309|123456|24092309|STUDENT
24092310|123456|24092310|STUDENT
24092311|123456|24092311|STUDENT
24092312|123456|24092312|STUDENT
24092313|123456|24092313|STUDENT
24092314|123456|24092314|STUDENT
24092315|123456|24092315|STUDENT
24092316|123456|24092316|STUDENT
24092317|123456|24092317|STUDENT
24092318|123456|24092318|STUDENT
24092319|123456|24092319|STUDENT
24092320|123456|24092320|STUDENT
24092321|123456|24092321|STUDENT
24092322|123456|24092322|STUDENT
24092323|123456|24092323|STUDENT
24092324|123456|24092324|STUDENT
24092325|123456|24092325|STUDENT
24092326|123456|24092326|STUDENT
24092327|123456|24092327|STUDENT
24092328|123456|24092328|STUDENT
24092329|123456|24092329|STUDENT
24092330|123456|24092330|STUDENT
24092331|123456|24092331|STUDENT
24092332|123456|24092332|STUDENT
24092333|123456|24092333|STUDENT
24092334|123456|24092334|STUDENT
24092335|123456|24092335|STUDENT
24092336|123456|24092336|STUDENT
24092337|123456|24092337|STUDENT
24092338|123456|24092338|STUDENT
24092339|123456|24092339|STUDENT
24092340|123456|24092340|STUDENT
24092401|123456|24092401|STUDENT
24092402|123456|24092402|STUDENT
24092403|123456|24092403|STUDENT
24092404|123456|24092404|STUDENT
24092405|123456|24092405|STUDENT
24092406|123456|24092406|STUDENT
24092407|123456|24092407|STUDENT
24092408|123456|24092408|STUDENT
24092409|123456|24092409|STUDENT
24092410|123456|24092410|STUDENT
24092411|123456|24092411|STUDENT
24092412|123456|24092412|STUDENT
24092413|123456|24092413|STUDENT
24092414|123456|24092414|STUDENT
24092415|123456|24092415|STUDENT
24092416|123456|24092416|STUDENT
24092417|123456|24092417|STUDENT
24092418|123456|24092418|STUDENT
24092419|123456|24092419|STUDENT
24092420|123456|24092420|STUDENT
24092421|123456|24092421|STUDENT
24092422|123456|24092422|STUDENT
24092423|123456|24092423|STUDENT
24092424|123456|24092424|STUDENT
24092425|123456|24092425|STUDENT
24092426|123456|24092426|STUDENT
24092427|123456|24092427|STUDENT
24092428|123456|24092428|STUDENT
24092429|123456|24092429|STUDENT
24092430|123456|24092430|STUDENT
24092431|123456|24092431|STUDENT
24092432|123456|24092432|STUDENT
24092433|123456|24092433|STUDENT
24092434|123456|24092434|STUDENT
24092435|123456|24092435|STUDENT
24092436|123456|24092436|STUDENT
24092437|123456|24092437|STUDENT
24092438|123456|24092438|STUDENT
24092439|123456|24092439|STUDENT
24092440|123456|24092440|STUDENT
24093101|123456|24093101|STUDENT
24093102|123456|24093102|STUDENT
24093103|123456|24093103|STUDENT
24093104|123456|24093104|STUDENT
24093105|123456|24093105|STUDENT
24093106|123456|24093106|STUDENT
24093107|123456|24093107|STUDENT
24093108|123456|24093108|STUDENT
24093109|123456|24093109|STUDENT
24093110|123456|24093110|STUDENT
24093111|123456|24093111|STUDENT
24093112|123456|24093112|STUDENT
24093113|123456|24093113|STUDENT
24093114|123456|24093114|STUDENT
24093115|123456|24093115|STUDENT
24093116|123456|24093116|STUDENT
24093117|123456|24093117|STUDENT
24093118|123456|24093118|STUDENT
24093119|123456|24093119|STUDENT
24093120|123456|24093120|STUDENT
24093121|123456|24093121|STUDENT
24093122|123456|24093122|STUDENT
24093123|123456|24093123|STUDENT
24093124|123456|24093124|STUDENT
24093125|123456|24093125|STUDENT
24093126|123456|24093126|STUDENT
24093127|123456|24093127|STUDENT
24093128|123456|24093128|STUDENT
24093129|123456|24093129|STUDENT
24093130|123456|24093130|STUDENT
24093131|123456|24093131|STUDENT
24093132|123456|24093132|STUDENT
24093133|123456|24093133|STUDENT
24093134|123456|24093134|STUDENT
24093135|123456|24093135|STUDENT
24093136|123456|24093136|STUDENT
24093137|123456|24093137|STUDENT
24093138|123456|24093138|STUDENT
24093139|123456|24093139|STUDENT
24093140|123456|24093140|STUDENT
24093201|123456|24093201|STUDENT
24093202|123456|24093202|STUDENT
24093203|123456|24093203|STUDENT
24093204|123456|24093204|STUDENT
24093205|123456|24093205|STUDENT
24093206|123456|24093206|STUDENT
24093207|123456|24093207|STUDENT
24093208|123456|24093208|STUDENT
24093209|123456|24093209|STUDENT
24093210|123456|24093210|STUDENT
24093211|123456|24093211|STUDENT
24093212|123456|24093212|STUDENT
24093213|123456|24093213|STUDENT
24093214|123456|24093214|STUDENT
24093215|123456|24093215|STUDENT
24093216|123456|24093216|STUDENT
24093217|123456|24093217|STUDENT
24093218|123456|24093218|STUDENT
24093219|123456|24093219|STUDENT
24093220|123456|24093220|STUDENT
24093221|123456|24093221|STUDENT
24093222|123456|24093222|STUDENT
24093223|123456|24093223|STUDENT
24093224|123456|24093224|STUDENT
24093225|123456|24093225|STUDENT
24093226|123456|24093226|STUDENT
24093227|123456|24093227|STUDENT
24093228|123456|24093228|STUDENT
24093229|123456|24093229|STUDENT
24093230|123456|24093230|STUDENT
24093231|123456|24093231|STUDENT
24093232|123456|24093232|STUDENT
24093233|123456|24093233|STUDENT
24093234|123456|24093234|STUDENT
24093235|123456|24093235|STUDENT
24093236|123456|24093236|STUDENT
24093237|123456|24093237|STUDENT
24093238|123456|24093238|STUDENT
24093239|123456|24093239|STUDENT
24093240|123456|24093240|STUDENT
24093301|123456|24093301|STUDENT
24093302|123456|24093302|STUDENT
24093303|123456|24093303|STUDENT
24093304|123456|24093304|STUDENT
24093305|123456|24093305|STUDENT
24093306|123456|24093306|STUDENT
24093307|123456|24093307|STUDENT
24093308|123456|24093308|STUDENT
24093309|123456|24093309|STUDENT
24093310|123456|24093310|STUDENT
24093311|123456|24093311|STUDENT
24093312|123456|24093312|STUDENT
24093313|123456|24093313|STUDENT
24093314|123456|24093314|STUDENT
24093315|123456|24093315|STUDENT
24093316|123456|24093316|STUDENT
24093317|123456|24093317|STUDENT
24093318|123456|24093318|STUDENT
24093319|123456|24093319|STUDENT
24093320|123456|24093320|STUDENT
24093321|123456|24093321|STUDENT
24093322|123456|24093322|STUDENT
24093323|123456|24093323|STUDENT
24093324|123456|24093324|STUDENT
24093325|123456|24093325|STUDENT
24093326|123456|24093326|STUDENT
24093327|123456|24093327|STUDENT
24093328|123456|24093328|STUDENT
24093329|123456|24093329|STUDENT
24093330|123456|24093330|STUDENT
24093331|123456|24093331|STUDENT
24093332|123456|24093332|STUDENT
24093333|123456|24093333|STUDENT
24093334|123456|24093334|STUDENT
24093335|123456|24093335|STUDENT
24093336|123456|24093336|STUDENT
24093337|123456|24093337|STUDENT
24093338|123456|24093338|STUDENT
24093339|123456|24093339|STUDENT
24093340|123456|24093340|STUDENT
24093401|123456|24093401|STUDENT
24093402|123456|24093402|STUDENT
24093403|123456|24093403|STUDENT
24093404|123456|24093404|STUDENT
24093405|123456|24093405|STUDENT
24093406|123456|24093406|STUDENT
24093407|123456|24093407|STUDENT
24093408|123456|24093408|STUDENT
24093409|123456|24093409|STUDENT
24093410|123456|24093410|STUDENT
24093411|123456|24093411|STUDENT
24093412|123456|24093412|STUDENT
24093413|123456|24093413|STUDENT
24093414|123456|24093414|STUDENT
24093415|123456|24093415|STUDENT
24093416|123456|24093416|STUDENT
24093417|123456|24093417|STUDENT
24093418|123456|24093418|STUDENT
24093419|123456|24093419|STUDENT
24093420|123456|24093420|STUDENT
24093421|123456|24093421|STUDENT
24093422|123456|24093422|STUDENT
24093423|123456|24093423|STUDENT
24093424|123456|24093424|STUDENT
24093425|123456|24093425|STUDENT
24093426|123456|24093426|STUDENT
24093427|123456|24093427|STUDENT
24093428|123456|24093428|STUDENT
24093429|123456|24093429|STUDENT
24093430|123456|24093430|STUDENT
24093431|123456|24093431|STUDENT
24093432|123456|24093432|STUDENT
24093433|123456|24093433|STUDENT
24093434|123456|24093434|STUDENT
24093435|123456|24093435|STUDENT
24093436|123456|24093436|STUDENT
24093437|123456|24093437|STUDENT
24093438|123456|24093438|STUDENT
24093439|123456|24093439|STUDENT
24093440|123456|24093440|STUDENT
24094101|123456|24094101|STUDENT
24094102|123456|24094102|STUDENT
24094103|123456|24094103|STUDENT
24094104|123456|24094104|STUDENT
24094105|123456|24094105|STUDENT
24094106|123456|24094106|STUDENT
24094107|123456|24094107|STUDENT
24094108|123456|24094108|STUDENT
24094109|123456|24094109|STUDENT
24094110|123456|24094110|STUDENT
24094111|123456|24094111|STUDENT
24094112|123456|24094112|STUDENT
24094113|123456|24094113|STUDENT
24094114|123456|24094114|STUDENT
24094115|123456|24094115|STUDENT
24094116|123456|24094116|STUDENT
24094117|123456|24094117|STUDENT
24094118|123456|24094118|STUDENT
24094119|123456|24094119|STUDENT
24094120|123456|24094120|STUDENT
24094121|123456|24094121|STUDENT
24094122|123456|24094122|STUDENT
24094123|123456|24094123|STUDENT
24094124|123456|24094124|STUDENT
24094125|123456|24094125|STUDENT
24094126|123456|24094126|STUDENT
24094127|123456|24094127|STUDENT
24094128|123456|24094128|STUDENT
24094129|123456|24094129|STUDENT
24094130|123456|24094130|STUDENT
24094131|123456|24094131|STUDENT
24094132|123456|24094132|STUDENT
24094133|123456|24094133|STUDENT
24094134|123456|24094134|STUDENT
24094135|123456|24094135|STUDENT
24094136|123456|24094136|STUDENT
24094137|123456|24094137|STUDENT
24094138|123456|24094138|STUDENT
24094139|123456|24094139|STUDENT
24094140|123456|24094140|STUDENT
24094201|123456|24094201|STUDENT
24094202|123456|24094202|STUDENT
24094203|123456|24094203|STUDENT
24094204|123456|24094204|STUDENT
24094205|123456|24094205|STUDENT
24094206|123456|24094206|STUDENT
24094207|123456|24094207|STUDENT
24094208|123456|24094208|STUDENT
24094209|123456|24094209|STUDENT
24094210|123456|24094210|STUDENT
24094211|123456|24094211|STUDENT
24094212|123456|24094212|STUDENT
24094213|123456|24094213|STUDENT
24094214|123456|24094214|STUDENT
24094215|123456|24094215|STUDENT
24094216|123456|24094216|STUDENT
24094217|123456|24094217|STUDENT
24094218|123456|24094218|STUDENT
24094219|123456|24094219|STUDENT
24094220|123456|24094220|STUDENT
24094221|123456|24094221|STUDENT
24094222|123456|24094222|STUDENT
24094223|123456|24094223|STUDENT
24094224|123456|24094224|STUDENT
24094225|123456|24094225|STUDENT
24094226|123456|24094226|STUDENT
24094227|123456|24094227|STUDENT
24094228|123456|24094228|STUDENT
24094229|123456|24094229|STUDENT
24094230|123456|24094230|STUDENT
24094231|123456|24094231|STUDENT
24094232|123456|24094232|STUDENT
24094233|123456|24094233|STUDENT
24094234|123456|24094234|STUDENT
24094235|123456|24094235|STUDENT
24094236|123456|24094236|STUDENT
24094237|123456|24094237|STUDENT
24094238|123456|24094238|STUDENT
24094239|123456|24094239|STUDENT
24094240|123456|24094240|STUDENT
24094301|123456|24094301|STUDENT
24094302|123456|24094302|STUDENT
24094303|123456|24094303|STUDENT
24094304|123456|24094304|STUDENT
24094305|123456|24094305|STUDENT
24094306|123456|24094306|STUDENT
24094307|123456|24094307|STUDENT
24094308|123456|24094308|STUDENT
24094309|123456|24094309|STUDENT
24094310|123456|24094310|STUDENT
24094311|123456|24094311|STUDENT
24094312|123456|24094312|STUDENT
24094313|123456|24094313|STUDENT
24094314|123456|24094314|STUDENT
24094315|123456|24094315|STUDENT
24094316|123456|24094316|STUDENT
24094317|123456|24094317|STUDENT
24094318|123456|24094318|STUDENT
24094319|123456|24094319|STUDENT
24094320|123456|24094320|STUDENT
24094321|123456|24094321|STUDENT
24094322|123456|24094322|STUDENT
24094323|123456|24094323|STUDENT
24094324|123456|24094324|STUDENT
24094325|123456|24094325|STUDENT
24094326|123456|24094326|STUDENT
24094327|123456|24094327|STUDENT
24094328|123456|24094328|STUDENT
24094329|123456|24094329|STUDENT
24094330|123456|24094330|STUDENT
24094331|123456|24094331|STUDENT
24094332|123456|24094332|STUDENT
24094333|123456|24094333|STUDENT
24094334|123456|24094334|STUDENT
24094335|123456|24094335|STUDENT
24094336|123456|24094336|STUDENT
24094337|123456|24094337|STUDENT
24094338|123456|24094338|STUDENT
24094339|123456|24094339|STUDENT
24094340|123456|24094340|STUDENT
24094401|123456|24094401|STUDENT
24094402|123456|24094402|STUDENT
24094403|123456|24094403|STUDENT
24094404|123456|24094404|STUDENT
24094405|123456|24094405|STUDENT
24094406|123456|24094406|STUDENT
24094407|123456|24094407|STUDENT
24094408|123456|24094408|STUDENT
24094409|123456|24094409|STUDENT
24094410|123456|24094410|STUDENT
24094411|123456|24094411|STUDENT
24094412|123456|24094412|STUDENT
24094413|123456|24094413|STUDENT
24094414|123456|24094414|STUDENT
24094415|123456|24094415|STUDENT
24094416|123456|24094416|STUDENT
24094417|123456|24094417|STUDENT
24094418|123456|24094418|STUDENT
24094419|123456|24094419|STUDENT
24094420|123456|24094420|STUDENT
24094421|123456|24094421|STUDENT
24094422|123456|24094422|STUDENT
24094423|123456|24094423|STUDENT
24094424|123456|24094424|STUDENT
24094425|123456|24094425|STUDENT
24094426|123456|24094426|STUDENT
24094427|123456|24094427|STUDENT
24094428|123456|24094428|STUDENT
24094429|123456|24094429|STUDENT
24094430|123456|24094430|STUDENT
24094431|123456|24094431|STUDENT
24094432|123456|24094432|STUDENT
24094433|123456|24094433|STUDENT
24094434|123456|24094434|STUDENT
24094435|123456|24094435|STUDENT
24094436|123456|24094436|STUDENT
24094437|123456|24094437|STUDENT
24094438|123456|24094438|STUDENT
24094439|123456|24094439|STUDENT
24094440|123456|24094440|STUDENT
25091101|123456|25091101|STUDENT
25091102|123456|25091102|STUDENT
25091103|123456|25091103|STUDENT
25091104|123456|25091104|STUDENT
25091105|123456|25091105|STUDENT
25091106|123456|25091106|STUDENT
25091107|123456|25091107|STUDENT
25091108|123456|25091108|STUDENT
25091109|123456|25091109|STUDENT
25091110|123456|25091110|STUDENT
25091111|123456|25091111|STUDENT
25091112|123456|25091112|STUDENT
25091113|123456|25091113|STUDENT
25091114|123456|25091114|STUDENT
25091115|123456|25091115|STUDENT
25091116|123456|25091116|STUDENT
25091117|123456|25091117|STUDENT
25091118|123456|25091118|STUDENT
25091119|123456|25091119|STUDENT
25091120|123456|25091120|STUDENT
25091121|123456|25091121|STUDENT
25091122|123456|25091122|STUDENT
25091123|123456|25091123|STUDENT
25091124|123456|25091124|STUDENT
25091125|123456|25091125|STUDENT
25091126|123456|25091126|STUDENT
25091127|123456|25091127|STUDENT
25091128|123456|25091128|STUDENT
25091129|123456|25091129|STUDENT
25091130|123456|25091130|STUDENT
25091131|123456|25091131|STUDENT
25091132|123456|25091132|STUDENT
25091133|123456|25091133|STUDENT
25091134|123456|25091134|STUDENT
25091135|123456|25091135|STUDENT
25091136|123456|25091136|STUDENT
25091137|123456|25091137|STUDENT
25091138|123456|25091138|STUDENT
25091139|123456|25091139|STUDENT
25091140|123456|25091140|STUDENT
25091201|123456|25091201|STUDENT
25091202|123456|25091202|STUDENT
25091203|123456|25091203|STUDENT
25091204|123456|25091204|STUDENT
25091205|123456|25091205|STUDENT
25091206|123456|25091206|STUDENT
25091207|123456|25091207|STUDENT
25091208|123456|25091208|STUDENT
25091209|123456|25091209|STUDENT
25091210|123456|25091210|STUDENT
25091211|123456|25091211|STUDENT
25091212|123456|25091212|STUDENT
25091213|123456|25091213|STUDENT
25091214|123456|25091214|STUDENT
25091215|123456|25091215|STUDENT
25091216|123456|25091216|STUDENT
25091217|123456|25091217|STUDENT
25091218|123456|25091218|STUDENT
25091219|123456|25091219|STUDENT
25091220|123456|25091220|STUDENT
25091221|123456|25091221|STUDENT
25091222|123456|25091222|STUDENT
25091223|123456|25091223|STUDENT
25091224|123456|25091224|STUDENT
25091225|123456|25091225|STUDENT
25091226|123456|25091226|STUDENT
25091227|123456|25091227|STUDENT
25091228|123456|25091228|STUDENT
25091229|123456|25091229|STUDENT
25091230|123456|25091230|STUDENT
25091231|123456|25091231|STUDENT
25091232|123456|25091232|STUDENT
25091233|123456|25091233|STUDENT
25091234|123456|25091234|STUDENT
25091235|123456|25091235|STUDENT
25091236|123456|25091236|STUDENT
25091237|123456|25091237|STUDENT
25091238|123456|25091238|STUDENT
25091239|123456|25091239|STUDENT
25091240|123456|25091240|STUDENT
25091301|123456|25091301|STUDENT
25091302|123456|25091302|STUDENT
25091303|123456|25091303|STUDENT
25091304|123456|25091304|STUDENT
25091305|123456|25091305|STUDENT
25091306|123456|25091306|STUDENT
25091307|123456|25091307|STUDENT
25091308|123456|25091308|STUDENT
25091309|123456|25091309|STUDENT
25091310|123456|25091310|STUDENT
25091311|123456|25091311|STUDENT
25091312|123456|25091312|STUDENT
25091313|123456|25091313|STUDENT
25091314|123456|25091314|STUDENT
25091315|123456|25091315|STUDENT
25091316|123456|25091316|STUDENT
25091317|123456|25091317|STUDENT
25091318|123456|25091318|STUDENT
25091319|123456|25091319|STUDENT
25091320|123456|25091320|STUDENT
25091321|123456|25091321|STUDENT
25091322|123456|25091322|STUDENT
25091323|123456|25091323|STUDENT
25091324|123456|25091324|STUDENT
25091325|123456|25091325|STUDENT
25091326|123456|25091326|STUDENT
25091327|123456|25091327|STUDENT
25091328|123456|25091328|STUDENT
25091329|123456|25091329|STUDENT
25091330|123456|25091330|STUDENT
25091331|123456|25091331|STUDENT
25091332|123456|25091332|STUDENT
25091333|123456|25091333|STUDENT
25091334|123456|25091334|STUDENT
25091335|123456|25091335|STUDENT
25091336|123456|25091336|STUDENT
25091337|123456|25091337|STUDENT
25091338|123456|25091338|STUDENT
25091339|123456|25091339|STUDENT
25091340|123456|25091340|STUDENT
25091401|123456|25091401|STUDENT
25091402|123456|25091402|STUDENT
25091403|123456|25091403|STUDENT
25091404|123456|25091404|STUDENT
25091405|123456|25091405|STUDENT
25091406|123456|25091406|STUDENT
25091407|123456|25091407|STUDENT
25091408|123456|25091408|STUDENT
25091409|123456|25091409|STUDENT
25091410|123456|25091410|STUDENT
25091411|123456|25091411|STUDENT
25091412|123456|25091412|STUDENT
25091413|123456|25091413|STUDENT
25091414|123456|25091414|STUDENT
25091415|123456|25091415|STUDENT
25091416|123456|25091416|STUDENT
25091417|123456|25091417|STUDENT
25091418|123456|25091418|STUDENT
25091419|123456|25091419|STUDENT
25091420|123456|25091420|STUDENT
25091421|123456|25091421|STUDENT
25091422|123456|25091422|STUDENT
25091423|123456|25091423|STUDENT
25091424|123456|25091424|STUDENT
25091425|123456|25091425|STUDENT
25091426|123456|25091426|STUDENT
25091427|123456|25091427|STUDENT
25091428|123456|25091428|STUDENT
25091429|123456|25091429|STUDENT
25091430|123456|25091430|STUDENT
25091431|123456|25091431|STUDENT
25091432|123456|25091432|STUDENT
25091433|123456|25091433|STUDENT
25091434|123456|25091434|STUDENT
25091435|123456|25091435|STUDENT
25091436|123456|25091436|STUDENT
25091437|123456|25091437|STUDENT
25091438|123456|25091438|STUDENT
25091439|123456|25091439|STUDENT
25091440|123456|25091440|STUDENT
25092101|123456|25092101|STUDENT
25092102|123456|25092102|STUDENT
25092103|123456|25092103|STUDENT
25092104|123456|25092104|STUDENT
25092105|123456|25092105|STUDENT
25092106|123456|25092106|STUDENT
25092107|123456|25092107|STUDENT
25092108|123456|25092108|STUDENT
25092109|123456|25092109|STUDENT
25092110|123456|25092110|STUDENT
25092111|123456|25092111|STUDENT
25092112|123456|25092112|STUDENT
25092113|123456|25092113|STUDENT
25092114|123456|25092114|STUDENT
25092115|123456|25092115|STUDENT
25092116|123456|25092116|STUDENT
25092117|123456|25092117|STUDENT
25092118|123456|25092118|STUDENT
25092119|123456|25092119|STUDENT
25092120|123456|25092120|STUDENT
25092121|123456|25092121|STUDENT
25092122|123456|25092122|STUDENT
25092123|123456|25092123|STUDENT
25092124|123456|25092124|STUDENT
25092125|123456|25092125|STUDENT
25092126|123456|25092126|STUDENT
25092127|123456|25092127|STUDENT
25092128|123456|25092128|STUDENT
25092129|123456|25092129|STUDENT
25092130|123456|25092130|STUDENT
25092131|123456|25092131|STUDENT
25092132|123456|25092132|STUDENT
25092133|123456|25092133|STUDENT
25092134|123456|25092134|STUDENT
25092135|123456|25092135|STUDENT
25092136|123456|25092136|STUDENT
25092137|123456|25092137|STUDENT
25092138|123456|25092138|STUDENT
25092139|123456|25092139|STUDENT
25092140|123456|25092140|STUDENT
25092201|123456|25092201|STUDENT
25092202|123456|25092202|STUDENT
25092203|123456|25092203|STUDENT
25092204|123456|25092204|STUDENT
25092205|123456|25092205|STUDENT
25092206|123456|25092206|STUDENT
25092207|123456|25092207|STUDENT
25092208|123456|25092208|STUDENT
25092209|123456|25092209|STUDENT
25092210|123456|25092210|STUDENT
25092211|123456|25092211|STUDENT
25092212|123456|25092212|STUDENT
25092213|123456|25092213|STUDENT
25092214|123456|25092214|STUDENT
25092215|123456|25092215|STUDENT
25092216|123456|25092216|STUDENT
25092217|123456|25092217|STUDENT
25092218|123456|25092218|STUDENT
25092219|123456|25092219|STUDENT
25092220|123456|25092220|STUDENT
25092221|123456|25092221|STUDENT
25092222|123456|25092222|STUDENT
25092223|123456|25092223|STUDENT
25092224|123456|25092224|STUDENT
25092225|123456|25092225|STUDENT
25092226|123456|25092226|STUDENT
25092227|123456|25092227|STUDENT
25092228|123456|25092228|STUDENT
25092229|123456|25092229|STUDENT
25092230|123456|25092230|STUDENT
25092231|123456|25092231|STUDENT
25092232|123456|25092232|STUDENT
25092233|123456|25092233|STUDENT
25092234|123456|25092234|STUDENT
25092235|123456|25092235|STUDENT
25092236|123456|25092236|STUDENT
25092237|123456|25092237|STUDENT
25092238|123456|25092238|STUDENT
25092239|123456|25092239|STUDENT
25092240|123456|25092240|STUDENT
25092301|123456|25092301|STUDENT
25092302|123456|25092302|STUDENT
25092303|123456|25092303|STUDENT
25092304|123456|25092304|STUDENT
25092305|123456|25092305|STUDENT
25092306|123456|25092306|STUDENT
25092307|123456|25092307|STUDENT
25092308|123456|25092308|STUDENT
25092309|123456|25092309|STUDENT
25092310|123456|25092310|STUDENT
25092311|123456|25092311|STUDENT
25092312|123456|25092312|STUDENT
25092313|123456|25092313|STUDENT
25092314|123456|25092314|STUDENT
25092315|123456|25092315|STUDENT
25092316|123456|25092316|STUDENT
25092317|123456|25092317|STUDENT
25092318|123456|25092318|STUDENT
25092319|123456|25092319|STUDENT
25092320|123456|25092320|STUDENT
25092321|123456|25092321|STUDENT
25092322|123456|25092322|STUDENT
25092323|123456|25092323|STUDENT
25092324|123456|25092324|STUDENT
25092325|123456|25092325|STUDENT
25092326|123456|25092326|STUDENT
25092327|123456|25092327|STUDENT
25092328|123456|25092328|STUDENT
25092329|123456|25092329|STUDENT
25092330|123456|25092330|STUDENT
25092331|123456|25092331|STUDENT
25092332|123456|25092332|STUDENT
25092333|123456|25092333|STUDENT
25092334|123456|25092334|STUDENT
25092335|123456|25092335|STUDENT
25092336|123456|25092336|STUDENT
25092337|123456|25092337|STUDENT
25092338|123456|25092338|STUDENT
25092339|123456|25092339|STUDENT
25092340|123456|25092340|STUDENT
25092401|123456|25092401|STUDENT
25092402|123456|25092402|STUDENT
25092403|123456|25092403|STUDENT
25092404|123456|25092404|STUDENT
25092405|123456|25092405|STUDENT
25092406|123456|25092406|STUDENT
25092407|123456|25092407|STUDENT
25092408|123456|25092408|STUDENT
25092409|123456|25092409|STUDENT
25092410|123456|25092410|STUDENT
25092411|123456|25092411|STUDENT
25092412|123456|25092412|STUDENT
25092413|123456|25092413|STUDENT
25092414|123456|25092414|STUDENT
25092415|123456|25092415|STUDENT
25092416|123456|25092416|STUDENT
25092417|123456|25092417|STUDENT
25092418|123456|25092418|STUDENT
25092419|123456|25092419|STUDENT
25092420|123456|25092420|STUDENT
25092421|123456|25092421|STUDENT
25092422|123456|25092422|STUDENT
25092423|123456|25092423|STUDENT
25092424|123456|25092424|STUDENT
25092425|123456|25092425|STUDENT
25092426|123456|25092426|STUDENT
25092427|123456|25092427|STUDENT
25092428|123456|25092428|STUDENT
25092429|123456|25092429|STUDENT
25092430|123456|25092430|STUDENT
25092431|123456|25092431|STUDENT
25092432|123456|25092432|STUDENT
25092433|123456|25092433|STUDENT
25092434|123456|25092434|STUDENT
25092435|123456|25092435|STUDENT
25092436|123456|25092436|STUDENT
25092437|123456|25092437|STUDENT
25092438|123456|25092438|STUDENT
25092439|123456|25092439|STUDENT
25092440|123456|25092440|STUDENT
25093101|123456|25093101|STUDENT
25093102|123456|25093102|STUDENT
25093103|123456|25093103|STUDENT
25093104|123456|25093104|STUDENT
25093105|123456|25093105|STUDENT
25093106|123456|25093106|STUDENT
25093107|123456|25093107|STUDENT
25093108|123456|25093108|STUDENT
25093109|123456|25093109|STUDENT
25093110|123456|25093110|STUDENT
25093111|123456|25093111|STUDENT
25093112|123456|25093112|STUDENT
25093113|123456|25093113|STUDENT
25093114|123456|25093114|STUDENT
25093115|123456|25093115|STUDENT
25093116|123456|25093116|STUDENT
25093117|123456|25093117|STUDENT
25093118|123456|25093118|STUDENT
25093119|123456|25093119|STUDENT
25093120|123456|25093120|STUDENT
25093121|123456|25093121|STUDENT
25093122|123456|25093122|STUDENT
25093123|123456|25093123|STUDENT
25093124|123456|25093124|STUDENT
25093125|123456|25093125|STUDENT
25093126|123456|25093126|STUDENT
25093127|123456|25093127|STUDENT
25093128|123456|25093128|STUDENT
25093129|123456|25093129|STUDENT
25093130|123456|25093130|STUDENT
25093131|123456|25093131|STUDENT
25093132|123456|25093132|STUDENT
25093133|123456|25093133|STUDENT
25093134|123456|25093134|STUDENT
25093135|123456|25093135|STUDENT
25093136|123456|25093136|STUDENT
25093137|123456|25093137|STUDENT
25093138|123456|25093138|STUDENT
25093139|123456|25093139|STUDENT
25093140|123456|25093140|STUDENT
25093201|123456|25093201|STUDENT
25093202|123456|25093202|STUDENT
25093203|123456|25093203|STUDENT
25093204|123456|25093204|STUDENT
25093205|123456|25093205|STUDENT
25093206|123456|25093206|STUDENT
25093207|123456|25093207|STUDENT
25093208|123456|25093208|STUDENT
25093209|123456|25093209|STUDENT
25093210|123456|25093210|STUDENT
25093211|123456|25093211|STUDENT
25093212|123456|25093212|STUDENT
25093213|123456|25093213|STUDENT
25093214|123456|25093214|STUDENT
25093215|123456|25093215|STUDENT
25093216|123456|25093216|STUDENT
25093217|123456|25093217|STUDENT
25093218|123456|25093218|STUDENT
25093219|123456|25093219|STUDENT
25093220|123456|25093220|STUDENT
25093221|123456|25093221|STUDENT
25093222|123456|25093222|STUDENT
25093223|123456|25093223|STUDENT
25093224|123456|25093224|STUDENT
25093225|123456|25093225|STUDENT
25093226|123456|25093226|STUDENT
25093227|123456|25093227|STUDENT
25093228|123456|25093228|STUDENT
25093229|123456|25093229|STUDENT
25093230|123456|25093230|STUDENT
25093231|123456|25093231|STUDENT
25093232|123456|25093232|STUDENT
25093233|123456|25093233|STUDENT
25093234|123456|25093234|STUDENT
25093235|123456|25093235|STUDENT
25093236|123456|25093236|STUDENT
25093237|123456|25093237|STUDENT
25093238|123456|25093238|STUDENT
25093239|123456|25093239|STUDENT
25093240|123456|25093240|STUDENT
25093301|123456|25093301|STUDENT
25093302|123456|25093302|STUDENT
25093303|123456|25093303|STUDENT
25093304|123456|25093304|STUDENT
25093305|123456|25093305|STUDENT
25093306|123456|25093306|STUDENT
25093307|123456|25093307|STUDENT
25093308|123456|25093308|STUDENT
25093309|123456|25093309|STUDENT
25093310|123456|25093310|STUDENT
25093311|123456|25093311|STUDENT
25093312|123456|25093312|STUDENT
25093313|123456|25093313|STUDENT
25093314|123456|25093314|STUDENT
25093315|123456|25093315|STUDENT
25093316|123456|25093316|STUDENT
25093317|123456|25093317|STUDENT
25093318|123456|25093318|STUDENT
25093319|123456|25093319|STUDENT
25093320|123456|25093320|STUDENT
25093321|123456|25093321|STUDENT
25093322|123456|25093322|STUDENT
25093323|123456|25093323|STUDENT
25093324|123456|25093324|STUDENT
25093325|123456|25093325|STUDENT
25093326|123456|25093326|STUDENT
25093327|123456|25093327|STUDENT
25093328|123456|25093328|STUDENT
25093329|123456|25093329|STUDENT
25093330|123456|25093330|STUDENT
25093331|123456|25093331|STUDENT
25093332|123456|25093332|STUDENT
25093333|123456|25093333|STUDENT
25093334|123456|25093334|STUDENT
25093335|123456|25093335|STUDENT
25093336|123456|25093336|STUDENT
25093337|123456|25093337|STUDENT
25093338|123456|25093338|STUDENT
25093339|123456|25093339|STUDENT
25093340|123456|25093340|STUDENT
25093401|123456|25093401|STUDENT
25093402|123456|25093402|STUDENT
25093403|123456|25093403|STUDENT
25093404|123456|25093404|STUDENT
25093405|123456|25093405|STUDENT
25093406|123456|25093406|STUDENT
25093407|123456|25093407|STUDENT
25093408|123456|25093408|STUDENT
25093409|123456|25093409|STUDENT
25093410|123456|25093410|STUDENT
25093411|123456|25093411|STUDENT
25093412|123456|25093412|STUDENT
25093413|123456|25093413|STUDENT
25093414|123456|25093414|STUDENT
25093415|123456|25093415|STUDENT
25093416|123456|25093416|STUDENT
25093417|123456|25093417|STUDENT
25093418|123456|25093418|STUDENT
25093419|123456|25093419|STUDENT
25093420|123456|25093420|STUDENT
25093421|123456|25093421|STUDENT
25093422|123456|25093422|STUDENT
25093423|123456|25093423|STUDENT
25093424|123456|25093424|STUDENT
25093425|123456|25093425|STUDENT
25093426|123456|25093426|STUDENT
25093427|123456|25093427|STUDENT
25093428|123456|25093428|STUDENT
25093429|123456|25093429|STUDENT
25093430|123456|25093430|STUDENT
25093431|123456|25093431|STUDENT
25093432|123456|25093432|STUDENT
25093433|123456|25093433|STUDENT
25093434|123456|25093434|STUDENT
25093435|123456|25093435|STUDENT
25093436|123456|25093436|STUDENT
25093437|123456|25093437|STUDENT
25093438|123456|25093438|STUDENT
25093439|123456|25093439|STUDENT
25093440|123456|25093440|STUDENT
25094101|123456|25094101|STUDENT
25094102|123456|25094102|STUDENT
25094103|123456|25094103|STUDENT
25094104|123456|25094104|STUDENT
25094105|123456|25094105|STUDENT
25094106|123456|25094106|STUDENT
25094107|123456|25094107|STUDENT
25094108|123456|25094108|STUDENT
25094109|123456|25094109|STUDENT
25094110|123456|25094110|STUDENT
25094111|123456|25094111|STUDENT
25094112|123456|25094112|STUDENT
25094113|123456|25094113|STUDENT
25094114|123456|25094114|STUDENT
25094115|123456|25094115|STUDENT
25094116|123456|25094116|STUDENT
25094117|123456|25094117|STUDENT
25094118|123456|25094118|STUDENT
25094119|123456|25094119|STUDENT
25094120|123456|25094120|STUDENT
25094121|123456|25094121|STUDENT
25094122|123456|25094122|STUDENT
25094123|123456|25094123|STUDENT
25094124|123456|25094124|STUDENT
25094125|123456|25094125|STUDENT
25094126|123456|25094126|STUDENT
25094127|123456|25094127|STUDENT
25094128|123456|25094128|STUDENT
25094129|123456|25094129|STUDENT
25094130|123456|25094130|STUDENT
25094131|123456|25094131|STUDENT
25094132|123456|25094132|STUDENT
25094133|123456|25094133|STUDENT
25094134|123456|25094134|STUDENT
25094135|123456|25094135|STUDENT
25094136|123456|25094136|STUDENT
25094137|123456|25094137|STUDENT
25094138|123456|25094138|STUDENT
25094139|123456|25094139|STUDENT
25094140|123456|25094140|STUDENT
25094201|123456|25094201|STUDENT
25094202|123456|25094202|STUDENT
25094203|123456|25094203|STUDENT
25094204|123456|25094204|STUDENT
25094205|123456|25094205|STUDENT
25094206|123456|25094206|STUDENT
25094207|123456|25094207|STUDENT
25094208|123456|25094208|STUDENT
25094209|123456|25094209|STUDENT
25094210|123456|25094210|STUDENT
25094211|123456|25094211|STUDENT
25094212|123456|25094212|STUDENT
25094213|123456|25094213|STUDENT
25094214|123456|25094214|STUDENT
25094215|123456|25094215|STUDENT
25094216|123456|25094216|STUDENT
25094217|123456|25094217|STUDENT
25094218|123456|25094218|STUDENT
25094219|123456|25094219|STUDENT
25094220|123456|25094220|STUDENT
25094221|123456|25094221|STUDENT
25094222|123456|25094222|STUDENT
25094223|123456|25094223|STUDENT
25094224|123456|25094224|STUDENT
25094225|123456|25094225|STUDENT
25094226|123456|25094226|STUDENT
25094227|123456|25094227|STUDENT
25094228|123456|25094228|STUDENT
25094229|123456|25094229|STUDENT
25094230|123456|25094230|STUDENT
25094231|123456|25094231|STUDENT
25094232|123456|25094232|STUDENT
25094233|123456|25094233|STUDENT
25094234|123456|25094234|STUDENT
25094235|123456|25094235|STUDENT
25094236|123456|25094236|STUDENT
25094237|123456|25094237|STUDENT
25094238|123456|25094238|STUDENT
25094239|123456|25094239|STUDENT
25094240|123456|25094240|STUDENT
25094301|123456|25094301|STUDENT
25094302|123456|25094302|STUDENT
25094303|123456|25094303|STUDENT
25094304|123456|25094304|STUDENT
25094305|123456|25094305|STUDENT
25094306|123456|25094306|STUDENT
25094307|123456|25094307|STUDENT
25094308|123456|25094308|STUDENT
25094309|123456|25094309|STUDENT
25094310|123456|25094310|STUDENT
25094311|123456|25094311|STUDENT
25094312|123456|25094312|STUDENT
25094313|123456|25094313|STUDENT
25094314|123456|25094314|STUDENT
25094315|123456|25094315|STUDENT
25094316|123456|25094316|STUDENT
25094317|123456|25094317|STUDENT
25094318|123456|25094318|STUDENT
25094319|123456|25094319|STUDENT
25094320|123456|25094320|STUDENT
25094321|123456|25094321|STUDENT
25094322|123456|25094322|STUDENT
25094323|123456|25094323|STUDENT
25094324|123456|25094324|STUDENT
25094325|123456|25094325|STUDENT
25094326|123456|25094326|STUDENT
25094327|123456|25094327|STUDENT
25094328|123456|25094328|STUDENT
25094329|123456|25094329|STUDENT
25094330|123456|25094330|STUDENT
25094331|123456|25094331|STUDENT
25094332|123456|25094332|STUDENT
25094333|123456|25094333|STUDENT
25094334|123456|25094334|STUDENT
25094335|123456|25094335|STUDENT
25094336|123456|25094336|STUDENT
25094337|123456|25094337|STUDENT
25094338|123456|25094338|STUDENT
25094339|123456|25094339|STUDENT
25094340|123456|25094340|STUDENT
25094401|123456|25094401|STUDENT
25094402|123456|25094402|STUDENT
25094403|123456|25094403|STUDENT
25094404|123456|25094404|STUDENT
25094405|123456|25094405|STUDENT
25094406|123456|25094406|STUDENT
25094407|123456|25094407|STUDENT
25094408|123456|25094408|STUDENT
25094409|123456|25094409|STUDENT
25094410|123456|25094410|STUDENT
25094411|123456|25094411|STUDENT
25094412|123456|25094412|STUDENT
25094413|123456|25094413|STUDENT
25094414|123456|25094414|STUDENT
25094415|123456|25094415|STUDENT
25094416|123456|25094416|STUDENT
25094417|123456|25094417|STUDENT
25094418|123456|25094418|STUDENT
25094419|123456|25094419|STUDENT
25094420|123456|25094420|STUDENT
25094421|123456|25094421|STUDENT
25094422|123456|25094422|STUDENT
25094423|123456|25094423|STUDENT
25094424|123456|25094424|STUDENT
25094425|123456|25094425|STUDENT
25094426|123456|25094426|STUDENT
25094427|123456|25094427|STUDENT
25094428|123456|25094428|STUDENT
25094429|123456|25094429|STUDENT
25094430|123456|25094430|STUDENT
25094431|123456|25094431|STUDENT
25094432|123456|25094432|STUDENT
25094433|123456|25094433|STUDENT
25094434|123456|25094434|STUDENT
25094435|123456|25094435|STUDENT
25094436|123456|25094436|STUDENT
25094437|123456|25094437|STUDENT
25094438|123456|25094438|STUDENT
25094439|123456|25094439|STUDENT
25094440|123456|25094440|STUDENT
24101101|123456|24101101|STUDENT
24101102|123456|24101102|STUDENT
24101103|123456|24101103|STUDENT
24101104|123456|24101104|STUDENT
24101105|123456|24101105|STUDENT
24101106|123456|24101106|STUDENT
24101107|123456|24101107|STUDENT
24101108|123456|24101108|STUDENT
24101109|123456|24101109|STUDENT
24101110|123456|24101110|STUDENT
24101111|123456|24101111|STUDENT
24101112|123456|24101112|STUDENT
24101113|123456|24101113|STUDENT
24101114|123456|24101114|STUDENT
24101115|123456|24101115|STUDENT
24101116|123456|24101116|STUDENT
24101117|123456|24101117|STUDENT
24101118|123456|24101118|STUDENT
24101119|123456|24101119|STUDENT
24101120|123456|24101120|STUDENT
24101121|123456|24101121|STUDENT
24101122|123456|24101122|STUDENT
24101123|123456|24101123|STUDENT
24101124|123456|24101124|STUDENT
24101125|123456|24101125|STUDENT
24101126|123456|24101126|STUDENT
24101127|123456|24101127|STUDENT
24101128|123456|24101128|STUDENT
24101129|123456|24101129|STUDENT
24101130|123456|24101130|STUDENT
24101131|123456|24101131|STUDENT
24101132|123456|24101132|STUDENT
24101133|123456|24101133|STUDENT
24101134|123456|24101134|STUDENT
24101135|123456|24101135|STUDENT
24101136|123456|24101136|STUDENT
24101137|123456|24101137|STUDENT
24101138|123456|24101138|STUDENT
24101139|123456|24101139|STUDENT
24101140|123456|24101140|STUDENT
24101201|123456|24101201|STUDENT
24101202|123456|24101202|STUDENT
24101203|123456|24101203|STUDENT
24101204|123456|24101204|STUDENT
24101205|123456|24101205|STUDENT
24101206|123456|24101206|STUDENT
24101207|123456|24101207|STUDENT
24101208|123456|24101208|STUDENT
24101209|123456|24101209|STUDENT
24101210|123456|24101210|STUDENT
24101211|123456|24101211|STUDENT
24101212|123456|24101212|STUDENT
24101213|123456|24101213|STUDENT
24101214|123456|24101214|STUDENT
24101215|123456|24101215|STUDENT
24101216|123456|24101216|STUDENT
24101217|123456|24101217|STUDENT
24101218|123456|24101218|STUDENT
24101219|123456|24101219|STUDENT
24101220|123456|24101220|STUDENT
24101221|123456|24101221|STUDENT
24101222|123456|24101222|STUDENT
24101223|123456|24101223|STUDENT
24101224|123456|24101224|STUDENT
24101225|123456|24101225|STUDENT
24101226|123456|24101226|STUDENT
24101227|123456|24101227|STUDENT
24101228|123456|24101228|STUDENT
24101229|123456|24101229|STUDENT
24101230|123456|24101230|STUDENT
24101231|123456|24101231|STUDENT
24101232|123456|24101232|STUDENT
24101233|123456|24101233|STUDENT
24101234|123456|24101234|STUDENT
24101235|123456|24101235|STUDENT
24101236|123456|24101236|STUDENT
24101237|123456|24101237|STUDENT
24101238|123456|24101238|STUDENT
24101239|123456|24101239|STUDENT
24101240|123456|24101240|STUDENT
24101301|123456|24101301|STUDENT
24101302|123456|24101302|STUDENT
24101303|123456|24101303|STUDENT
24101304|123456|24101304|STUDENT
24101305|123456|24101305|STUDENT
24101306|123456|24101306|STUDENT
24101307|123456|24101307|STUDENT
24101308|123456|24101308|STUDENT
24101309|123456|24101309|STUDENT
24101310|123456|24101310|STUDENT
24101311|123456|24101311|STUDENT
24101312|123456|24101312|STUDENT
24101313|123456|24101313|STUDENT
24101314|123456|24101314|STUDENT
24101315|123456|24101315|STUDENT
24101316|123456|24101316|STUDENT
24101317|123456|24101317|STUDENT
24101318|123456|24101318|STUDENT
24101319|123456|24101319|STUDENT
24101320|123456|24101320|STUDENT
24101321|123456|24101321|STUDENT
24101322|123456|24101322|STUDENT
24101323|123456|24101323|STUDENT
24101324|123456|24101324|STUDENT
24101325|123456|24101325|STUDENT
24101326|123456|24101326|STUDENT
24101327|123456|24101327|STUDENT
24101328|123456|24101328|STUDENT
24101329|123456|24101329|STUDENT
24101330|123456|24101330|STUDENT
24101331|123456|24101331|STUDENT
24101332|123456|24101332|STUDENT
24101333|123456|24101333|STUDENT
24101334|123456|24101334|STUDENT
24101335|123456|24101335|STUDENT
24101336|123456|24101336|STUDENT
24101337|123456|24101337|STUDENT
24101338|123456|24101338|STUDENT
24101339|123456|24101339|STUDENT
24101340|123456|24101340|STUDENT
24101401|123456|24101401|STUDENT
24101402|123456|24101402|STUDENT
24101403|123456|24101403|STUDENT
24101404|123456|24101404|STUDENT
24101405|123456|24101405|STUDENT
24101406|123456|24101406|STUDENT
24101407|123456|24101407|STUDENT
24101408|123456|24101408|STUDENT
24101409|123456|24101409|STUDENT
24101410|123456|24101410|STUDENT
24101411|123456|24101411|STUDENT
24101412|123456|24101412|STUDENT
24101413|123456|24101413|STUDENT
24101414|123456|24101414|STUDENT
24101415|123456|24101415|STUDENT
24101416|123456|24101416|STUDENT
24101417|123456|24101417|STUDENT
24101418|123456|24101418|STUDENT
24101419|123456|24101419|STUDENT
24101420|123456|24101420|STUDENT
24101421|123456|24101421|STUDENT
24101422|123456|24101422|STUDENT
24101423|123456|24101423|STUDENT
24101424|123456|24101424|STUDENT
24101425|123456|24101425|STUDENT
24101426|123456|24101426|STUDENT
24101427|123456|24101427|STUDENT
24101428|123456|24101428|STUDENT
24101429|123456|24101429|STUDENT
24101430|123456|24101430|STUDENT
24101431|123456|24101431|STUDENT
24101432|123456|24101432|STUDENT
24101433|123456|24101433|STUDENT
24101434|123456|24101434|STUDENT
24101435|123456|24101435|STUDENT
24101436|123456|24101436|STUDENT
24101437|123456|24101437|STUDENT
24101438|123456|24101438|STUDENT
24101439|123456|24101439|STUDENT
24101440|123456|24101440|STUDENT
24102101|123456|24102101|STUDENT
24102102|123456|24102102|STUDENT
24102103|123456|24102103|STUDENT
24102104|123456|24102104|STUDENT
24102105|123456|24102105|STUDENT
24102106|123456|24102106|STUDENT
24102107|123456|24102107|STUDENT
24102108|123456|24102108|STUDENT
24102109|123456|24102109|STUDENT
24102110|123456|24102110|STUDENT
24102111|123456|24102111|STUDENT
24102112|123456|24102112|STUDENT
24102113|123456|24102113|STUDENT
24102114|123456|24102114|STUDENT
24102115|123456|24102115|STUDENT
24102116|123456|24102116|STUDENT
24102117|123456|24102117|STUDENT
24102118|123456|24102118|STUDENT
24102119|123456|24102119|STUDENT
24102120|123456|24102120|STUDENT
24102121|123456|24102121|STUDENT
24102122|123456|24102122|STUDENT
24102123|123456|24102123|STUDENT
24102124|123456|24102124|STUDENT
24102125|123456|24102125|STUDENT
24102126|123456|24102126|STUDENT
24102127|123456|24102127|STUDENT
24102128|123456|24102128|STUDENT
24102129|123456|24102129|STUDENT
24102130|123456|24102130|STUDENT
24102131|123456|24102131|STUDENT
24102132|123456|24102132|STUDENT
24102133|123456|24102133|STUDENT
24102134|123456|24102134|STUDENT
24102135|123456|24102135|STUDENT
24102136|123456|24102136|STUDENT
24102137|123456|24102137|STUDENT
24102138|123456|24102138|STUDENT
24102139|123456|24102139|STUDENT
24102140|123456|24102140|STUDENT
24102201|123456|24102201|STUDENT
24102202|123456|24102202|STUDENT
24102203|123456|24102203|STUDENT
24102204|123456|24102204|STUDENT
24102205|123456|24102205|STUDENT
24102206|123456|24102206|STUDENT
24102207|123456|24102207|STUDENT
24102208|123456|24102208|STUDENT
24102209|123456|24102209|STUDENT
24102210|123456|24102210|STUDENT
24102211|123456|24102211|STUDENT
24102212|123456|24102212|STUDENT
24102213|123456|24102213|STUDENT
24102214|123456|24102214|STUDENT
24102215|123456|24102215|STUDENT
24102216|123456|24102216|STUDENT
24102217|123456|24102217|STUDENT
24102218|123456|24102218|STUDENT
24102219|123456|24102219|STUDENT
24102220|123456|24102220|STUDENT
24102221|123456|24102221|STUDENT
24102222|123456|24102222|STUDENT
24102223|123456|24102223|STUDENT
24102224|123456|24102224|STUDENT
24102225|123456|24102225|STUDENT
24102226|123456|24102226|STUDENT
24102227|123456|24102227|STUDENT
24102228|123456|24102228|STUDENT
24102229|123456|24102229|STUDENT
24102230|123456|24102230|STUDENT
24102231|123456|24102231|STUDENT
24102232|123456|24102232|STUDENT
24102233|123456|24102233|STUDENT
24102234|123456|24102234|STUDENT
24102235|123456|24102235|STUDENT
24102236|123456|24102236|STUDENT
24102237|123456|24102237|STUDENT
24102238|123456|24102238|STUDENT
24102239|123456|24102239|STUDENT
24102240|123456|24102240|STUDENT
24102301|123456|24102301|STUDENT
24102302|123456|24102302|STUDENT
24102303|123456|24102303|STUDENT
24102304|123456|24102304|STUDENT
24102305|123456|24102305|STUDENT
24102306|123456|24102306|STUDENT
24102307|123456|24102307|STUDENT
24102308|123456|24102308|STUDENT
24102309|123456|24102309|STUDENT
24102310|123456|24102310|STUDENT
24102311|123456|24102311|STUDENT
24102312|123456|24102312|STUDENT
24102313|123456|24102313|STUDENT
24102314|123456|24102314|STUDENT
24102315|123456|24102315|STUDENT
24102316|123456|24102316|STUDENT
24102317|123456|24102317|STUDENT
24102318|123456|24102318|STUDENT
24102319|123456|24102319|STUDENT
24102320|123456|24102320|STUDENT
24102321|123456|24102321|STUDENT
24102322|123456|24102322|STUDENT
24102323|123456|24102323|STUDENT
24102324|123456|24102324|STUDENT
24102325|123456|24102325|STUDENT
24102326|123456|24102326|STUDENT
24102327|123456|24102327|STUDENT
24102328|123456|24102328|STUDENT
24102329|123456|24102329|STUDENT
24102330|123456|24102330|STUDENT
24102331|123456|24102331|STUDENT
24102332|123456|24102332|STUDENT
24102333|123456|24102333|STUDENT
24102334|123456|24102334|STUDENT
24102335|123456|24102335|STUDENT
24102336|123456|24102336|STUDENT
24102337|123456|24102337|STUDENT
24102338|123456|24102338|STUDENT
24102339|123456|24102339|STUDENT
24102340|123456|24102340|STUDENT
24102401|123456|24102401|STUDENT
24102402|123456|24102402|STUDENT
24102403|123456|24102403|STUDENT
24102404|123456|24102404|STUDENT
24102405|123456|24102405|STUDENT
24102406|123456|24102406|STUDENT
24102407|123456|24102407|STUDENT
24102408|123456|24102408|STUDENT
24102409|123456|24102409|STUDENT
24102410|123456|24102410|STUDENT
24102411|123456|24102411|STUDENT
24102412|123456|24102412|STUDENT
24102413|123456|24102413|STUDENT
24102414|123456|24102414|STUDENT
24102415|123456|24102415|STUDENT
24102416|123456|24102416|STUDENT
24102417|123456|24102417|STUDENT
24102418|123456|24102418|STUDENT
24102419|123456|24102419|STUDENT
24102420|123456|24102420|STUDENT
24102421|123456|24102421|STUDENT
24102422|123456|24102422|STUDENT
24102423|123456|24102423|STUDENT
24102424|123456|24102424|STUDENT
24102425|123456|24102425|STUDENT
24102426|123456|24102426|STUDENT
24102427|123456|24102427|STUDENT
24102428|123456|24102428|STUDENT
24102429|123456|24102429|STUDENT
24102430|123456|24102430|STUDENT
24102431|123456|24102431|STUDENT
24102432|123456|24102432|STUDENT
24102433|123456|24102433|STUDENT
24102434|123456|24102434|STUDENT
24102435|123456|24102435|STUDENT
24102436|123456|24102436|STUDENT
24102437|123456|24102437|STUDENT
24102438|123456|24102438|STUDENT
24102439|123456|24102439|STUDENT
24102440|123456|24102440|STUDENT
24103101|123456|24103101|STUDENT
24103102|123456|24103102|STUDENT
24103103|123456|24103103|STUDENT
24103104|123456|24103104|STUDENT
24103105|123456|24103105|STUDENT
24103106|123456|24103106|STUDENT
24103107|123456|24103107|STUDENT
24103108|123456|24103108|STUDENT
24103109|123456|24103109|STUDENT
24103110|123456|24103110|STUDENT
24103111|123456|24103111|STUDENT
24103112|123456|24103112|STUDENT
24103113|123456|24103113|STUDENT
24103114|123456|24103114|STUDENT
24103115|123456|24103115|STUDENT
24103116|123456|24103116|STUDENT
24103117|123456|24103117|STUDENT
24103118|123456|24103118|STUDENT
24103119|123456|24103119|STUDENT
24103120|123456|24103120|STUDENT
24103121|123456|24103121|STUDENT
24103122|123456|24103122|STUDENT
24103123|123456|24103123|STUDENT
24103124|123456|24103124|STUDENT
24103125|123456|24103125|STUDENT
24103126|123456|24103126|STUDENT
24103127|123456|24103127|STUDENT
24103128|123456|24103128|STUDENT
24103129|123456|24103129|STUDENT
24103130|123456|24103130|STUDENT
24103131|123456|24103131|STUDENT
24103132|123456|24103132|STUDENT
24103133|123456|24103133|STUDENT
24103134|123456|24103134|STUDENT
24103135|123456|24103135|STUDENT
24103136|123456|24103136|STUDENT
24103137|123456|24103137|STUDENT
24103138|123456|24103138|STUDENT
24103139|123456|24103139|STUDENT
24103140|123456|24103140|STUDENT
24103201|123456|24103201|STUDENT
24103202|123456|24103202|STUDENT
24103203|123456|24103203|STUDENT
24103204|123456|24103204|STUDENT
24103205|123456|24103205|STUDENT
24103206|123456|24103206|STUDENT
24103207|123456|24103207|STUDENT
24103208|123456|24103208|STUDENT
24103209|123456|24103209|STUDENT
24103210|123456|24103210|STUDENT
24103211|123456|24103211|STUDENT
24103212|123456|24103212|STUDENT
24103213|123456|24103213|STUDENT
24103214|123456|24103214|STUDENT
24103215|123456|24103215|STUDENT
24103216|123456|24103216|STUDENT
24103217|123456|24103217|STUDENT
24103218|123456|24103218|STUDENT
24103219|123456|24103219|STUDENT
24103220|123456|24103220|STUDENT
24103221|123456|24103221|STUDENT
24103222|123456|24103222|STUDENT
24103223|123456|24103223|STUDENT
24103224|123456|24103224|STUDENT
24103225|123456|24103225|STUDENT
24103226|123456|24103226|STUDENT
24103227|123456|24103227|STUDENT
24103228|123456|24103228|STUDENT
24103229|123456|24103229|STUDENT
24103230|123456|24103230|STUDENT
24103231|123456|24103231|STUDENT
24103232|123456|24103232|STUDENT
24103233|123456|24103233|STUDENT
24103234|123456|24103234|STUDENT
24103235|123456|24103235|STUDENT
24103236|123456|24103236|STUDENT
24103237|123456|24103237|STUDENT
24103238|123456|24103238|STUDENT
24103239|123456|24103239|STUDENT
24103240|123456|24103240|STUDENT
24103301|123456|24103301|STUDENT
24103302|123456|24103302|STUDENT
24103303|123456|24103303|STUDENT
24103304|123456|24103304|STUDENT
24103305|123456|24103305|STUDENT
24103306|123456|24103306|STUDENT
24103307|123456|24103307|STUDENT
24103308|123456|24103308|STUDENT
24103309|123456|24103309|STUDENT
24103310|123456|24103310|STUDENT
24103311|123456|24103311|STUDENT
24103312|123456|24103312|STUDENT
24103313|123456|24103313|STUDENT
24103314|123456|24103314|STUDENT
24103315|123456|24103315|STUDENT
24103316|123456|24103316|STUDENT
24103317|123456|24103317|STUDENT
24103318|123456|24103318|STUDENT
24103319|123456|24103319|STUDENT
24103320|123456|24103320|STUDENT
24103321|123456|24103321|STUDENT
24103322|123456|24103322|STUDENT
24103323|123456|24103323|STUDENT
24103324|123456|24103324|STUDENT
24103325|123456|24103325|STUDENT
24103326|123456|24103326|STUDENT
24103327|123456|24103327|STUDENT
24103328|123456|24103328|STUDENT
24103329|123456|24103329|STUDENT
24103330|123456|24103330|STUDENT
24103331|123456|24103331|STUDENT
24103332|123456|24103332|STUDENT
24103333|123456|24103333|STUDENT
24103334|123456|24103334|STUDENT
24103335|123456|24103335|STUDENT
24103336|123456|24103336|STUDENT
24103337|123456|24103337|STUDENT
24103338|123456|24103338|STUDENT
24103339|123456|24103339|STUDENT
24103340|123456|24103340|STUDENT
24103401|123456|24103401|STUDENT
24103402|123456|24103402|STUDENT
24103403|123456|24103403|STUDENT
24103404|123456|24103404|STUDENT
24103405|123456|24103405|STUDENT
24103406|123456|24103406|STUDENT
24103407|123456|24103407|STUDENT
24103408|123456|24103408|STUDENT
24103409|123456|24103409|STUDENT
24103410|123456|24103410|STUDENT
24103411|123456|24103411|STUDENT
24103412|123456|24103412|STUDENT
24103413|123456|24103413|STUDENT
24103414|123456|24103414|STUDENT
24103415|123456|24103415|STUDENT
24103416|123456|24103416|STUDENT
24103417|123456|24103417|STUDENT
24103418|123456|24103418|STUDENT
24103419|123456|24103419|STUDENT
24103420|123456|24103420|STUDENT
24103421|123456|24103421|STUDENT
24103422|123456|24103422|STUDENT
24103423|123456|24103423|STUDENT
24103424|123456|24103424|STUDENT
24103425|123456|24103425|STUDENT
24103426|123456|24103426|STUDENT
24103427|123456|24103427|STUDENT
24103428|123456|24103428|STUDENT
24103429|123456|24103429|STUDENT
24103430|123456|24103430|STUDENT
24103431|123456|24103431|STUDENT
24103432|123456|24103432|STUDENT
24103433|123456|24103433|STUDENT
24103434|123456|24103434|STUDENT
24103435|123456|24103435|STUDENT
24103436|123456|24103436|STUDENT
24103437|123456|24103437|STUDENT
24103438|123456|24103438|STUDENT
24103439|123456|24103439|STUDENT
24103440|123456|24103440|STUDENT
24104101|123456|24104101|STUDENT
24104102|123456|24104102|STUDENT
24104103|123456|24104103|STUDENT
24104104|123456|24104104|STUDENT
24104105|123456|24104105|STUDENT
24104106|123456|24104106|STUDENT
24104107|123456|24104107|STUDENT
24104108|123456|24104108|STUDENT
24104109|123456|24104109|STUDENT
24104110|123456|24104110|STUDENT
24104111|123456|24104111|STUDENT
24104112|123456|24104112|STUDENT
24104113|123456|24104113|STUDENT
24104114|123456|24104114|STUDENT
24104115|123456|24104115|STUDENT
24104116|123456|24104116|STUDENT
24104117|123456|24104117|STUDENT
24104118|123456|24104118|STUDENT
24104119|123456|24104119|STUDENT
24104120|123456|24104120|STUDENT
24104121|123456|24104121|STUDENT
24104122|123456|24104122|STUDENT
24104123|123456|24104123|STUDENT
24104124|123456|24104124|STUDENT
24104125|123456|24104125|STUDENT
24104126|123456|24104126|STUDENT
24104127|123456|24104127|STUDENT
24104128|123456|24104128|STUDENT
24104129|123456|24104129|STUDENT
24104130|123456|24104130|STUDENT
24104131|123456|24104131|STUDENT
24104132|123456|24104132|STUDENT
24104133|123456|24104133|STUDENT
24104134|123456|24104134|STUDENT
24104135|123456|24104135|STUDENT
24104136|123456|24104136|STUDENT
24104137|123456|24104137|STUDENT
24104138|123456|24104138|STUDENT
24104139|123456|24104139|STUDENT
24104140|123456|24104140|STUDENT
24104201|123456|24104201|STUDENT
24104202|123456|24104202|STUDENT
24104203|123456|24104203|STUDENT
24104204|123456|24104204|STUDENT
24104205|123456|24104205|STUDENT
24104206|123456|24104206|STUDENT
24104207|123456|24104207|STUDENT
24104208|123456|24104208|STUDENT
24104209|123456|24104209|STUDENT
24104210|123456|24104210|STUDENT
24104211|123456|24104211|STUDENT
24104212|123456|24104212|STUDENT
24104213|123456|24104213|STUDENT
24104214|123456|24104214|STUDENT
24104215|123456|24104215|STUDENT
24104216|123456|24104216|STUDENT
24104217|123456|24104217|STUDENT
24104218|123456|24104218|STUDENT
24104219|123456|24104219|STUDENT
24104220|123456|24104220|STUDENT
24104221|123456|24104221|STUDENT
24104222|123456|24104222|STUDENT
24104223|123456|24104223|STUDENT
24104224|123456|24104224|STUDENT
24104225|123456|24104225|STUDENT
24104226|123456|24104226|STUDENT
24104227|123456|24104227|STUDENT
24104228|123456|24104228|STUDENT
24104229|123456|24104229|STUDENT
24104230|123456|24104230|STUDENT
24104231|123456|24104231|STUDENT
24104232|123456|24104232|STUDENT
24104233|123456|24104233|STUDENT
24104234|123456|24104234|STUDENT
24104235|123456|24104235|STUDENT
24104236|123456|24104236|STUDENT
24104237|123456|24104237|STUDENT
24104238|123456|24104238|STUDENT
24104239|123456|24104239|STUDENT
24104240|123456|24104240|STUDENT
24104301|123456|24104301|STUDENT
24104302|123456|24104302|STUDENT
24104303|123456|24104303|STUDENT
24104304|123456|24104304|STUDENT
24104305|123456|24104305|STUDENT
24104306|123456|24104306|STUDENT
24104307|123456|24104307|STUDENT
24104308|123456|24104308|STUDENT
24104309|123456|24104309|STUDENT
24104310|123456|24104310|STUDENT
24104311|123456|24104311|STUDENT
24104312|123456|24104312|STUDENT
24104313|123456|24104313|STUDENT
24104314|123456|24104314|STUDENT
24104315|123456|24104315|STUDENT
24104316|123456|24104316|STUDENT
24104317|123456|24104317|STUDENT
24104318|123456|24104318|STUDENT
24104319|123456|24104319|STUDENT
24104320|123456|24104320|STUDENT
24104321|123456|24104321|STUDENT
24104322|123456|24104322|STUDENT
24104323|123456|24104323|STUDENT
24104324|123456|24104324|STUDENT
24104325|123456|24104325|STUDENT
24104326|123456|24104326|STUDENT
24104327|123456|24104327|STUDENT
24104328|123456|24104328|STUDENT
24104329|123456|24104329|STUDENT
24104330|123456|24104330|STUDENT
24104331|123456|24104331|STUDENT
24104332|123456|24104332|STUDENT
24104333|123456|24104333|STUDENT
24104334|123456|24104334|STUDENT
24104335|123456|24104335|STUDENT
24104336|123456|24104336|STUDENT
24104337|123456|24104337|STUDENT
24104338|123456|24104338|STUDENT
24104339|123456|24104339|STUDENT
24104340|123456|24104340|STUDENT
24104401|123456|24104401|STUDENT
24104402|123456|24104402|STUDENT
24104403|123456|24104403|STUDENT
24104404|123456|24104404|STUDENT
24104405|123456|24104405|STUDENT
24104406|123456|24104406|STUDENT
24104407|123456|24104407|STUDENT
24104408|123456|24104408|STUDENT
24104409|123456|24104409|STUDENT
24104410|123456|24104410|STUDENT
24104411|123456|24104411|STUDENT
24104412|123456|24104412|STUDENT
24104413|123456|24104413|STUDENT
24104414|123456|24104414|STUDENT
24104415|123456|24104415|STUDENT
24104416|123456|24104416|STUDENT
24104417|123456|24104417|STUDENT
24104418|123456|24104418|STUDENT
24104419|123456|24104419|STUDENT
24104420|123456|24104420|STUDENT
24104421|123456|24104421|STUDENT
24104422|123456|24104422|STUDENT
24104423|123456|24104423|STUDENT
24104424|123456|24104424|STUDENT
24104425|123456|24104425|STUDENT
24104426|123456|24104426|STUDENT
24104427|123456|24104427|STUDENT
24104428|123456|24104428|STUDENT
24104429|123456|24104429|STUDENT
24104430|123456|24104430|STUDENT
24104431|123456|24104431|STUDENT
24104432|123456|24104432|STUDENT
24104433|123456|24104433|STUDENT
24104434|123456|24104434|STUDENT
24104435|123456|24104435|STUDENT
24104436|123456|24104436|STUDENT
24104437|123456|24104437|STUDENT
24104438|123456|24104438|STUDENT
24104439|123456|24104439|STUDENT
24104440|123456|24104440|STUDENT
25101101|123456|25101101|STUDENT
25101102|123456|25101102|STUDENT
25101103|123456|25101103|STUDENT
25101104|123456|25101104|STUDENT
25101105|123456|25101105|STUDENT
25101106|123456|25101106|STUDENT
25101107|123456|25101107|STUDENT
25101108|123456|25101108|STUDENT
25101109|123456|25101109|STUDENT
25101110|123456|25101110|STUDENT
25101111|123456|25101111|STUDENT
25101112|123456|25101112|STUDENT
25101113|123456|25101113|STUDENT
25101114|123456|25101114|STUDENT
25101115|123456|25101115|STUDENT
25101116|123456|25101116|STUDENT
25101117|123456|25101117|STUDENT
25101118|123456|25101118|STUDENT
25101119|123456|25101119|STUDENT
25101120|123456|25101120|STUDENT
25101121|123456|25101121|STUDENT
25101122|123456|25101122|STUDENT
25101123|123456|25101123|STUDENT
25101124|123456|25101124|STUDENT
25101125|123456|25101125|STUDENT
25101126|123456|25101126|STUDENT
25101127|123456|25101127|STUDENT
25101128|123456|25101128|STUDENT
25101129|123456|25101129|STUDENT
25101130|123456|25101130|STUDENT
25101131|123456|25101131|STUDENT
25101132|123456|25101132|STUDENT
25101133|123456|25101133|STUDENT
25101134|123456|25101134|STUDENT
25101135|123456|25101135|STUDENT
25101136|123456|25101136|STUDENT
25101137|123456|25101137|STUDENT
25101138|123456|25101138|STUDENT
25101139|123456|25101139|STUDENT
25101140|123456|25101140|STUDENT
25101201|123456|25101201|STUDENT
25101202|123456|25101202|STUDENT
25101203|123456|25101203|STUDENT
25101204|123456|25101204|STUDENT
25101205|123456|25101205|STUDENT
25101206|123456|25101206|STUDENT
25101207|123456|25101207|STUDENT
25101208|123456|25101208|STUDENT
25101209|123456|25101209|STUDENT
25101210|123456|25101210|STUDENT
25101211|123456|25101211|STUDENT
25101212|123456|25101212|STUDENT
25101213|123456|25101213|STUDENT
25101214|123456|25101214|STUDENT
25101215|123456|25101215|STUDENT
25101216|123456|25101216|STUDENT
25101217|123456|25101217|STUDENT
25101218|123456|25101218|STUDENT
25101219|123456|25101219|STUDENT
25101220|123456|25101220|STUDENT
25101221|123456|25101221|STUDENT
25101222|123456|25101222|STUDENT
25101223|123456|25101223|STUDENT
25101224|123456|25101224|STUDENT
25101225|123456|25101225|STUDENT
25101226|123456|25101226|STUDENT
25101227|123456|25101227|STUDENT
25101228|123456|25101228|STUDENT
25101229|123456|25101229|STUDENT
25101230|123456|25101230|STUDENT
25101231|123456|25101231|STUDENT
25101232|123456|25101232|STUDENT
25101233|123456|25101233|STUDENT
25101234|123456|25101234|STUDENT
25101235|123456|25101235|STUDENT
25101236|123456|25101236|STUDENT
25101237|123456|25101237|STUDENT
25101238|123456|25101238|STUDENT
25101239|123456|25101239|STUDENT
25101240|123456|25101240|STUDENT
25101301|123456|25101301|STUDENT
25101302|123456|25101302|STUDENT
25101303|123456|25101303|STUDENT
25101304|123456|25101304|STUDENT
25101305|123456|25101305|STUDENT
25101306|123456|25101306|STUDENT
25101307|123456|25101307|STUDENT
25101308|123456|25101308|STUDENT
25101309|123456|25101309|STUDENT
25101310|123456|25101310|STUDENT
25101311|123456|25101311|STUDENT
25101312|123456|25101312|STUDENT
25101313|123456|25101313|STUDENT
25101314|123456|25101314|STUDENT
25101315|123456|25101315|STUDENT
25101316|123456|25101316|STUDENT
25101317|123456|25101317|STUDENT
25101318|123456|25101318|STUDENT
25101319|123456|25101319|STUDENT
25101320|123456|25101320|STUDENT
25101321|123456|25101321|STUDENT
25101322|123456|25101322|STUDENT
25101323|123456|25101323|STUDENT
25101324|123456|25101324|STUDENT
25101325|123456|25101325|STUDENT
25101326|123456|25101326|STUDENT
25101327|123456|25101327|STUDENT
25101328|123456|25101328|STUDENT
25101329|123456|25101329|STUDENT
25101330|123456|25101330|STUDENT
25101331|123456|25101331|STUDENT
25101332|123456|25101332|STUDENT
25101333|123456|25101333|STUDENT
25101334|123456|25101334|STUDENT
25101335|123456|25101335|STUDENT
25101336|123456|25101336|STUDENT
25101337|123456|25101337|STUDENT
25101338|123456|25101338|STUDENT
25101339|123456|25101339|STUDENT
25101340|123456|25101340|STUDENT
25101401|123456|25101401|STUDENT
25101402|123456|25101402|STUDENT
25101403|123456|25101403|STUDENT
25101404|123456|25101404|STUDENT
25101405|123456|25101405|STUDENT
25101406|123456|25101406|STUDENT
25101407|123456|25101407|STUDENT
25101408|123456|25101408|STUDENT
25101409|123456|25101409|STUDENT
25101410|123456|25101410|STUDENT
25101411|123456|25101411|STUDENT
25101412|123456|25101412|STUDENT
25101413|123456|25101413|STUDENT
25101414|123456|25101414|STUDENT
25101415|123456|25101415|STUDENT
25101416|123456|25101416|STUDENT
25101417|123456|25101417|STUDENT
25101418|123456|25101418|STUDENT
25101419|123456|25101419|STUDENT
25101420|123456|25101420|STUDENT
25101421|123456|25101421|STUDENT
25101422|123456|25101422|STUDENT
25101423|123456|25101423|STUDENT
25101424|123456|25101424|STUDENT
25101425|123456|25101425|STUDENT
25101426|123456|25101426|STUDENT
25101427|123456|25101427|STUDENT
25101428|123456|25101428|STUDENT
25101429|123456|25101429|STUDENT
25101430|123456|25101430|STUDENT
25101431|123456|25101431|STUDENT
25101432|123456|25101432|STUDENT
25101433|123456|25101433|STUDENT
25101434|123456|25101434|STUDENT
25101435|123456|25101435|STUDENT
25101436|123456|25101436|STUDENT
25101437|123456|25101437|STUDENT
25101438|123456|25101438|STUDENT
25101439|123456|25101439|STUDENT
25101440|123456|25101440|STUDENT
25102101|123456|25102101|STUDENT
25102102|123456|25102102|STUDENT
25102103|123456|25102103|STUDENT
25102104|123456|25102104|STUDENT
25102105|123456|25102105|STUDENT
25102106|123456|25102106|STUDENT
25102107|123456|25102107|STUDENT
25102108|123456|25102108|STUDENT
25102109|123456|25102109|STUDENT
25102110|123456|25102110|STUDENT
25102111|123456|25102111|STUDENT
25102112|123456|25102112|STUDENT
25102113|123456|25102113|STUDENT
25102114|123456|25102114|STUDENT
25102115|123456|25102115|STUDENT
25102116|123456|25102116|STUDENT
25102117|123456|25102117|STUDENT
25102118|123456|25102118|STUDENT
25102119|123456|25102119|STUDENT
25102120|123456|25102120|STUDENT
25102121|123456|25102121|STUDENT
25102122|123456|25102122|STUDENT
25102123|123456|25102123|STUDENT
25102124|123456|25102124|STUDENT
25102125|123456|25102125|STUDENT
25102126|123456|25102126|STUDENT
25102127|123456|25102127|STUDENT
25102128|123456|25102128|STUDENT
25102129|123456|25102129|STUDENT
25102130|123456|25102130|STUDENT
25102131|123456|25102131|STUDENT
25102132|123456|25102132|STUDENT
25102133|123456|25102133|STUDENT
25102134|123456|25102134|STUDENT
25102135|123456|25102135|STUDENT
25102136|123456|25102136|STUDENT
25102137|123456|25102137|STUDENT
25102138|123456|25102138|STUDENT
25102139|123456|25102139|STUDENT
25102140|123456|25102140|STUDENT
25102201|123456|25102201|STUDENT
25102202|123456|25102202|STUDENT
25102203|123456|25102203|STUDENT
25102204|123456|25102204|STUDENT
25102205|123456|25102205|STUDENT
25102206|123456|25102206|STUDENT
25102207|123456|25102207|STUDENT
25102208|123456|25102208|STUDENT
25102209|123456|25102209|STUDENT
25102210|123456|25102210|STUDENT
25102211|123456|25102211|STUDENT
25102212|123456|25102212|STUDENT
25102213|123456|25102213|STUDENT
25102214|123456|25102214|STUDENT
25102215|123456|25102215|STUDENT
25102216|123456|25102216|STUDENT
25102217|123456|25102217|STUDENT
25102218|123456|25102218|STUDENT
25102219|123456|25102219|STUDENT
25102220|123456|25102220|STUDENT
25102221|123456|25102221|STUDENT
25102222|123456|25102222|STUDENT
25102223|123456|25102223|STUDENT
25102224|123456|25102224|STUDENT
25102225|123456|25102225|STUDENT
25102226|123456|25102226|STUDENT
25102227|123456|25102227|STUDENT
25102228|123456|25102228|STUDENT
25102229|123456|25102229|STUDENT
25102230|123456|25102230|STUDENT
25102231|123456|25102231|STUDENT
25102232|123456|25102232|STUDENT
25102233|123456|25102233|STUDENT
25102234|123456|25102234|STUDENT
25102235|123456|25102235|STUDENT
25102236|123456|25102236|STUDENT
25102237|123456|25102237|STUDENT
25102238|123456|25102238|STUDENT
25102239|123456|25102239|STUDENT
25102240|123456|25102240|STUDENT
25102301|123456|25102301|STUDENT
25102302|123456|25102302|STUDENT
25102303|123456|25102303|STUDENT
25102304|123456|25102304|STUDENT
25102305|123456|25102305|STUDENT
25102306|123456|25102306|STUDENT
25102307|123456|25102307|STUDENT
25102308|123456|25102308|STUDENT
25102309|123456|25102309|STUDENT
25102310|123456|25102310|STUDENT
25102311|123456|25102311|STUDENT
25102312|123456|25102312|STUDENT
25102313|123456|25102313|STUDENT
25102314|123456|25102314|STUDENT
25102315|123456|25102315|STUDENT
25102316|123456|25102316|STUDENT
25102317|123456|25102317|STUDENT
25102318|123456|25102318|STUDENT
25102319|123456|25102319|STUDENT
25102320|123456|25102320|STUDENT
25102321|123456|25102321|STUDENT
25102322|123456|25102322|STUDENT
25102323|123456|25102323|STUDENT
25102324|123456|25102324|STUDENT
25102325|123456|25102325|STUDENT
25102326|123456|25102326|STUDENT
25102327|123456|25102327|STUDENT
25102328|123456|25102328|STUDENT
25102329|123456|25102329|STUDENT
25102330|123456|25102330|STUDENT
25102331|123456|25102331|STUDENT
25102332|123456|25102332|STUDENT
25102333|123456|25102333|STUDENT
25102334|123456|25102334|STUDENT
25102335|123456|25102335|STUDENT
25102336|123456|25102336|STUDENT
25102337|123456|25102337|STUDENT
25102338|123456|25102338|STUDENT
25102339|123456|25102339|STUDENT
25102340|123456|25102340|STUDENT
25102401|123456|25102401|STUDENT
25102402|123456|25102402|STUDENT
25102403|123456|25102403|STUDENT
25102404|123456|25102404|STUDENT
25102405|123456|25102405|STUDENT
25102406|123456|25102406|STUDENT
25102407|123456|25102407|STUDENT
25102408|123456|25102408|STUDENT
25102409|123456|25102409|STUDENT
25102410|123456|25102410|STUDENT
25102411|123456|25102411|STUDENT
25102412|123456|25102412|STUDENT
25102413|123456|25102413|STUDENT
25102414|123456|25102414|STUDENT
25102415|123456|25102415|STUDENT
25102416|123456|25102416|STUDENT
25102417|123456|25102417|STUDENT
25102418|123456|25102418|STUDENT
25102419|123456|25102419|STUDENT
25102420|123456|25102420|STUDENT
25102421|123456|25102421|STUDENT
25102422|123456|25102422|STUDENT
25102423|123456|25102423|STUDENT
25102424|123456|25102424|STUDENT
25102425|123456|25102425|STUDENT
25102426|123456|25102426|STUDENT
25102427|123456|25102427|STUDENT
25102428|123456|25102428|STUDENT
25102429|123456|25102429|STUDENT
25102430|123456|25102430|STUDENT
25102431|123456|25102431|STUDENT
25102432|123456|25102432|STUDENT
25102433|123456|25102433|STUDENT
25102434|123456|25102434|STUDENT
25102435|123456|25102435|STUDENT
25102436|123456|25102436|STUDENT
25102437|123456|25102437|STUDENT
25102438|123456|25102438|STUDENT
25102439|123456|25102439|STUDENT
25102440|123456|25102440|STUDENT
25103101|123456|25103101|STUDENT
25103102|123456|25103102|STUDENT
25103103|123456|25103103|STUDENT
25103104|123456|25103104|STUDENT
25103105|123456|25103105|STUDENT
25103106|123456|25103106|STUDENT
25103107|123456|25103107|STUDENT
25103108|123456|25103108|STUDENT
25103109|123456|25103109|STUDENT
25103110|123456|25103110|STUDENT
25103111|123456|25103111|STUDENT
25103112|123456|25103112|STUDENT
25103113|123456|25103113|STUDENT
25103114|123456|25103114|STUDENT
25103115|123456|25103115|STUDENT
25103116|123456|25103116|STUDENT
25103117|123456|25103117|STUDENT
25103118|123456|25103118|STUDENT
25103119|123456|25103119|STUDENT
25103120|123456|25103120|STUDENT
25103121|123456|25103121|STUDENT
25103122|123456|25103122|STUDENT
25103123|123456|25103123|STUDENT
25103124|123456|25103124|STUDENT
25103125|123456|25103125|STUDENT
25103126|123456|25103126|STUDENT
25103127|123456|25103127|STUDENT
25103128|123456|25103128|STUDENT
25103129|123456|25103129|STUDENT
25103130|123456|25103130|STUDENT
25103131|123456|25103131|STUDENT
25103132|123456|25103132|STUDENT
25103133|123456|25103133|STUDENT
25103134|123456|25103134|STUDENT
25103135|123456|25103135|STUDENT
25103136|123456|25103136|STUDENT
25103137|123456|25103137|STUDENT
25103138|123456|25103138|STUDENT
25103139|123456|25103139|STUDENT
25103140|123456|25103140|STUDENT
25103201|123456|25103201|STUDENT
25103202|123456|25103202|STUDENT
25103203|123456|25103203|STUDENT
25103204|123456|25103204|STUDENT
25103205|123456|25103205|STUDENT
25103206|123456|25103206|STUDENT
25103207|123456|25103207|STUDENT
25103208|123456|25103208|STUDENT
25103209|123456|25103209|STUDENT
25103210|123456|25103210|STUDENT
25103211|123456|25103211|STUDENT
25103212|123456|25103212|STUDENT
25103213|123456|25103213|STUDENT
25103214|123456|25103214|STUDENT
25103215|123456|25103215|STUDENT
25103216|123456|25103216|STUDENT
25103217|123456|25103217|STUDENT
25103218|123456|25103218|STUDENT
25103219|123456|25103219|STUDENT
25103220|123456|25103220|STUDENT
25103221|123456|25103221|STUDENT
25103222|123456|25103222|STUDENT
25103223|123456|25103223|STUDENT
25103224|123456|25103224|STUDENT
25103225|123456|25103225|STUDENT
25103226|123456|25103226|STUDENT
25103227|123456|25103227|STUDENT
25103228|123456|25103228|STUDENT
25103229|123456|25103229|STUDENT
25103230|123456|25103230|STUDENT
25103231|123456|25103231|STUDENT
25103232|123456|25103232|STUDENT
25103233|123456|25103233|STUDENT
25103234|123456|25103234|STUDENT
25103235|123456|25103235|STUDENT
25103236|123456|25103236|STUDENT
25103237|123456|25103237|STUDENT
25103238|123456|25103238|STUDENT
25103239|123456|25103239|STUDENT
25103240|123456|25103240|STUDENT
25103301|123456|25103301|STUDENT
25103302|123456|25103302|STUDENT
25103303|123456|25103303|STUDENT
25103304|123456|25103304|STUDENT
25103305|123456|25103305|STUDENT
25103306|123456|25103306|STUDENT
25103307|123456|25103307|STUDENT
25103308|123456|25103308|STUDENT
25103309|123456|25103309|STUDENT
25103310|123456|25103310|STUDENT
25103311|123456|25103311|STUDENT
25103312|123456|25103312|STUDENT
25103313|123456|25103313|STUDENT
25103314|123456|25103314|STUDENT
25103315|123456|25103315|STUDENT
25103316|123456|25103316|STUDENT
25103317|123456|25103317|STUDENT
25103318|123456|25103318|STUDENT
25103319|123456|25103319|STUDENT
25103320|123456|25103320|STUDENT
25103321|123456|25103321|STUDENT
25103322|123456|25103322|STUDENT
25103323|123456|25103323|STUDENT
25103324|123456|25103324|STUDENT
25103325|123456|25103325|STUDENT
25103326|123456|25103326|STUDENT
25103327|123456|25103327|STUDENT
25103328|123456|25103328|STUDENT
25103329|123456|25103329|STUDENT
25103330|123456|25103330|STUDENT
25103331|123456|25103331|STUDENT
25103332|123456|25103332|STUDENT
25103333|123456|25103333|STUDENT
25103334|123456|25103334|STUDENT
25103335|123456|25103335|STUDENT
25103336|123456|25103336|STUDENT
25103337|123456|25103337|STUDENT
25103338|123456|25103338|STUDENT
25103339|123456|25103339|STUDENT
25103340|123456|25103340|STUDENT
25103401|123456|25103401|STUDENT
25103402|123456|25103402|STUDENT
25103403|123456|25103403|STUDENT
25103404|123456|25103404|STUDENT
25103405|123456|25103405|STUDENT
25103406|123456|25103406|STUDENT
25103407|123456|25103407|STUDENT
25103408|123456|25103408|STUDENT
25103409|123456|25103409|STUDENT
25103410|123456|25103410|STUDENT
25103411|123456|25103411|STUDENT
25103412|123456|25103412|STUDENT
25103413|123456|25103413|STUDENT
25103414|123456|25103414|STUDENT
25103415|123456|25103415|STUDENT
25103416|123456|25103416|STUDENT
25103417|123456|25103417|STUDENT
25103418|123456|25103418|STUDENT
25103419|123456|25103419|STUDENT
25103420|123456|25103420|STUDENT
25103421|123456|25103421|STUDENT
25103422|123456|25103422|STUDENT
25103423|123456|25103423|STUDENT
25103424|123456|25103424|STUDENT
25103425|123456|25103425|STUDENT
25103426|123456|25103426|STUDENT
25103427|123456|25103427|STUDENT
25103428|123456|25103428|STUDENT
25103429|123456|25103429|STUDENT
25103430|123456|25103430|STUDENT
25103431|123456|25103431|STUDENT
25103432|123456|25103432|STUDENT
25103433|123456|25103433|STUDENT
25103434|123456|25103434|STUDENT
25103435|123456|25103435|STUDENT
25103436|123456|25103436|STUDENT
25103437|123456|25103437|STUDENT
25103438|123456|25103438|STUDENT
25103439|123456|25103439|STUDENT
25103440|123456|25103440|STUDENT
25104101|123456|25104101|STUDENT
25104102|123456|25104102|STUDENT
25104103|123456|25104103|STUDENT
25104104|123456|25104104|STUDENT
25104105|123456|25104105|STUDENT
25104106|123456|25104106|STUDENT
25104107|123456|25104107|STUDENT
25104108|123456|25104108|STUDENT
25104109|123456|25104109|STUDENT
25104110|123456|25104110|STUDENT
25104111|123456|25104111|STUDENT
25104112|123456|25104112|STUDENT
25104113|123456|25104113|STUDENT
25104114|123456|25104114|STUDENT
25104115|123456|25104115|STUDENT
25104116|123456|25104116|STUDENT
25104117|123456|25104117|STUDENT
25104118|123456|25104118|STUDENT
25104119|123456|25104119|STUDENT
25104120|123456|25104120|STUDENT
25104121|123456|25104121|STUDENT
25104122|123456|25104122|STUDENT
25104123|123456|25104123|STUDENT
25104124|123456|25104124|STUDENT
25104125|123456|25104125|STUDENT
25104126|123456|25104126|STUDENT
25104127|123456|25104127|STUDENT
25104128|123456|25104128|STUDENT
25104129|123456|25104129|STUDENT
25104130|123456|25104130|STUDENT
25104131|123456|25104131|STUDENT
25104132|123456|25104132|STUDENT
25104133|123456|25104133|STUDENT
25104134|123456|25104134|STUDENT
25104135|123456|25104135|STUDENT
25104136|123456|25104136|STUDENT
25104137|123456|25104137|STUDENT
25104138|123456|25104138|STUDENT
25104139|123456|25104139|STUDENT
25104140|123456|25104140|STUDENT
25104201|123456|25104201|STUDENT
25104202|123456|25104202|STUDENT
25104203|123456|25104203|STUDENT
25104204|123456|25104204|STUDENT
25104205|123456|25104205|STUDENT
25104206|123456|25104206|STUDENT
25104207|123456|25104207|STUDENT
25104208|123456|25104208|STUDENT
25104209|123456|25104209|STUDENT
25104210|123456|25104210|STUDENT
25104211|123456|25104211|STUDENT
25104212|123456|25104212|STUDENT
25104213|123456|25104213|STUDENT
25104214|123456|25104214|STUDENT
25104215|123456|25104215|STUDENT
25104216|123456|25104216|STUDENT
25104217|123456|25104217|STUDENT
25104218|123456|25104218|STUDENT
25104219|123456|25104219|STUDENT
25104220|123456|25104220|STUDENT
25104221|123456|25104221|STUDENT
25104222|123456|25104222|STUDENT
25104223|123456|25104223|STUDENT
25104224|123456|25104224|STUDENT
25104225|123456|25104225|STUDENT
25104226|123456|25104226|STUDENT
25104227|123456|25104227|STUDENT
25104228|123456|25104228|STUDENT
25104229|123456|25104229|STUDENT
25104230|123456|25104230|STUDENT
25104231|123456|25104231|STUDENT
25104232|123456|25104232|STUDENT
25104233|123456|25104233|STUDENT
25104234|123456|25104234|STUDENT
25104235|123456|25104235|STUDENT
25104236|123456|25104236|STUDENT
25104237|123456|25104237|STUDENT
25104238|123456|25104238|STUDENT
25104239|123456|25104239|STUDENT
25104240|123456|25104240|STUDENT
25104301|123456|25104301|STUDENT
25104302|123456|25104302|STUDENT
25104303|123456|25104303|STUDENT
25104304|123456|25104304|STUDENT
25104305|123456|25104305|STUDENT
25104306|123456|25104306|STUDENT
25104307|123456|25104307|STUDENT
25104308|123456|25104308|STUDENT
25104309|123456|25104309|STUDENT
25104310|123456|25104310|STUDENT
25104311|123456|25104311|STUDENT
25104312|123456|25104312|STUDENT
25104313|123456|25104313|STUDENT
25104314|123456|25104314|STUDENT
25104315|123456|25104315|STUDENT
25104316|123456|25104316|STUDENT
25104317|123456|25104317|STUDENT
25104318|123456|25104318|STUDENT
25104319|123456|25104319|STUDENT
25104320|123456|25104320|STUDENT
25104321|123456|25104321|STUDENT
25104322|123456|25104322|STUDENT
25104323|123456|25104323|STUDENT
25104324|123456|25104324|STUDENT
25104325|123456|25104325|STUDENT
25104326|123456|25104326|STUDENT
25104327|123456|25104327|STUDENT
25104328|123456|25104328|STUDENT
25104329|123456|25104329|STUDENT
25104330|123456|25104330|STUDENT
25104331|123456|25104331|STUDENT
25104332|123456|25104332|STUDENT
25104333|123456|25104333|STUDENT
25104334|123456|25104334|STUDENT
25104335|123456|25104335|STUDENT
25104336|123456|25104336|STUDENT
25104337|123456|25104337|STUDENT
25104338|123456|25104338|STUDENT
25104339|123456|25104339|STUDENT
25104340|123456|25104340|STUDENT
25104401|123456|25104401|STUDENT
25104402|123456|25104402|STUDENT
25104403|123456|25104403|STUDENT
25104404|123456|25104404|STUDENT
25104405|123456|25104405|STUDENT
25104406|123456|25104406|STUDENT
25104407|123456|25104407|STUDENT
25104408|123456|25104408|STUDENT
25104409|123456|25104409|STUDENT
25104410|123456|25104410|STUDENT
25104411|123456|25104411|STUDENT
25104412|123456|25104412|STUDENT
25104413|123456|25104413|STUDENT
25104414|123456|25104414|STUDENT
25104415|123456|25104415|STUDENT
25104416|123456|25104416|STUDENT
25104417|123456|25104417|STUDENT
25104418|123456|25104418|STUDENT
25104419|123456|25104419|STUDENT
25104420|123456|25104420|STUDENT
25104421|123456|25104421|STUDENT
25104422|123456|25104422|STUDENT
25104423|123456|25104423|STUDENT
25104424|123456|25104424|STUDENT
25104425|123456|25104425|STUDENT
25104426|123456|25104426|STUDENT
25104427|123456|25104427|STUDENT
25104428|123456|25104428|STUDENT
25104429|123456|25104429|STUDENT
25104430|123456|25104430|STUDENT
25104431|123456|25104431|STUDENT
25104432|123456|25104432|STUDENT
25104433|123456|25104433|STUDENT
25104434|123456|25104434|STUDENT
25104435|123456|25104435|STUDENT
25104436|123456|25104436|STUDENT
25104437|123456|25104437|STUDENT
25104438|123456|25104438|STUDENT
25104439|123456|25104439|STUDENT
25104440|123456|25104440|STUDENT
24111101|123456|24111101|STUDENT
24111102|123456|24111102|STUDENT
24111103|123456|24111103|STUDENT
24111104|123456|24111104|STUDENT
24111105|123456|24111105|STUDENT
24111106|123456|24111106|STUDENT
24111107|123456|24111107|STUDENT
24111108|123456|24111108|STUDENT
24111109|123456|24111109|STUDENT
24111110|123456|24111110|STUDENT
24111111|123456|24111111|STUDENT
24111112|123456|24111112|STUDENT
24111113|123456|24111113|STUDENT
24111114|123456|24111114|STUDENT
24111115|123456|24111115|STUDENT
24111116|123456|24111116|STUDENT
24111117|123456|24111117|STUDENT
24111118|123456|24111118|STUDENT
24111119|123456|24111119|STUDENT
24111120|123456|24111120|STUDENT
24111121|123456|24111121|STUDENT
24111122|123456|24111122|STUDENT
24111123|123456|24111123|STUDENT
24111124|123456|24111124|STUDENT
24111125|123456|24111125|STUDENT
24111126|123456|24111126|STUDENT
24111127|123456|24111127|STUDENT
24111128|123456|24111128|STUDENT
24111129|123456|24111129|STUDENT
24111130|123456|24111130|STUDENT
24111131|123456|24111131|STUDENT
24111132|123456|24111132|STUDENT
24111133|123456|24111133|STUDENT
24111134|123456|24111134|STUDENT
24111135|123456|24111135|STUDENT
24111136|123456|24111136|STUDENT
24111137|123456|24111137|STUDENT
24111138|123456|24111138|STUDENT
24111139|123456|24111139|STUDENT
24111140|123456|24111140|STUDENT
24111201|123456|24111201|STUDENT
24111202|123456|24111202|STUDENT
24111203|123456|24111203|STUDENT
24111204|123456|24111204|STUDENT
24111205|123456|24111205|STUDENT
24111206|123456|24111206|STUDENT
24111207|123456|24111207|STUDENT
24111208|123456|24111208|STUDENT
24111209|123456|24111209|STUDENT
24111210|123456|24111210|STUDENT
24111211|123456|24111211|STUDENT
24111212|123456|24111212|STUDENT
24111213|123456|24111213|STUDENT
24111214|123456|24111214|STUDENT
24111215|123456|24111215|STUDENT
24111216|123456|24111216|STUDENT
24111217|123456|24111217|STUDENT
24111218|123456|24111218|STUDENT
24111219|123456|24111219|STUDENT
24111220|123456|24111220|STUDENT
24111221|123456|24111221|STUDENT
24111222|123456|24111222|STUDENT
24111223|123456|24111223|STUDENT
24111224|123456|24111224|STUDENT
24111225|123456|24111225|STUDENT
24111226|123456|24111226|STUDENT
24111227|123456|24111227|STUDENT
24111228|123456|24111228|STUDENT
24111229|123456|24111229|STUDENT
24111230|123456|24111230|STUDENT
24111231|123456|24111231|STUDENT
24111232|123456|24111232|STUDENT
24111233|123456|24111233|STUDENT
24111234|123456|24111234|STUDENT
24111235|123456|24111235|STUDENT
24111236|123456|24111236|STUDENT
24111237|123456|24111237|STUDENT
24111238|123456|24111238|STUDENT
24111239|123456|24111239|STUDENT
24111240|123456|24111240|STUDENT
24111301|123456|24111301|STUDENT
24111302|123456|24111302|STUDENT
24111303|123456|24111303|STUDENT
24111304|123456|24111304|STUDENT
24111305|123456|24111305|STUDENT
24111306|123456|24111306|STUDENT
24111307|123456|24111307|STUDENT
24111308|123456|24111308|STUDENT
24111309|123456|24111309|STUDENT
24111310|123456|24111310|STUDENT
24111311|123456|24111311|STUDENT
24111312|123456|24111312|STUDENT
24111313|123456|24111313|STUDENT
24111314|123456|24111314|STUDENT
24111315|123456|24111315|STUDENT
24111316|123456|24111316|STUDENT
24111317|123456|24111317|STUDENT
24111318|123456|24111318|STUDENT
24111319|123456|24111319|STUDENT
24111320|123456|24111320|STUDENT
24111321|123456|24111321|STUDENT
24111322|123456|24111322|STUDENT
24111323|123456|24111323|STUDENT
24111324|123456|24111324|STUDENT
24111325|123456|24111325|STUDENT
24111326|123456|24111326|STUDENT
24111327|123456|24111327|STUDENT
24111328|123456|24111328|STUDENT
24111329|123456|24111329|STUDENT
24111330|123456|24111330|STUDENT
24111331|123456|24111331|STUDENT
24111332|123456|24111332|STUDENT
24111333|123456|24111333|STUDENT
24111334|123456|24111334|STUDENT
24111335|123456|24111335|STUDENT
24111336|123456|24111336|STUDENT
24111337|123456|24111337|STUDENT
24111338|123456|24111338|STUDENT
24111339|123456|24111339|STUDENT
24111340|123456|24111340|STUDENT
24111401|123456|24111401|STUDENT
24111402|123456|24111402|STUDENT
24111403|123456|24111403|STUDENT
24111404|123456|24111404|STUDENT
24111405|123456|24111405|STUDENT
24111406|123456|24111406|STUDENT
24111407|123456|24111407|STUDENT
24111408|123456|24111408|STUDENT
24111409|123456|24111409|STUDENT
24111410|123456|24111410|STUDENT
24111411|123456|24111411|STUDENT
24111412|123456|24111412|STUDENT
24111413|123456|24111413|STUDENT
24111414|123456|24111414|STUDENT
24111415|123456|24111415|STUDENT
24111416|123456|24111416|STUDENT
24111417|123456|24111417|STUDENT
24111418|123456|24111418|STUDENT
24111419|123456|24111419|STUDENT
24111420|123456|24111420|STUDENT
24111421|123456|24111421|STUDENT
24111422|123456|24111422|STUDENT
24111423|123456|24111423|STUDENT
24111424|123456|24111424|STUDENT
24111425|123456|24111425|STUDENT
24111426|123456|24111426|STUDENT
24111427|123456|24111427|STUDENT
24111428|123456|24111428|STUDENT
24111429|123456|24111429|STUDENT
24111430|123456|24111430|STUDENT
24111431|123456|24111431|STUDENT
24111432|123456|24111432|STUDENT
24111433|123456|24111433|STUDENT
24111434|123456|24111434|STUDENT
24111435|123456|24111435|STUDENT
24111436|123456|24111436|STUDENT
24111437|123456|24111437|STUDENT
24111438|123456|24111438|STUDENT
24111439|123456|24111439|STUDENT
24111440|123456|24111440|STUDENT
24112101|123456|24112101|STUDENT
24112102|123456|24112102|STUDENT
24112103|123456|24112103|STUDENT
24112104|123456|24112104|STUDENT
24112105|123456|24112105|STUDENT
24112106|123456|24112106|STUDENT
24112107|123456|24112107|STUDENT
24112108|123456|24112108|STUDENT
24112109|123456|24112109|STUDENT
24112110|123456|24112110|STUDENT
24112111|123456|24112111|STUDENT
24112112|123456|24112112|STUDENT
24112113|123456|24112113|STUDENT
24112114|123456|24112114|STUDENT
24112115|123456|24112115|STUDENT
24112116|123456|24112116|STUDENT
24112117|123456|24112117|STUDENT
24112118|123456|24112118|STUDENT
24112119|123456|24112119|STUDENT
24112120|123456|24112120|STUDENT
24112121|123456|24112121|STUDENT
24112122|123456|24112122|STUDENT
24112123|123456|24112123|STUDENT
24112124|123456|24112124|STUDENT
24112125|123456|24112125|STUDENT
24112126|123456|24112126|STUDENT
24112127|123456|24112127|STUDENT
24112128|123456|24112128|STUDENT
24112129|123456|24112129|STUDENT
24112130|123456|24112130|STUDENT
24112131|123456|24112131|STUDENT
24112132|123456|24112132|STUDENT
24112133|123456|24112133|STUDENT
24112134|123456|24112134|STUDENT
24112135|123456|24112135|STUDENT
24112136|123456|24112136|STUDENT
24112137|123456|24112137|STUDENT
24112138|123456|24112138|STUDENT
24112139|123456|24112139|STUDENT
24112140|123456|24112140|STUDENT
24112201|123456|24112201|STUDENT
24112202|123456|24112202|STUDENT
24112203|123456|24112203|STUDENT
24112204|123456|24112204|STUDENT
24112205|123456|24112205|STUDENT
24112206|123456|24112206|STUDENT
24112207|123456|24112207|STUDENT
24112208|123456|24112208|STUDENT
24112209|123456|24112209|STUDENT
24112210|123456|24112210|STUDENT
24112211|123456|24112211|STUDENT
24112212|123456|24112212|STUDENT
24112213|123456|24112213|STUDENT
24112214|123456|24112214|STUDENT
24112215|123456|24112215|STUDENT
24112216|123456|24112216|STUDENT
24112217|123456|24112217|STUDENT
24112218|123456|24112218|STUDENT
24112219|123456|24112219|STUDENT
24112220|123456|24112220|STUDENT
24112221|123456|24112221|STUDENT
24112222|123456|24112222|STUDENT
24112223|123456|24112223|STUDENT
24112224|123456|24112224|STUDENT
24112225|123456|24112225|STUDENT
24112226|123456|24112226|STUDENT
24112227|123456|24112227|STUDENT
24112228|123456|24112228|STUDENT
24112229|123456|24112229|STUDENT
24112230|123456|24112230|STUDENT
24112231|123456|24112231|STUDENT
24112232|123456|24112232|STUDENT
24112233|123456|24112233|STUDENT
24112234|123456|24112234|STUDENT
24112235|123456|24112235|STUDENT
24112236|123456|24112236|STUDENT
24112237|123456|24112237|STUDENT
24112238|123456|24112238|STUDENT
24112239|123456|24112239|STUDENT
24112240|123456|24112240|STUDENT
24112301|123456|24112301|STUDENT
24112302|123456|24112302|STUDENT
24112303|123456|24112303|STUDENT
24112304|123456|24112304|STUDENT
24112305|123456|24112305|STUDENT
24112306|123456|24112306|STUDENT
24112307|123456|24112307|STUDENT
24112308|123456|24112308|STUDENT
24112309|123456|24112309|STUDENT
24112310|123456|24112310|STUDENT
24112311|123456|24112311|STUDENT
24112312|123456|24112312|STUDENT
24112313|123456|24112313|STUDENT
24112314|123456|24112314|STUDENT
24112315|123456|24112315|STUDENT
24112316|123456|24112316|STUDENT
24112317|123456|24112317|STUDENT
24112318|123456|24112318|STUDENT
24112319|123456|24112319|STUDENT
24112320|123456|24112320|STUDENT
24112321|123456|24112321|STUDENT
24112322|123456|24112322|STUDENT
24112323|123456|24112323|STUDENT
24112324|123456|24112324|STUDENT
24112325|123456|24112325|STUDENT
24112326|123456|24112326|STUDENT
24112327|123456|24112327|STUDENT
24112328|123456|24112328|STUDENT
24112329|123456|24112329|STUDENT
24112330|123456|24112330|STUDENT
24112331|123456|24112331|STUDENT
24112332|123456|24112332|STUDENT
24112333|123456|24112333|STUDENT
24112334|123456|24112334|STUDENT
24112335|123456|24112335|STUDENT
24112336|123456|24112336|STUDENT
24112337|123456|24112337|STUDENT
24112338|123456|24112338|STUDENT
24112339|123456|24112339|STUDENT
24112340|123456|24112340|STUDENT
24112401|123456|24112401|STUDENT
24112402|123456|24112402|STUDENT
24112403|123456|24112403|STUDENT
24112404|123456|24112404|STUDENT
24112405|123456|24112405|STUDENT
24112406|123456|24112406|STUDENT
24112407|123456|24112407|STUDENT
24112408|123456|24112408|STUDENT
24112409|123456|24112409|STUDENT
24112410|123456|24112410|STUDENT
24112411|123456|24112411|STUDENT
24112412|123456|24112412|STUDENT
24112413|123456|24112413|STUDENT
24112414|123456|24112414|STUDENT
24112415|123456|24112415|STUDENT
24112416|123456|24112416|STUDENT
24112417|123456|24112417|STUDENT
24112418|123456|24112418|STUDENT
24112419|123456|24112419|STUDENT
24112420|123456|24112420|STUDENT
24112421|123456|24112421|STUDENT
24112422|123456|24112422|STUDENT
24112423|123456|24112423|STUDENT
24112424|123456|24112424|STUDENT
24112425|123456|24112425|STUDENT
24112426|123456|24112426|STUDENT
24112427|123456|24112427|STUDENT
24112428|123456|24112428|STUDENT
24112429|123456|24112429|STUDENT
24112430|123456|24112430|STUDENT
24112431|123456|24112431|STUDENT
24112432|123456|24112432|STUDENT
24112433|123456|24112433|STUDENT
24112434|123456|24112434|STUDENT
24112435|123456|24112435|STUDENT
24112436|123456|24112436|STUDENT
24112437|123456|24112437|STUDENT
24112438|123456|24112438|STUDENT
24112439|123456|24112439|STUDENT
24112440|123456|24112440|STUDENT
24113101|123456|24113101|STUDENT
24113102|123456|24113102|STUDENT
24113103|123456|24113103|STUDENT
24113104|123456|24113104|STUDENT
24113105|123456|24113105|STUDENT
24113106|123456|24113106|STUDENT
24113107|123456|24113107|STUDENT
24113108|123456|24113108|STUDENT
24113109|123456|24113109|STUDENT
24113110|123456|24113110|STUDENT
24113111|123456|24113111|STUDENT
24113112|123456|24113112|STUDENT
24113113|123456|24113113|STUDENT
24113114|123456|24113114|STUDENT
24113115|123456|24113115|STUDENT
24113116|123456|24113116|STUDENT
24113117|123456|24113117|STUDENT
24113118|123456|24113118|STUDENT
24113119|123456|24113119|STUDENT
24113120|123456|24113120|STUDENT
24113121|123456|24113121|STUDENT
24113122|123456|24113122|STUDENT
24113123|123456|24113123|STUDENT
24113124|123456|24113124|STUDENT
24113125|123456|24113125|STUDENT
24113126|123456|24113126|STUDENT
24113127|123456|24113127|STUDENT
24113128|123456|24113128|STUDENT
24113129|123456|24113129|STUDENT
24113130|123456|24113130|STUDENT
24113131|123456|24113131|STUDENT
24113132|123456|24113132|STUDENT
24113133|123456|24113133|STUDENT
24113134|123456|24113134|STUDENT
24113135|123456|24113135|STUDENT
24113136|123456|24113136|STUDENT
24113137|123456|24113137|STUDENT
24113138|123456|24113138|STUDENT
24113139|123456|24113139|STUDENT
24113140|123456|24113140|STUDENT
24113201|123456|24113201|STUDENT
24113202|123456|24113202|STUDENT
24113203|123456|24113203|STUDENT
24113204|123456|24113204|STUDENT
24113205|123456|24113205|STUDENT
24113206|123456|24113206|STUDENT
24113207|123456|24113207|STUDENT
24113208|123456|24113208|STUDENT
24113209|123456|24113209|STUDENT
24113210|123456|24113210|STUDENT
24113211|123456|24113211|STUDENT
24113212|123456|24113212|STUDENT
24113213|123456|24113213|STUDENT
24113214|123456|24113214|STUDENT
24113215|123456|24113215|STUDENT
24113216|123456|24113216|STUDENT
24113217|123456|24113217|STUDENT
24113218|123456|24113218|STUDENT
24113219|123456|24113219|STUDENT
24113220|123456|24113220|STUDENT
24113221|123456|24113221|STUDENT
24113222|123456|24113222|STUDENT
24113223|123456|24113223|STUDENT
24113224|123456|24113224|STUDENT
24113225|123456|24113225|STUDENT
24113226|123456|24113226|STUDENT
24113227|123456|24113227|STUDENT
24113228|123456|24113228|STUDENT
24113229|123456|24113229|STUDENT
24113230|123456|24113230|STUDENT
24113231|123456|24113231|STUDENT
24113232|123456|24113232|STUDENT
24113233|123456|24113233|STUDENT
24113234|123456|24113234|STUDENT
24113235|123456|24113235|STUDENT
24113236|123456|24113236|STUDENT
24113237|123456|24113237|STUDENT
24113238|123456|24113238|STUDENT
24113239|123456|24113239|STUDENT
24113240|123456|24113240|STUDENT
24113301|123456|24113301|STUDENT
24113302|123456|24113302|STUDENT
24113303|123456|24113303|STUDENT
24113304|123456|24113304|STUDENT
24113305|123456|24113305|STUDENT
24113306|123456|24113306|STUDENT
24113307|123456|24113307|STUDENT
24113308|123456|24113308|STUDENT
24113309|123456|24113309|STUDENT
24113310|123456|24113310|STUDENT
24113311|123456|24113311|STUDENT
24113312|123456|24113312|STUDENT
24113313|123456|24113313|STUDENT
24113314|123456|24113314|STUDENT
24113315|123456|24113315|STUDENT
24113316|123456|24113316|STUDENT
24113317|123456|24113317|STUDENT
24113318|123456|24113318|STUDENT
24113319|123456|24113319|STUDENT
24113320|123456|24113320|STUDENT
24113321|123456|24113321|STUDENT
24113322|123456|24113322|STUDENT
24113323|123456|24113323|STUDENT
24113324|123456|24113324|STUDENT
24113325|123456|24113325|STUDENT
24113326|123456|24113326|STUDENT
24113327|123456|24113327|STUDENT
24113328|123456|24113328|STUDENT
24113329|123456|24113329|STUDENT
24113330|123456|24113330|STUDENT
24113331|123456|24113331|STUDENT
24113332|123456|24113332|STUDENT
24113333|123456|24113333|STUDENT
24113334|123456|24113334|STUDENT
24113335|123456|24113335|STUDENT
24113336|123456|24113336|STUDENT
24113337|123456|24113337|STUDENT
24113338|123456|24113338|STUDENT
24113339|123456|24113339|STUDENT
24113340|123456|24113340|STUDENT
24113401|123456|24113401|STUDENT
24113402|123456|24113402|STUDENT
24113403|123456|24113403|STUDENT
24113404|123456|24113404|STUDENT
24113405|123456|24113405|STUDENT
24113406|123456|24113406|STUDENT
24113407|123456|24113407|STUDENT
24113408|123456|24113408|STUDENT
24113409|123456|24113409|STUDENT
24113410|123456|24113410|STUDENT
24113411|123456|24113411|STUDENT
24113412|123456|24113412|STUDENT
24113413|123456|24113413|STUDENT
24113414|123456|24113414|STUDENT
24113415|123456|24113415|STUDENT
24113416|123456|24113416|STUDENT
24113417|123456|24113417|STUDENT
24113418|123456|24113418|STUDENT
24113419|123456|24113419|STUDENT
24113420|123456|24113420|STUDENT
24113421|123456|24113421|STUDENT
24113422|123456|24113422|STUDENT
24113423|123456|24113423|STUDENT
24113424|123456|24113424|STUDENT
24113425|123456|24113425|STUDENT
24113426|123456|24113426|STUDENT
24113427|123456|24113427|STUDENT
24113428|123456|24113428|STUDENT
24113429|123456|24113429|STUDENT
24113430|123456|24113430|STUDENT
24113431|123456|24113431|STUDENT
24113432|123456|24113432|STUDENT
24113433|123456|24113433|STUDENT
24113434|123456|24113434|STUDENT
24113435|123456|24113435|STUDENT
24113436|123456|24113436|STUDENT
24113437|123456|24113437|STUDENT
24113438|123456|24113438|STUDENT
24113439|123456|24113439|STUDENT
24113440|123456|24113440|STUDENT
24114101|123456|24114101|STUDENT
24114102|123456|24114102|STUDENT
24114103|123456|24114103|STUDENT
24114104|123456|24114104|STUDENT
24114105|123456|24114105|STUDENT
24114106|123456|24114106|STUDENT
24114107|123456|24114107|STUDENT
24114108|123456|24114108|STUDENT
24114109|123456|24114109|STUDENT
24114110|123456|24114110|STUDENT
24114111|123456|24114111|STUDENT
24114112|123456|24114112|STUDENT
24114113|123456|24114113|STUDENT
24114114|123456|24114114|STUDENT
24114115|123456|24114115|STUDENT
24114116|123456|24114116|STUDENT
24114117|123456|24114117|STUDENT
24114118|123456|24114118|STUDENT
24114119|123456|24114119|STUDENT
24114120|123456|24114120|STUDENT
24114121|123456|24114121|STUDENT
24114122|123456|24114122|STUDENT
24114123|123456|24114123|STUDENT
24114124|123456|24114124|STUDENT
24114125|123456|24114125|STUDENT
24114126|123456|24114126|STUDENT
24114127|123456|24114127|STUDENT
24114128|123456|24114128|STUDENT
24114129|123456|24114129|STUDENT
24114130|123456|24114130|STUDENT
24114131|123456|24114131|STUDENT
24114132|123456|24114132|STUDENT
24114133|123456|24114133|STUDENT
24114134|123456|24114134|STUDENT
24114135|123456|24114135|STUDENT
24114136|123456|24114136|STUDENT
24114137|123456|24114137|STUDENT
24114138|123456|24114138|STUDENT
24114139|123456|24114139|STUDENT
24114140|123456|24114140|STUDENT
24114201|123456|24114201|STUDENT
24114202|123456|24114202|STUDENT
24114203|123456|24114203|STUDENT
24114204|123456|24114204|STUDENT
24114205|123456|24114205|STUDENT
24114206|123456|24114206|STUDENT
24114207|123456|24114207|STUDENT
24114208|123456|24114208|STUDENT
24114209|123456|24114209|STUDENT
24114210|123456|24114210|STUDENT
24114211|123456|24114211|STUDENT
24114212|123456|24114212|STUDENT
24114213|123456|24114213|STUDENT
24114214|123456|24114214|STUDENT
24114215|123456|24114215|STUDENT
24114216|123456|24114216|STUDENT
24114217|123456|24114217|STUDENT
24114218|123456|24114218|STUDENT
24114219|123456|24114219|STUDENT
24114220|123456|24114220|STUDENT
24114221|123456|24114221|STUDENT
24114222|123456|24114222|STUDENT
24114223|123456|24114223|STUDENT
24114224|123456|24114224|STUDENT
24114225|123456|24114225|STUDENT
24114226|123456|24114226|STUDENT
24114227|123456|24114227|STUDENT
24114228|123456|24114228|STUDENT
24114229|123456|24114229|STUDENT
24114230|123456|24114230|STUDENT
24114231|123456|24114231|STUDENT
24114232|123456|24114232|STUDENT
24114233|123456|24114233|STUDENT
24114234|123456|24114234|STUDENT
24114235|123456|24114235|STUDENT
24114236|123456|24114236|STUDENT
24114237|123456|24114237|STUDENT
24114238|123456|24114238|STUDENT
24114239|123456|24114239|STUDENT
24114240|123456|24114240|STUDENT
24114301|123456|24114301|STUDENT
24114302|123456|24114302|STUDENT
24114303|123456|24114303|STUDENT
24114304|123456|24114304|STUDENT
24114305|123456|24114305|STUDENT
24114306|123456|24114306|STUDENT
24114307|123456|24114307|STUDENT
24114308|123456|24114308|STUDENT
24114309|123456|24114309|STUDENT
24114310|123456|24114310|STUDENT
24114311|123456|24114311|STUDENT
24114312|123456|24114312|STUDENT
24114313|123456|24114313|STUDENT
24114314|123456|24114314|STUDENT
24114315|123456|24114315|STUDENT
24114316|123456|24114316|STUDENT
24114317|123456|24114317|STUDENT
24114318|123456|24114318|STUDENT
24114319|123456|24114319|STUDENT
24114320|123456|24114320|STUDENT
24114321|123456|24114321|STUDENT
24114322|123456|24114322|STUDENT
24114323|123456|24114323|STUDENT
24114324|123456|24114324|STUDENT
24114325|123456|24114325|STUDENT
24114326|123456|24114326|STUDENT
24114327|123456|24114327|STUDENT
24114328|123456|24114328|STUDENT
24114329|123456|24114329|STUDENT
24114330|123456|24114330|STUDENT
24114331|123456|24114331|STUDENT
24114332|123456|24114332|STUDENT
24114333|123456|24114333|STUDENT
24114334|123456|24114334|STUDENT
24114335|123456|24114335|STUDENT
24114336|123456|24114336|STUDENT
24114337|123456|24114337|STUDENT
24114338|123456|24114338|STUDENT
24114339|123456|24114339|STUDENT
24114340|123456|24114340|STUDENT
24114401|123456|24114401|STUDENT
24114402|123456|24114402|STUDENT
24114403|123456|24114403|STUDENT
24114404|123456|24114404|STUDENT
24114405|123456|24114405|STUDENT
24114406|123456|24114406|STUDENT
24114407|123456|24114407|STUDENT
24114408|123456|24114408|STUDENT
24114409|123456|24114409|STUDENT
24114410|123456|24114410|STUDENT
24114411|123456|24114411|STUDENT
24114412|123456|24114412|STUDENT
24114413|123456|24114413|STUDENT
24114414|123456|24114414|STUDENT
24114415|123456|24114415|STUDENT
24114416|123456|24114416|STUDENT
24114417|123456|24114417|STUDENT
24114418|123456|24114418|STUDENT
24114419|123456|24114419|STUDENT
24114420|123456|24114420|STUDENT
24114421|123456|24114421|STUDENT
24114422|123456|24114422|STUDENT
24114423|123456|24114423|STUDENT
24114424|123456|24114424|STUDENT
24114425|123456|24114425|STUDENT
24114426|123456|24114426|STUDENT
24114427|123456|24114427|STUDENT
24114428|123456|24114428|STUDENT
24114429|123456|24114429|STUDENT
24114430|123456|24114430|STUDENT
24114431|123456|24114431|STUDENT
24114432|123456|24114432|STUDENT
24114433|123456|24114433|STUDENT
24114434|123456|24114434|STUDENT
24114435|123456|24114435|STUDENT
24114436|123456|24114436|STUDENT
24114437|123456|24114437|STUDENT
24114438|123456|24114438|STUDENT
24114439|123456|24114439|STUDENT
24114440|123456|24114440|STUDENT
25111101|123456|25111101|STUDENT
25111102|123456|25111102|STUDENT
25111103|123456|25111103|STUDENT
25111104|123456|25111104|STUDENT
25111105|123456|25111105|STUDENT
25111106|123456|25111106|STUDENT
25111107|123456|25111107|STUDENT
25111108|123456|25111108|STUDENT
25111109|123456|25111109|STUDENT
25111110|123456|25111110|STUDENT
25111111|123456|25111111|STUDENT
25111112|123456|25111112|STUDENT
25111113|123456|25111113|STUDENT
25111114|123456|25111114|STUDENT
25111115|123456|25111115|STUDENT
25111116|123456|25111116|STUDENT
25111117|123456|25111117|STUDENT
25111118|123456|25111118|STUDENT
25111119|123456|25111119|STUDENT
25111120|123456|25111120|STUDENT
25111121|123456|25111121|STUDENT
25111122|123456|25111122|STUDENT
25111123|123456|25111123|STUDENT
25111124|123456|25111124|STUDENT
25111125|123456|25111125|STUDENT
25111126|123456|25111126|STUDENT
25111127|123456|25111127|STUDENT
25111128|123456|25111128|STUDENT
25111129|123456|25111129|STUDENT
25111130|123456|25111130|STUDENT
25111131|123456|25111131|STUDENT
25111132|123456|25111132|STUDENT
25111133|123456|25111133|STUDENT
25111134|123456|25111134|STUDENT
25111135|123456|25111135|STUDENT
25111136|123456|25111136|STUDENT
25111137|123456|25111137|STUDENT
25111138|123456|25111138|STUDENT
25111139|123456|25111139|STUDENT
25111140|123456|25111140|STUDENT
25111201|123456|25111201|STUDENT
25111202|123456|25111202|STUDENT
25111203|123456|25111203|STUDENT
25111204|123456|25111204|STUDENT
25111205|123456|25111205|STUDENT
25111206|123456|25111206|STUDENT
25111207|123456|25111207|STUDENT
25111208|123456|25111208|STUDENT
25111209|123456|25111209|STUDENT
25111210|123456|25111210|STUDENT
25111211|123456|25111211|STUDENT
25111212|123456|25111212|STUDENT
25111213|123456|25111213|STUDENT
25111214|123456|25111214|STUDENT
25111215|123456|25111215|STUDENT
25111216|123456|25111216|STUDENT
25111217|123456|25111217|STUDENT
25111218|123456|25111218|STUDENT
25111219|123456|25111219|STUDENT
25111220|123456|25111220|STUDENT
25111221|123456|25111221|STUDENT
25111222|123456|25111222|STUDENT
25111223|123456|25111223|STUDENT
25111224|123456|25111224|STUDENT
25111225|123456|25111225|STUDENT
25111226|123456|25111226|STUDENT
25111227|123456|25111227|STUDENT
25111228|123456|25111228|STUDENT
25111229|123456|25111229|STUDENT
25111230|123456|25111230|STUDENT
25111231|123456|25111231|STUDENT
25111232|123456|25111232|STUDENT
25111233|123456|25111233|STUDENT
25111234|123456|25111234|STUDENT
25111235|123456|25111235|STUDENT
25111236|123456|25111236|STUDENT
25111237|123456|25111237|STUDENT
25111238|123456|25111238|STUDENT
25111239|123456|25111239|STUDENT
25111240|123456|25111240|STUDENT
25111301|123456|25111301|STUDENT
25111302|123456|25111302|STUDENT
25111303|123456|25111303|STUDENT
25111304|123456|25111304|STUDENT
25111305|123456|25111305|STUDENT
25111306|123456|25111306|STUDENT
25111307|123456|25111307|STUDENT
25111308|123456|25111308|STUDENT
25111309|123456|25111309|STUDENT
25111310|123456|25111310|STUDENT
25111311|123456|25111311|STUDENT
25111312|123456|25111312|STUDENT
25111313|123456|25111313|STUDENT
25111314|123456|25111314|STUDENT
25111315|123456|25111315|STUDENT
25111316|123456|25111316|STUDENT
25111317|123456|25111317|STUDENT
25111318|123456|25111318|STUDENT
25111319|123456|25111319|STUDENT
25111320|123456|25111320|STUDENT
25111321|123456|25111321|STUDENT
25111322|123456|25111322|STUDENT
25111323|123456|25111323|STUDENT
25111324|123456|25111324|STUDENT
25111325|123456|25111325|STUDENT
25111326|123456|25111326|STUDENT
25111327|123456|25111327|STUDENT
25111328|123456|25111328|STUDENT
25111329|123456|25111329|STUDENT
25111330|123456|25111330|STUDENT
25111331|123456|25111331|STUDENT
25111332|123456|25111332|STUDENT
25111333|123456|25111333|STUDENT
25111334|123456|25111334|STUDENT
25111335|123456|25111335|STUDENT
25111336|123456|25111336|STUDENT
25111337|123456|25111337|STUDENT
25111338|123456|25111338|STUDENT
25111339|123456|25111339|STUDENT
25111340|123456|25111340|STUDENT
25111401|123456|25111401|STUDENT
25111402|123456|25111402|STUDENT
25111403|123456|25111403|STUDENT
25111404|123456|25111404|STUDENT
25111405|123456|25111405|STUDENT
25111406|123456|25111406|STUDENT
25111407|123456|25111407|STUDENT
25111408|123456|25111408|STUDENT
25111409|123456|25111409|STUDENT
25111410|123456|25111410|STUDENT
25111411|123456|25111411|STUDENT
25111412|123456|25111412|STUDENT
25111413|123456|25111413|STUDENT
25111414|123456|25111414|STUDENT
25111415|123456|25111415|STUDENT
25111416|123456|25111416|STUDENT
25111417|123456|25111417|STUDENT
25111418|123456|25111418|STUDENT
25111419|123456|25111419|STUDENT
25111420|123456|25111420|STUDENT
25111421|123456|25111421|STUDENT
25111422|123456|25111422|STUDENT
25111423|123456|25111423|STUDENT
25111424|123456|25111424|STUDENT
25111425|123456|25111425|STUDENT
25111426|123456|25111426|STUDENT
25111427|123456|25111427|STUDENT
25111428|123456|25111428|STUDENT
25111429|123456|25111429|STUDENT
25111430|123456|25111430|STUDENT
25111431|123456|25111431|STUDENT
25111432|123456|25111432|STUDENT
25111433|123456|25111433|STUDENT
25111434|123456|25111434|STUDENT
25111435|123456|25111435|STUDENT
25111436|123456|25111436|STUDENT
25111437|123456|25111437|STUDENT
25111438|123456|25111438|STUDENT
25111439|123456|25111439|STUDENT
25111440|123456|25111440|STUDENT
25112101|123456|25112101|STUDENT
25112102|123456|25112102|STUDENT
25112103|123456|25112103|STUDENT
25112104|123456|25112104|STUDENT
25112105|123456|25112105|STUDENT
25112106|123456|25112106|STUDENT
25112107|123456|25112107|STUDENT
25112108|123456|25112108|STUDENT
25112109|123456|25112109|STUDENT
25112110|123456|25112110|STUDENT
25112111|123456|25112111|STUDENT
25112112|123456|25112112|STUDENT
25112113|123456|25112113|STUDENT
25112114|123456|25112114|STUDENT
25112115|123456|25112115|STUDENT
25112116|123456|25112116|STUDENT
25112117|123456|25112117|STUDENT
25112118|123456|25112118|STUDENT
25112119|123456|25112119|STUDENT
25112120|123456|25112120|STUDENT
25112121|123456|25112121|STUDENT
25112122|123456|25112122|STUDENT
25112123|123456|25112123|STUDENT
25112124|123456|25112124|STUDENT
25112125|123456|25112125|STUDENT
25112126|123456|25112126|STUDENT
25112127|123456|25112127|STUDENT
25112128|123456|25112128|STUDENT
25112129|123456|25112129|STUDENT
25112130|123456|25112130|STUDENT
25112131|123456|25112131|STUDENT
25112132|123456|25112132|STUDENT
25112133|123456|25112133|STUDENT
25112134|123456|25112134|STUDENT
25112135|123456|25112135|STUDENT
25112136|123456|25112136|STUDENT
25112137|123456|25112137|STUDENT
25112138|123456|25112138|STUDENT
25112139|123456|25112139|STUDENT
25112140|123456|25112140|STUDENT
25112201|123456|25112201|STUDENT
25112202|123456|25112202|STUDENT
25112203|123456|25112203|STUDENT
25112204|123456|25112204|STUDENT
25112205|123456|25112205|STUDENT
25112206|123456|25112206|STUDENT
25112207|123456|25112207|STUDENT
25112208|123456|25112208|STUDENT
25112209|123456|25112209|STUDENT
25112210|123456|25112210|STUDENT
25112211|123456|25112211|STUDENT
25112212|123456|25112212|STUDENT
25112213|123456|25112213|STUDENT
25112214|123456|25112214|STUDENT
25112215|123456|25112215|STUDENT
25112216|123456|25112216|STUDENT
25112217|123456|25112217|STUDENT
25112218|123456|25112218|STUDENT
25112219|123456|25112219|STUDENT
25112220|123456|25112220|STUDENT
25112221|123456|25112221|STUDENT
25112222|123456|25112222|STUDENT
25112223|123456|25112223|STUDENT
25112224|123456|25112224|STUDENT
25112225|123456|25112225|STUDENT
25112226|123456|25112226|STUDENT
25112227|123456|25112227|STUDENT
25112228|123456|25112228|STUDENT
25112229|123456|25112229|STUDENT
25112230|123456|25112230|STUDENT
25112231|123456|25112231|STUDENT
25112232|123456|25112232|STUDENT
25112233|123456|25112233|STUDENT
25112234|123456|25112234|STUDENT
25112235|123456|25112235|STUDENT
25112236|123456|25112236|STUDENT
25112237|123456|25112237|STUDENT
25112238|123456|25112238|STUDENT
25112239|123456|25112239|STUDENT
25112240|123456|25112240|STUDENT
25112301|123456|25112301|STUDENT
25112302|123456|25112302|STUDENT
25112303|123456|25112303|STUDENT
25112304|123456|25112304|STUDENT
25112305|123456|25112305|STUDENT
25112306|123456|25112306|STUDENT
25112307|123456|25112307|STUDENT
25112308|123456|25112308|STUDENT
25112309|123456|25112309|STUDENT
25112310|123456|25112310|STUDENT
25112311|123456|25112311|STUDENT
25112312|123456|25112312|STUDENT
25112313|123456|25112313|STUDENT
25112314|123456|25112314|STUDENT
25112315|123456|25112315|STUDENT
25112316|123456|25112316|STUDENT
25112317|123456|25112317|STUDENT
25112318|123456|25112318|STUDENT
25112319|123456|25112319|STUDENT
25112320|123456|25112320|STUDENT
25112321|123456|25112321|STUDENT
25112322|123456|25112322|STUDENT
25112323|123456|25112323|STUDENT
25112324|123456|25112324|STUDENT
25112325|123456|25112325|STUDENT
25112326|123456|25112326|STUDENT
25112327|123456|25112327|STUDENT
25112328|123456|25112328|STUDENT
25112329|123456|25112329|STUDENT
25112330|123456|25112330|STUDENT
25112331|123456|25112331|STUDENT
25112332|123456|25112332|STUDENT
25112333|123456|25112333|STUDENT
25112334|123456|25112334|STUDENT
25112335|123456|25112335|STUDENT
25112336|123456|25112336|STUDENT
25112337|123456|25112337|STUDENT
25112338|123456|25112338|STUDENT
25112339|123456|25112339|STUDENT
25112340|123456|25112340|STUDENT
25112401|123456|25112401|STUDENT
25112402|123456|25112402|STUDENT
25112403|123456|25112403|STUDENT
25112404|123456|25112404|STUDENT
25112405|123456|25112405|STUDENT
25112406|123456|25112406|STUDENT
25112407|123456|25112407|STUDENT
25112408|123456|25112408|STUDENT
25112409|123456|25112409|STUDENT
25112410|123456|25112410|STUDENT
25112411|123456|25112411|STUDENT
25112412|123456|25112412|STUDENT
25112413|123456|25112413|STUDENT
25112414|123456|25112414|STUDENT
25112415|123456|25112415|STUDENT
25112416|123456|25112416|STUDENT
25112417|123456|25112417|STUDENT
25112418|123456|25112418|STUDENT
25112419|123456|25112419|STUDENT
25112420|123456|25112420|STUDENT
25112421|123456|25112421|STUDENT
25112422|123456|25112422|STUDENT
25112423|123456|25112423|STUDENT
25112424|123456|25112424|STUDENT
25112425|123456|25112425|STUDENT
25112426|123456|25112426|STUDENT
25112427|123456|25112427|STUDENT
25112428|123456|25112428|STUDENT
25112429|123456|25112429|STUDENT
25112430|123456|25112430|STUDENT
25112431|123456|25112431|STUDENT
25112432|123456|25112432|STUDENT
25112433|123456|25112433|STUDENT
25112434|123456|25112434|STUDENT
25112435|123456|25112435|STUDENT
25112436|123456|25112436|STUDENT
25112437|123456|25112437|STUDENT
25112438|123456|25112438|STUDENT
25112439|123456|25112439|STUDENT
25112440|123456|25112440|STUDENT
25113101|123456|25113101|STUDENT
25113102|123456|25113102|STUDENT
25113103|123456|25113103|STUDENT
25113104|123456|25113104|STUDENT
25113105|123456|25113105|STUDENT
25113106|123456|25113106|STUDENT
25113107|123456|25113107|STUDENT
25113108|123456|25113108|STUDENT
25113109|123456|25113109|STUDENT
25113110|123456|25113110|STUDENT
25113111|123456|25113111|STUDENT
25113112|123456|25113112|STUDENT
25113113|123456|25113113|STUDENT
25113114|123456|25113114|STUDENT
25113115|123456|25113115|STUDENT
25113116|123456|25113116|STUDENT
25113117|123456|25113117|STUDENT
25113118|123456|25113118|STUDENT
25113119|123456|25113119|STUDENT
25113120|123456|25113120|STUDENT
25113121|123456|25113121|STUDENT
25113122|123456|25113122|STUDENT
25113123|123456|25113123|STUDENT
25113124|123456|25113124|STUDENT
25113125|123456|25113125|STUDENT
25113126|123456|25113126|STUDENT
25113127|123456|25113127|STUDENT
25113128|123456|25113128|STUDENT
25113129|123456|25113129|STUDENT
25113130|123456|25113130|STUDENT
25113131|123456|25113131|STUDENT
25113132|123456|25113132|STUDENT
25113133|123456|25113133|STUDENT
25113134|123456|25113134|STUDENT
25113135|123456|25113135|STUDENT
25113136|123456|25113136|STUDENT
25113137|123456|25113137|STUDENT
25113138|123456|25113138|STUDENT
25113139|123456|25113139|STUDENT
25113140|123456|25113140|STUDENT
25113201|123456|25113201|STUDENT
25113202|123456|25113202|STUDENT
25113203|123456|25113203|STUDENT
25113204|123456|25113204|STUDENT
25113205|123456|25113205|STUDENT
25113206|123456|25113206|STUDENT
25113207|123456|25113207|STUDENT
25113208|123456|25113208|STUDENT
25113209|123456|25113209|STUDENT
25113210|123456|25113210|STUDENT
25113211|123456|25113211|STUDENT
25113212|123456|25113212|STUDENT
25113213|123456|25113213|STUDENT
25113214|123456|25113214|STUDENT
25113215|123456|25113215|STUDENT
25113216|123456|25113216|STUDENT
25113217|123456|25113217|STUDENT
25113218|123456|25113218|STUDENT
25113219|123456|25113219|STUDENT
25113220|123456|25113220|STUDENT
25113221|123456|25113221|STUDENT
25113222|123456|25113222|STUDENT
25113223|123456|25113223|STUDENT
25113224|123456|25113224|STUDENT
25113225|123456|25113225|STUDENT
25113226|123456|25113226|STUDENT
25113227|123456|25113227|STUDENT
25113228|123456|25113228|STUDENT
25113229|123456|25113229|STUDENT
25113230|123456|25113230|STUDENT
25113231|123456|25113231|STUDENT
25113232|123456|25113232|STUDENT
25113233|123456|25113233|STUDENT
25113234|123456|25113234|STUDENT
25113235|123456|25113235|STUDENT
25113236|123456|25113236|STUDENT
25113237|123456|25113237|STUDENT
25113238|123456|25113238|STUDENT
25113239|123456|25113239|STUDENT
25113240|123456|25113240|STUDENT
25113301|123456|25113301|STUDENT
25113302|123456|25113302|STUDENT
25113303|123456|25113303|STUDENT
25113304|123456|25113304|STUDENT
25113305|123456|25113305|STUDENT
25113306|123456|25113306|STUDENT
25113307|123456|25113307|STUDENT
25113308|123456|25113308|STUDENT
25113309|123456|25113309|STUDENT
25113310|123456|25113310|STUDENT
25113311|123456|25113311|STUDENT
25113312|123456|25113312|STUDENT
25113313|123456|25113313|STUDENT
25113314|123456|25113314|STUDENT
25113315|123456|25113315|STUDENT
25113316|123456|25113316|STUDENT
25113317|123456|25113317|STUDENT
25113318|123456|25113318|STUDENT
25113319|123456|25113319|STUDENT
25113320|123456|25113320|STUDENT
25113321|123456|25113321|STUDENT
25113322|123456|25113322|STUDENT
25113323|123456|25113323|STUDENT
25113324|123456|25113324|STUDENT
25113325|123456|25113325|STUDENT
25113326|123456|25113326|STUDENT
25113327|123456|25113327|STUDENT
25113328|123456|25113328|STUDENT
25113329|123456|25113329|STUDENT
25113330|123456|25113330|STUDENT
25113331|123456|25113331|STUDENT
25113332|123456|25113332|STUDENT
25113333|123456|25113333|STUDENT
25113334|123456|25113334|STUDENT
25113335|123456|25113335|STUDENT
25113336|123456|25113336|STUDENT
25113337|123456|25113337|STUDENT
25113338|123456|25113338|STUDENT
25113339|123456|25113339|STUDENT
25113340|123456|25113340|STUDENT
25113401|123456|25113401|STUDENT
25113402|123456|25113402|STUDENT
25113403|123456|25113403|STUDENT
25113404|123456|25113404|STUDENT
25113405|123456|25113405|STUDENT
25113406|123456|25113406|STUDENT
25113407|123456|25113407|STUDENT
25113408|123456|25113408|STUDENT
25113409|123456|25113409|STUDENT
25113410|123456|25113410|STUDENT
25113411|123456|25113411|STUDENT
25113412|123456|25113412|STUDENT
25113413|123456|25113413|STUDENT
25113414|123456|25113414|STUDENT
25113415|123456|25113415|STUDENT
25113416|123456|25113416|STUDENT
25113417|123456|25113417|STUDENT
25113418|123456|25113418|STUDENT
25113419|123456|25113419|STUDENT
25113420|123456|25113420|STUDENT
25113421|123456|25113421|STUDENT
25113422|123456|25113422|STUDENT
25113423|123456|25113423|STUDENT
25113424|123456|25113424|STUDENT
25113425|123456|25113425|STUDENT
25113426|123456|25113426|STUDENT
25113427|123456|25113427|STUDENT
25113428|123456|25113428|STUDENT
25113429|123456|25113429|STUDENT
25113430|123456|25113430|STUDENT
25113431|123456|25113431|STUDENT
25113432|123456|25113432|STUDENT
25113433|123456|25113433|STUDENT
25113434|123456|25113434|STUDENT
25113435|123456|25113435|STUDENT
25113436|123456|25113436|STUDENT
25113437|123456|25113437|STUDENT
25113438|123456|25113438|STUDENT
25113439|123456|25113439|STUDENT
25113440|123456|25113440|STUDENT
25114101|123456|25114101|STUDENT
25114102|123456|25114102|STUDENT
25114103|123456|25114103|STUDENT
25114104|123456|25114104|STUDENT
25114105|123456|25114105|STUDENT
25114106|123456|25114106|STUDENT
25114107|123456|25114107|STUDENT
25114108|123456|25114108|STUDENT
25114109|123456|25114109|STUDENT
25114110|123456|25114110|STUDENT
25114111|123456|25114111|STUDENT
25114112|123456|25114112|STUDENT
25114113|123456|25114113|STUDENT
25114114|123456|25114114|STUDENT
25114115|123456|25114115|STUDENT
25114116|123456|25114116|STUDENT
25114117|123456|25114117|STUDENT
25114118|123456|25114118|STUDENT
25114119|123456|25114119|STUDENT
25114120|123456|25114120|STUDENT
25114121|123456|25114121|STUDENT
25114122|123456|25114122|STUDENT
25114123|123456|25114123|STUDENT
25114124|123456|25114124|STUDENT
25114125|123456|25114125|STUDENT
25114126|123456|25114126|STUDENT
25114127|123456|25114127|STUDENT
25114128|123456|25114128|STUDENT
25114129|123456|25114129|STUDENT
25114130|123456|25114130|STUDENT
25114131|123456|25114131|STUDENT
25114132|123456|25114132|STUDENT
25114133|123456|25114133|STUDENT
25114134|123456|25114134|STUDENT
25114135|123456|25114135|STUDENT
25114136|123456|25114136|STUDENT
25114137|123456|25114137|STUDENT
25114138|123456|25114138|STUDENT
25114139|123456|25114139|STUDENT
25114140|123456|25114140|STUDENT
25114201|123456|25114201|STUDENT
25114202|123456|25114202|STUDENT
25114203|123456|25114203|STUDENT
25114204|123456|25114204|STUDENT
25114205|123456|25114205|STUDENT
25114206|123456|25114206|STUDENT
25114207|123456|25114207|STUDENT
25114208|123456|25114208|STUDENT
25114209|123456|25114209|STUDENT
25114210|123456|25114210|STUDENT
25114211|123456|25114211|STUDENT
25114212|123456|25114212|STUDENT
25114213|123456|25114213|STUDENT
25114214|123456|25114214|STUDENT
25114215|123456|25114215|STUDENT
25114216|123456|25114216|STUDENT
25114217|123456|25114217|STUDENT
25114218|123456|25114218|STUDENT
25114219|123456|25114219|STUDENT
25114220|123456|25114220|STUDENT
25114221|123456|25114221|STUDENT
25114222|123456|25114222|STUDENT
25114223|123456|25114223|STUDENT
25114224|123456|25114224|STUDENT
25114225|123456|25114225|STUDENT
25114226|123456|25114226|STUDENT
25114227|123456|25114227|STUDENT
25114228|123456|25114228|STUDENT
25114229|123456|25114229|STUDENT
25114230|123456|25114230|STUDENT
25114231|123456|25114231|STUDENT
25114232|123456|25114232|STUDENT
25114233|123456|25114233|STUDENT
25114234|123456|25114234|STUDENT
25114235|123456|25114235|STUDENT
25114236|123456|25114236|STUDENT
25114237|123456|25114237|STUDENT
25114238|123456|25114238|STUDENT
25114239|123456|25114239|STUDENT
25114240|123456|25114240|STUDENT
25114301|123456|25114301|STUDENT
25114302|123456|25114302|STUDENT
25114303|123456|25114303|STUDENT
25114304|123456|25114304|STUDENT
25114305|123456|25114305|STUDENT
25114306|123456|25114306|STUDENT
25114307|123456|25114307|STUDENT
25114308|123456|25114308|STUDENT
25114309|123456|25114309|STUDENT
25114310|123456|25114310|STUDENT
25114311|123456|25114311|STUDENT
25114312|123456|25114312|STUDENT
25114313|123456|25114313|STUDENT
25114314|123456|25114314|STUDENT
25114315|123456|25114315|STUDENT
25114316|123456|25114316|STUDENT
25114317|123456|25114317|STUDENT
25114318|123456|25114318|STUDENT
25114319|123456|25114319|STUDENT
25114320|123456|25114320|STUDENT
25114321|123456|25114321|STUDENT
25114322|123456|25114322|STUDENT
25114323|123456|25114323|STUDENT
25114324|123456|25114324|STUDENT
25114325|123456|25114325|STUDENT
25114326|123456|25114326|STUDENT
25114327|123456|25114327|STUDENT
25114328|123456|25114328|STUDENT
25114329|123456|25114329|STUDENT
25114330|123456|25114330|STUDENT
25114331|123456|25114331|STUDENT
25114332|123456|25114332|STUDENT
25114333|123456|25114333|STUDENT
25114334|123456|25114334|STUDENT
25114335|123456|25114335|STUDENT
25114336|123456|25114336|STUDENT
25114337|123456|25114337|STUDENT
25114338|123456|25114338|STUDENT
25114339|123456|25114339|STUDENT
25114340|123456|25114340|STUDENT
25114401|123456|25114401|STUDENT
25114402|123456|25114402|STUDENT
25114403|123456|25114403|STUDENT
25114404|123456|25114404|STUDENT
25114405|123456|25114405|STUDENT
25114406|123456|25114406|STUDENT
25114407|123456|25114407|STUDENT
25114408|123456|25114408|STUDENT
25114409|123456|25114409|STUDENT
25114410|123456|25114410|STUDENT
25114411|123456|25114411|STUDENT
25114412|123456|25114412|STUDENT
25114413|123456|25114413|STUDENT
25114414|123456|25114414|STUDENT
25114415|123456|25114415|STUDENT
25114416|123456|25114416|STUDENT
25114417|123456|25114417|STUDENT
25114418|123456|25114418|STUDENT
25114419|123456|25114419|STUDENT
25114420|123456|25114420|STUDENT
25114421|123456|25114421|STUDENT
25114422|123456|25114422|STUDENT
25114423|123456|25114423|STUDENT
25114424|123456|25114424|STUDENT
25114425|123456|25114425|STUDENT
25114426|123456|25114426|STUDENT
25114427|123456|25114427|STUDENT
25114428|123456|25114428|STUDENT
25114429|123456|25114429|STUDENT
25114430|123456|25114430|STUDENT
25114431|123456|25114431|STUDENT
25114432|123456|25114432|STUDENT
25114433|123456|25114433|STUDENT
25114434|123456|25114434|STUDENT
25114435|123456|25114435|STUDENT
25114436|123456|25114436|STUDENT
25114437|123456|25114437|STUDENT
25114438|123456|25114438|STUDENT
25114439|123456|25114439|STUDENT
25114440|123456|25114440|STUDENT
24121101|123456|24121101|STUDENT
24121102|123456|24121102|STUDENT
24121103|123456|24121103|STUDENT
24121104|123456|24121104|STUDENT
24121105|123456|24121105|STUDENT
24121106|123456|24121106|STUDENT
24121107|123456|24121107|STUDENT
24121108|123456|24121108|STUDENT
24121109|123456|24121109|STUDENT
24121110|123456|24121110|STUDENT
24121111|123456|24121111|STUDENT
24121112|123456|24121112|STUDENT
24121113|123456|24121113|STUDENT
24121114|123456|24121114|STUDENT
24121115|123456|24121115|STUDENT
24121116|123456|24121116|STUDENT
24121117|123456|24121117|STUDENT
24121118|123456|24121118|STUDENT
24121119|123456|24121119|STUDENT
24121120|123456|24121120|STUDENT
24121121|123456|24121121|STUDENT
24121122|123456|24121122|STUDENT
24121123|123456|24121123|STUDENT
24121124|123456|24121124|STUDENT
24121125|123456|24121125|STUDENT
24121126|123456|24121126|STUDENT
24121127|123456|24121127|STUDENT
24121128|123456|24121128|STUDENT
24121129|123456|24121129|STUDENT
24121130|123456|24121130|STUDENT
24121131|123456|24121131|STUDENT
24121132|123456|24121132|STUDENT
24121133|123456|24121133|STUDENT
24121134|123456|24121134|STUDENT
24121135|123456|24121135|STUDENT
24121136|123456|24121136|STUDENT
24121137|123456|24121137|STUDENT
24121138|123456|24121138|STUDENT
24121139|123456|24121139|STUDENT
24121140|123456|24121140|STUDENT
24121201|123456|24121201|STUDENT
24121202|123456|24121202|STUDENT
24121203|123456|24121203|STUDENT
24121204|123456|24121204|STUDENT
24121205|123456|24121205|STUDENT
24121206|123456|24121206|STUDENT
24121207|123456|24121207|STUDENT
24121208|123456|24121208|STUDENT
24121209|123456|24121209|STUDENT
24121210|123456|24121210|STUDENT
24121211|123456|24121211|STUDENT
24121212|123456|24121212|STUDENT
24121213|123456|24121213|STUDENT
24121214|123456|24121214|STUDENT
24121215|123456|24121215|STUDENT
24121216|123456|24121216|STUDENT
24121217|123456|24121217|STUDENT
24121218|123456|24121218|STUDENT
24121219|123456|24121219|STUDENT
24121220|123456|24121220|STUDENT
24121221|123456|24121221|STUDENT
24121222|123456|24121222|STUDENT
24121223|123456|24121223|STUDENT
24121224|123456|24121224|STUDENT
24121225|123456|24121225|STUDENT
24121226|123456|24121226|STUDENT
24121227|123456|24121227|STUDENT
24121228|123456|24121228|STUDENT
24121229|123456|24121229|STUDENT
24121230|123456|24121230|STUDENT
24121231|123456|24121231|STUDENT
24121232|123456|24121232|STUDENT
24121233|123456|24121233|STUDENT
24121234|123456|24121234|STUDENT
24121235|123456|24121235|STUDENT
24121236|123456|24121236|STUDENT
24121237|123456|24121237|STUDENT
24121238|123456|24121238|STUDENT
24121239|123456|24121239|STUDENT
24121240|123456|24121240|STUDENT
24121301|123456|24121301|STUDENT
24121302|123456|24121302|STUDENT
24121303|123456|24121303|STUDENT
24121304|123456|24121304|STUDENT
24121305|123456|24121305|STUDENT
24121306|123456|24121306|STUDENT
24121307|123456|24121307|STUDENT
24121308|123456|24121308|STUDENT
24121309|123456|24121309|STUDENT
24121310|123456|24121310|STUDENT
24121311|123456|24121311|STUDENT
24121312|123456|24121312|STUDENT
24121313|123456|24121313|STUDENT
24121314|123456|24121314|STUDENT
24121315|123456|24121315|STUDENT
24121316|123456|24121316|STUDENT
24121317|123456|24121317|STUDENT
24121318|123456|24121318|STUDENT
24121319|123456|24121319|STUDENT
24121320|123456|24121320|STUDENT
24121321|123456|24121321|STUDENT
24121322|123456|24121322|STUDENT
24121323|123456|24121323|STUDENT
24121324|123456|24121324|STUDENT
24121325|123456|24121325|STUDENT
24121326|123456|24121326|STUDENT
24121327|123456|24121327|STUDENT
24121328|123456|24121328|STUDENT
24121329|123456|24121329|STUDENT
24121330|123456|24121330|STUDENT
24121331|123456|24121331|STUDENT
24121332|123456|24121332|STUDENT
24121333|123456|24121333|STUDENT
24121334|123456|24121334|STUDENT
24121335|123456|24121335|STUDENT
24121336|123456|24121336|STUDENT
24121337|123456|24121337|STUDENT
24121338|123456|24121338|STUDENT
24121339|123456|24121339|STUDENT
24121340|123456|24121340|STUDENT
24121401|123456|24121401|STUDENT
24121402|123456|24121402|STUDENT
24121403|123456|24121403|STUDENT
24121404|123456|24121404|STUDENT
24121405|123456|24121405|STUDENT
24121406|123456|24121406|STUDENT
24121407|123456|24121407|STUDENT
24121408|123456|24121408|STUDENT
24121409|123456|24121409|STUDENT
24121410|123456|24121410|STUDENT
24121411|123456|24121411|STUDENT
24121412|123456|24121412|STUDENT
24121413|123456|24121413|STUDENT
24121414|123456|24121414|STUDENT
24121415|123456|24121415|STUDENT
24121416|123456|24121416|STUDENT
24121417|123456|24121417|STUDENT
24121418|123456|24121418|STUDENT
24121419|123456|24121419|STUDENT
24121420|123456|24121420|STUDENT
24121421|123456|24121421|STUDENT
24121422|123456|24121422|STUDENT
24121423|123456|24121423|STUDENT
24121424|123456|24121424|STUDENT
24121425|123456|24121425|STUDENT
24121426|123456|24121426|STUDENT
24121427|123456|24121427|STUDENT
24121428|123456|24121428|STUDENT
24121429|123456|24121429|STUDENT
24121430|123456|24121430|STUDENT
24121431|123456|24121431|STUDENT
24121432|123456|24121432|STUDENT
24121433|123456|24121433|STUDENT
24121434|123456|24121434|STUDENT
24121435|123456|24121435|STUDENT
24121436|123456|24121436|STUDENT
24121437|123456|24121437|STUDENT
24121438|123456|24121438|STUDENT
24121439|123456|24121439|STUDENT
24121440|123456|24121440|STUDENT
24122101|123456|24122101|STUDENT
24122102|123456|24122102|STUDENT
24122103|123456|24122103|STUDENT
24122104|123456|24122104|STUDENT
24122105|123456|24122105|STUDENT
24122106|123456|24122106|STUDENT
24122107|123456|24122107|STUDENT
24122108|123456|24122108|STUDENT
24122109|123456|24122109|STUDENT
24122110|123456|24122110|STUDENT
24122111|123456|24122111|STUDENT
24122112|123456|24122112|STUDENT
24122113|123456|24122113|STUDENT
24122114|123456|24122114|STUDENT
24122115|123456|24122115|STUDENT
24122116|123456|24122116|STUDENT
24122117|123456|24122117|STUDENT
24122118|123456|24122118|STUDENT
24122119|123456|24122119|STUDENT
24122120|123456|24122120|STUDENT
24122121|123456|24122121|STUDENT
24122122|123456|24122122|STUDENT
24122123|123456|24122123|STUDENT
24122124|123456|24122124|STUDENT
24122125|123456|24122125|STUDENT
24122126|123456|24122126|STUDENT
24122127|123456|24122127|STUDENT
24122128|123456|24122128|STUDENT
24122129|123456|24122129|STUDENT
24122130|123456|24122130|STUDENT
24122131|123456|24122131|STUDENT
24122132|123456|24122132|STUDENT
24122133|123456|24122133|STUDENT
24122134|123456|24122134|STUDENT
24122135|123456|24122135|STUDENT
24122136|123456|24122136|STUDENT
24122137|123456|24122137|STUDENT
24122138|123456|24122138|STUDENT
24122139|123456|24122139|STUDENT
24122140|123456|24122140|STUDENT
24122201|123456|24122201|STUDENT
24122202|123456|24122202|STUDENT
24122203|123456|24122203|STUDENT
24122204|123456|24122204|STUDENT
24122205|123456|24122205|STUDENT
24122206|123456|24122206|STUDENT
24122207|123456|24122207|STUDENT
24122208|123456|24122208|STUDENT
24122209|123456|24122209|STUDENT
24122210|123456|24122210|STUDENT
24122211|123456|24122211|STUDENT
24122212|123456|24122212|STUDENT
24122213|123456|24122213|STUDENT
24122214|123456|24122214|STUDENT
24122215|123456|24122215|STUDENT
24122216|123456|24122216|STUDENT
24122217|123456|24122217|STUDENT
24122218|123456|24122218|STUDENT
24122219|123456|24122219|STUDENT
24122220|123456|24122220|STUDENT
24122221|123456|24122221|STUDENT
24122222|123456|24122222|STUDENT
24122223|123456|24122223|STUDENT
24122224|123456|24122224|STUDENT
24122225|123456|24122225|STUDENT
24122226|123456|24122226|STUDENT
24122227|123456|24122227|STUDENT
24122228|123456|24122228|STUDENT
24122229|123456|24122229|STUDENT
24122230|123456|24122230|STUDENT
24122231|123456|24122231|STUDENT
24122232|123456|24122232|STUDENT
24122233|123456|24122233|STUDENT
24122234|123456|24122234|STUDENT
24122235|123456|24122235|STUDENT
24122236|123456|24122236|STUDENT
24122237|123456|24122237|STUDENT
24122238|123456|24122238|STUDENT
24122239|123456|24122239|STUDENT
24122240|123456|24122240|STUDENT
24122301|123456|24122301|STUDENT
24122302|123456|24122302|STUDENT
24122303|123456|24122303|STUDENT
24122304|123456|24122304|STUDENT
24122305|123456|24122305|STUDENT
24122306|123456|24122306|STUDENT
24122307|123456|24122307|STUDENT
24122308|123456|24122308|STUDENT
24122309|123456|24122309|STUDENT
24122310|123456|24122310|STUDENT
24122311|123456|24122311|STUDENT
24122312|123456|24122312|STUDENT
24122313|123456|24122313|STUDENT
24122314|123456|24122314|STUDENT
24122315|123456|24122315|STUDENT
24122316|123456|24122316|STUDENT
24122317|123456|24122317|STUDENT
24122318|123456|24122318|STUDENT
24122319|123456|24122319|STUDENT
24122320|123456|24122320|STUDENT
24122321|123456|24122321|STUDENT
24122322|123456|24122322|STUDENT
24122323|123456|24122323|STUDENT
24122324|123456|24122324|STUDENT
24122325|123456|24122325|STUDENT
24122326|123456|24122326|STUDENT
24122327|123456|24122327|STUDENT
24122328|123456|24122328|STUDENT
24122329|123456|24122329|STUDENT
24122330|123456|24122330|STUDENT
24122331|123456|24122331|STUDENT
24122332|123456|24122332|STUDENT
24122333|123456|24122333|STUDENT
24122334|123456|24122334|STUDENT
24122335|123456|24122335|STUDENT
24122336|123456|24122336|STUDENT
24122337|123456|24122337|STUDENT
24122338|123456|24122338|STUDENT
24122339|123456|24122339|STUDENT
24122340|123456|24122340|STUDENT
24122401|123456|24122401|STUDENT
24122402|123456|24122402|STUDENT
24122403|123456|24122403|STUDENT
24122404|123456|24122404|STUDENT
24122405|123456|24122405|STUDENT
24122406|123456|24122406|STUDENT
24122407|123456|24122407|STUDENT
24122408|123456|24122408|STUDENT
24122409|123456|24122409|STUDENT
24122410|123456|24122410|STUDENT
24122411|123456|24122411|STUDENT
24122412|123456|24122412|STUDENT
24122413|123456|24122413|STUDENT
24122414|123456|24122414|STUDENT
24122415|123456|24122415|STUDENT
24122416|123456|24122416|STUDENT
24122417|123456|24122417|STUDENT
24122418|123456|24122418|STUDENT
24122419|123456|24122419|STUDENT
24122420|123456|24122420|STUDENT
24122421|123456|24122421|STUDENT
24122422|123456|24122422|STUDENT
24122423|123456|24122423|STUDENT
24122424|123456|24122424|STUDENT
24122425|123456|24122425|STUDENT
24122426|123456|24122426|STUDENT
24122427|123456|24122427|STUDENT
24122428|123456|24122428|STUDENT
24122429|123456|24122429|STUDENT
24122430|123456|24122430|STUDENT
24122431|123456|24122431|STUDENT
24122432|123456|24122432|STUDENT
24122433|123456|24122433|STUDENT
24122434|123456|24122434|STUDENT
24122435|123456|24122435|STUDENT
24122436|123456|24122436|STUDENT
24122437|123456|24122437|STUDENT
24122438|123456|24122438|STUDENT
24122439|123456|24122439|STUDENT
24122440|123456|24122440|STUDENT
24123101|123456|24123101|STUDENT
24123102|123456|24123102|STUDENT
24123103|123456|24123103|STUDENT
24123104|123456|24123104|STUDENT
24123105|123456|24123105|STUDENT
24123106|123456|24123106|STUDENT
24123107|123456|24123107|STUDENT
24123108|123456|24123108|STUDENT
24123109|123456|24123109|STUDENT
24123110|123456|24123110|STUDENT
24123111|123456|24123111|STUDENT
24123112|123456|24123112|STUDENT
24123113|123456|24123113|STUDENT
24123114|123456|24123114|STUDENT
24123115|123456|24123115|STUDENT
24123116|123456|24123116|STUDENT
24123117|123456|24123117|STUDENT
24123118|123456|24123118|STUDENT
24123119|123456|24123119|STUDENT
24123120|123456|24123120|STUDENT
24123121|123456|24123121|STUDENT
24123122|123456|24123122|STUDENT
24123123|123456|24123123|STUDENT
24123124|123456|24123124|STUDENT
24123125|123456|24123125|STUDENT
24123126|123456|24123126|STUDENT
24123127|123456|24123127|STUDENT
24123128|123456|24123128|STUDENT
24123129|123456|24123129|STUDENT
24123130|123456|24123130|STUDENT
24123131|123456|24123131|STUDENT
24123132|123456|24123132|STUDENT
24123133|123456|24123133|STUDENT
24123134|123456|24123134|STUDENT
24123135|123456|24123135|STUDENT
24123136|123456|24123136|STUDENT
24123137|123456|24123137|STUDENT
24123138|123456|24123138|STUDENT
24123139|123456|24123139|STUDENT
24123140|123456|24123140|STUDENT
24123201|123456|24123201|STUDENT
24123202|123456|24123202|STUDENT
24123203|123456|24123203|STUDENT
24123204|123456|24123204|STUDENT
24123205|123456|24123205|STUDENT
24123206|123456|24123206|STUDENT
24123207|123456|24123207|STUDENT
24123208|123456|24123208|STUDENT
24123209|123456|24123209|STUDENT
24123210|123456|24123210|STUDENT
24123211|123456|24123211|STUDENT
24123212|123456|24123212|STUDENT
24123213|123456|24123213|STUDENT
24123214|123456|24123214|STUDENT
24123215|123456|24123215|STUDENT
24123216|123456|24123216|STUDENT
24123217|123456|24123217|STUDENT
24123218|123456|24123218|STUDENT
24123219|123456|24123219|STUDENT
24123220|123456|24123220|STUDENT
24123221|123456|24123221|STUDENT
24123222|123456|24123222|STUDENT
24123223|123456|24123223|STUDENT
24123224|123456|24123224|STUDENT
24123225|123456|24123225|STUDENT
24123226|123456|24123226|STUDENT
24123227|123456|24123227|STUDENT
24123228|123456|24123228|STUDENT
24123229|123456|24123229|STUDENT
24123230|123456|24123230|STUDENT
24123231|123456|24123231|STUDENT
24123232|123456|24123232|STUDENT
24123233|123456|24123233|STUDENT
24123234|123456|24123234|STUDENT
24123235|123456|24123235|STUDENT
24123236|123456|24123236|STUDENT
24123237|123456|24123237|STUDENT
24123238|123456|24123238|STUDENT
24123239|123456|24123239|STUDENT
24123240|123456|24123240|STUDENT
24123301|123456|24123301|STUDENT
24123302|123456|24123302|STUDENT
24123303|123456|24123303|STUDENT
24123304|123456|24123304|STUDENT
24123305|123456|24123305|STUDENT
24123306|123456|24123306|STUDENT
24123307|123456|24123307|STUDENT
24123308|123456|24123308|STUDENT
24123309|123456|24123309|STUDENT
24123310|123456|24123310|STUDENT
24123311|123456|24123311|STUDENT
24123312|123456|24123312|STUDENT
24123313|123456|24123313|STUDENT
24123314|123456|24123314|STUDENT
24123315|123456|24123315|STUDENT
24123316|123456|24123316|STUDENT
24123317|123456|24123317|STUDENT
24123318|123456|24123318|STUDENT
24123319|123456|24123319|STUDENT
24123320|123456|24123320|STUDENT
24123321|123456|24123321|STUDENT
24123322|123456|24123322|STUDENT
24123323|123456|24123323|STUDENT
24123324|123456|24123324|STUDENT
24123325|123456|24123325|STUDENT
24123326|123456|24123326|STUDENT
24123327|123456|24123327|STUDENT
24123328|123456|24123328|STUDENT
24123329|123456|24123329|STUDENT
24123330|123456|24123330|STUDENT
24123331|123456|24123331|STUDENT
24123332|123456|24123332|STUDENT
24123333|123456|24123333|STUDENT
24123334|123456|24123334|STUDENT
24123335|123456|24123335|STUDENT
24123336|123456|24123336|STUDENT
24123337|123456|24123337|STUDENT
24123338|123456|24123338|STUDENT
24123339|123456|24123339|STUDENT
24123340|123456|24123340|STUDENT
24123401|123456|24123401|STUDENT
24123402|123456|24123402|STUDENT
24123403|123456|24123403|STUDENT
24123404|123456|24123404|STUDENT
24123405|123456|24123405|STUDENT
24123406|123456|24123406|STUDENT
24123407|123456|24123407|STUDENT
24123408|123456|24123408|STUDENT
24123409|123456|24123409|STUDENT
24123410|123456|24123410|STUDENT
24123411|123456|24123411|STUDENT
24123412|123456|24123412|STUDENT
24123413|123456|24123413|STUDENT
24123414|123456|24123414|STUDENT
24123415|123456|24123415|STUDENT
24123416|123456|24123416|STUDENT
24123417|123456|24123417|STUDENT
24123418|123456|24123418|STUDENT
24123419|123456|24123419|STUDENT
24123420|123456|24123420|STUDENT
24123421|123456|24123421|STUDENT
24123422|123456|24123422|STUDENT
24123423|123456|24123423|STUDENT
24123424|123456|24123424|STUDENT
24123425|123456|24123425|STUDENT
24123426|123456|24123426|STUDENT
24123427|123456|24123427|STUDENT
24123428|123456|24123428|STUDENT
24123429|123456|24123429|STUDENT
24123430|123456|24123430|STUDENT
24123431|123456|24123431|STUDENT
24123432|123456|24123432|STUDENT
24123433|123456|24123433|STUDENT
24123434|123456|24123434|STUDENT
24123435|123456|24123435|STUDENT
24123436|123456|24123436|STUDENT
24123437|123456|24123437|STUDENT
24123438|123456|24123438|STUDENT
24123439|123456|24123439|STUDENT
24123440|123456|24123440|STUDENT
24124101|123456|24124101|STUDENT
24124102|123456|24124102|STUDENT
24124103|123456|24124103|STUDENT
24124104|123456|24124104|STUDENT
24124105|123456|24124105|STUDENT
24124106|123456|24124106|STUDENT
24124107|123456|24124107|STUDENT
24124108|123456|24124108|STUDENT
24124109|123456|24124109|STUDENT
24124110|123456|24124110|STUDENT
24124111|123456|24124111|STUDENT
24124112|123456|24124112|STUDENT
24124113|123456|24124113|STUDENT
24124114|123456|24124114|STUDENT
24124115|123456|24124115|STUDENT
24124116|123456|24124116|STUDENT
24124117|123456|24124117|STUDENT
24124118|123456|24124118|STUDENT
24124119|123456|24124119|STUDENT
24124120|123456|24124120|STUDENT
24124121|123456|24124121|STUDENT
24124122|123456|24124122|STUDENT
24124123|123456|24124123|STUDENT
24124124|123456|24124124|STUDENT
24124125|123456|24124125|STUDENT
24124126|123456|24124126|STUDENT
24124127|123456|24124127|STUDENT
24124128|123456|24124128|STUDENT
24124129|123456|24124129|STUDENT
24124130|123456|24124130|STUDENT
24124131|123456|24124131|STUDENT
24124132|123456|24124132|STUDENT
24124133|123456|24124133|STUDENT
24124134|123456|24124134|STUDENT
24124135|123456|24124135|STUDENT
24124136|123456|24124136|STUDENT
24124137|123456|24124137|STUDENT
24124138|123456|24124138|STUDENT
24124139|123456|24124139|STUDENT
24124140|123456|24124140|STUDENT
24124201|123456|24124201|STUDENT
24124202|123456|24124202|STUDENT
24124203|123456|24124203|STUDENT
24124204|123456|24124204|STUDENT
24124205|123456|24124205|STUDENT
24124206|123456|24124206|STUDENT
24124207|123456|24124207|STUDENT
24124208|123456|24124208|STUDENT
24124209|123456|24124209|STUDENT
24124210|123456|24124210|STUDENT
24124211|123456|24124211|STUDENT
24124212|123456|24124212|STUDENT
24124213|123456|24124213|STUDENT
24124214|123456|24124214|STUDENT
24124215|123456|24124215|STUDENT
24124216|123456|24124216|STUDENT
24124217|123456|24124217|STUDENT
24124218|123456|24124218|STUDENT
24124219|123456|24124219|STUDENT
24124220|123456|24124220|STUDENT
24124221|123456|24124221|STUDENT
24124222|123456|24124222|STUDENT
24124223|123456|24124223|STUDENT
24124224|123456|24124224|STUDENT
24124225|123456|24124225|STUDENT
24124226|123456|24124226|STUDENT
24124227|123456|24124227|STUDENT
24124228|123456|24124228|STUDENT
24124229|123456|24124229|STUDENT
24124230|123456|24124230|STUDENT
24124231|123456|24124231|STUDENT
24124232|123456|24124232|STUDENT
24124233|123456|24124233|STUDENT
24124234|123456|24124234|STUDENT
24124235|123456|24124235|STUDENT
24124236|123456|24124236|STUDENT
24124237|123456|24124237|STUDENT
24124238|123456|24124238|STUDENT
24124239|123456|24124239|STUDENT
24124240|123456|24124240|STUDENT
24124301|123456|24124301|STUDENT
24124302|123456|24124302|STUDENT
24124303|123456|24124303|STUDENT
24124304|123456|24124304|STUDENT
24124305|123456|24124305|STUDENT
24124306|123456|24124306|STUDENT
24124307|123456|24124307|STUDENT
24124308|123456|24124308|STUDENT
24124309|123456|24124309|STUDENT
24124310|123456|24124310|STUDENT
24124311|123456|24124311|STUDENT
24124312|123456|24124312|STUDENT
24124313|123456|24124313|STUDENT
24124314|123456|24124314|STUDENT
24124315|123456|24124315|STUDENT
24124316|123456|24124316|STUDENT
24124317|123456|24124317|STUDENT
24124318|123456|24124318|STUDENT
24124319|123456|24124319|STUDENT
24124320|123456|24124320|STUDENT
24124321|123456|24124321|STUDENT
24124322|123456|24124322|STUDENT
24124323|123456|24124323|STUDENT
24124324|123456|24124324|STUDENT
24124325|123456|24124325|STUDENT
24124326|123456|24124326|STUDENT
24124327|123456|24124327|STUDENT
24124328|123456|24124328|STUDENT
24124329|123456|24124329|STUDENT
24124330|123456|24124330|STUDENT
24124331|123456|24124331|STUDENT
24124332|123456|24124332|STUDENT
24124333|123456|24124333|STUDENT
24124334|123456|24124334|STUDENT
24124335|123456|24124335|STUDENT
24124336|123456|24124336|STUDENT
24124337|123456|24124337|STUDENT
24124338|123456|24124338|STUDENT
24124339|123456|24124339|STUDENT
24124340|123456|24124340|STUDENT
24124401|123456|24124401|STUDENT
24124402|123456|24124402|STUDENT
24124403|123456|24124403|STUDENT
24124404|123456|24124404|STUDENT
24124405|123456|24124405|STUDENT
24124406|123456|24124406|STUDENT
24124407|123456|24124407|STUDENT
24124408|123456|24124408|STUDENT
24124409|123456|24124409|STUDENT
24124410|123456|24124410|STUDENT
24124411|123456|24124411|STUDENT
24124412|123456|24124412|STUDENT
24124413|123456|24124413|STUDENT
24124414|123456|24124414|STUDENT
24124415|123456|24124415|STUDENT
24124416|123456|24124416|STUDENT
24124417|123456|24124417|STUDENT
24124418|123456|24124418|STUDENT
24124419|123456|24124419|STUDENT
24124420|123456|24124420|STUDENT
24124421|123456|24124421|STUDENT
24124422|123456|24124422|STUDENT
24124423|123456|24124423|STUDENT
24124424|123456|24124424|STUDENT
24124425|123456|24124425|STUDENT
24124426|123456|24124426|STUDENT
24124427|123456|24124427|STUDENT
24124428|123456|24124428|STUDENT
24124429|123456|24124429|STUDENT
24124430|123456|24124430|STUDENT
24124431|123456|24124431|STUDENT
24124432|123456|24124432|STUDENT
24124433|123456|24124433|STUDENT
24124434|123456|24124434|STUDENT
24124435|123456|24124435|STUDENT
24124436|123456|24124436|STUDENT
24124437|123456|24124437|STUDENT
24124438|123456|24124438|STUDENT
24124439|123456|24124439|STUDENT
24124440|123456|24124440|STUDENT
25121101|123456|25121101|STUDENT
25121102|123456|25121102|STUDENT
25121103|123456|25121103|STUDENT
25121104|123456|25121104|STUDENT
25121105|123456|25121105|STUDENT
25121106|123456|25121106|STUDENT
25121107|123456|25121107|STUDENT
25121108|123456|25121108|STUDENT
25121109|123456|25121109|STUDENT
25121110|123456|25121110|STUDENT
25121111|123456|25121111|STUDENT
25121112|123456|25121112|STUDENT
25121113|123456|25121113|STUDENT
25121114|123456|25121114|STUDENT
25121115|123456|25121115|STUDENT
25121116|123456|25121116|STUDENT
25121117|123456|25121117|STUDENT
25121118|123456|25121118|STUDENT
25121119|123456|25121119|STUDENT
25121120|123456|25121120|STUDENT
25121121|123456|25121121|STUDENT
25121122|123456|25121122|STUDENT
25121123|123456|25121123|STUDENT
25121124|123456|25121124|STUDENT
25121125|123456|25121125|STUDENT
25121126|123456|25121126|STUDENT
25121127|123456|25121127|STUDENT
25121128|123456|25121128|STUDENT
25121129|123456|25121129|STUDENT
25121130|123456|25121130|STUDENT
25121131|123456|25121131|STUDENT
25121132|123456|25121132|STUDENT
25121133|123456|25121133|STUDENT
25121134|123456|25121134|STUDENT
25121135|123456|25121135|STUDENT
25121136|123456|25121136|STUDENT
25121137|123456|25121137|STUDENT
25121138|123456|25121138|STUDENT
25121139|123456|25121139|STUDENT
25121140|123456|25121140|STUDENT
25121201|123456|25121201|STUDENT
25121202|123456|25121202|STUDENT
25121203|123456|25121203|STUDENT
25121204|123456|25121204|STUDENT
25121205|123456|25121205|STUDENT
25121206|123456|25121206|STUDENT
25121207|123456|25121207|STUDENT
25121208|123456|25121208|STUDENT
25121209|123456|25121209|STUDENT
25121210|123456|25121210|STUDENT
25121211|123456|25121211|STUDENT
25121212|123456|25121212|STUDENT
25121213|123456|25121213|STUDENT
25121214|123456|25121214|STUDENT
25121215|123456|25121215|STUDENT
25121216|123456|25121216|STUDENT
25121217|123456|25121217|STUDENT
25121218|123456|25121218|STUDENT
25121219|123456|25121219|STUDENT
25121220|123456|25121220|STUDENT
25121221|123456|25121221|STUDENT
25121222|123456|25121222|STUDENT
25121223|123456|25121223|STUDENT
25121224|123456|25121224|STUDENT
25121225|123456|25121225|STUDENT
25121226|123456|25121226|STUDENT
25121227|123456|25121227|STUDENT
25121228|123456|25121228|STUDENT
25121229|123456|25121229|STUDENT
25121230|123456|25121230|STUDENT
25121231|123456|25121231|STUDENT
25121232|123456|25121232|STUDENT
25121233|123456|25121233|STUDENT
25121234|123456|25121234|STUDENT
25121235|123456|25121235|STUDENT
25121236|123456|25121236|STUDENT
25121237|123456|25121237|STUDENT
25121238|123456|25121238|STUDENT
25121239|123456|25121239|STUDENT
25121240|123456|25121240|STUDENT
25121301|123456|25121301|STUDENT
25121302|123456|25121302|STUDENT
25121303|123456|25121303|STUDENT
25121304|123456|25121304|STUDENT
25121305|123456|25121305|STUDENT
25121306|123456|25121306|STUDENT
25121307|123456|25121307|STUDENT
25121308|123456|25121308|STUDENT
25121309|123456|25121309|STUDENT
25121310|123456|25121310|STUDENT
25121311|123456|25121311|STUDENT
25121312|123456|25121312|STUDENT
25121313|123456|25121313|STUDENT
25121314|123456|25121314|STUDENT
25121315|123456|25121315|STUDENT
25121316|123456|25121316|STUDENT
25121317|123456|25121317|STUDENT
25121318|123456|25121318|STUDENT
25121319|123456|25121319|STUDENT
25121320|123456|25121320|STUDENT
25121321|123456|25121321|STUDENT
25121322|123456|25121322|STUDENT
25121323|123456|25121323|STUDENT
25121324|123456|25121324|STUDENT
25121325|123456|25121325|STUDENT
25121326|123456|25121326|STUDENT
25121327|123456|25121327|STUDENT
25121328|123456|25121328|STUDENT
25121329|123456|25121329|STUDENT
25121330|123456|25121330|STUDENT
25121331|123456|25121331|STUDENT
25121332|123456|25121332|STUDENT
25121333|123456|25121333|STUDENT
25121334|123456|25121334|STUDENT
25121335|123456|25121335|STUDENT
25121336|123456|25121336|STUDENT
25121337|123456|25121337|STUDENT
25121338|123456|25121338|STUDENT
25121339|123456|25121339|STUDENT
25121340|123456|25121340|STUDENT
25121401|123456|25121401|STUDENT
25121402|123456|25121402|STUDENT
25121403|123456|25121403|STUDENT
25121404|123456|25121404|STUDENT
25121405|123456|25121405|STUDENT
25121406|123456|25121406|STUDENT
25121407|123456|25121407|STUDENT
25121408|123456|25121408|STUDENT
25121409|123456|25121409|STUDENT
25121410|123456|25121410|STUDENT
25121411|123456|25121411|STUDENT
25121412|123456|25121412|STUDENT
25121413|123456|25121413|STUDENT
25121414|123456|25121414|STUDENT
25121415|123456|25121415|STUDENT
25121416|123456|25121416|STUDENT
25121417|123456|25121417|STUDENT
25121418|123456|25121418|STUDENT
25121419|123456|25121419|STUDENT
25121420|123456|25121420|STUDENT
25121421|123456|25121421|STUDENT
25121422|123456|25121422|STUDENT
25121423|123456|25121423|STUDENT
25121424|123456|25121424|STUDENT
25121425|123456|25121425|STUDENT
25121426|123456|25121426|STUDENT
25121427|123456|25121427|STUDENT
25121428|123456|25121428|STUDENT
25121429|123456|25121429|STUDENT
25121430|123456|25121430|STUDENT
25121431|123456|25121431|STUDENT
25121432|123456|25121432|STUDENT
25121433|123456|25121433|STUDENT
25121434|123456|25121434|STUDENT
25121435|123456|25121435|STUDENT
25121436|123456|25121436|STUDENT
25121437|123456|25121437|STUDENT
25121438|123456|25121438|STUDENT
25121439|123456|25121439|STUDENT
25121440|123456|25121440|STUDENT
25122101|123456|25122101|STUDENT
25122102|123456|25122102|STUDENT
25122103|123456|25122103|STUDENT
25122104|123456|25122104|STUDENT
25122105|123456|25122105|STUDENT
25122106|123456|25122106|STUDENT
25122107|123456|25122107|STUDENT
25122108|123456|25122108|STUDENT
25122109|123456|25122109|STUDENT
25122110|123456|25122110|STUDENT
25122111|123456|25122111|STUDENT
25122112|123456|25122112|STUDENT
25122113|123456|25122113|STUDENT
25122114|123456|25122114|STUDENT
25122115|123456|25122115|STUDENT
25122116|123456|25122116|STUDENT
25122117|123456|25122117|STUDENT
25122118|123456|25122118|STUDENT
25122119|123456|25122119|STUDENT
25122120|123456|25122120|STUDENT
25122121|123456|25122121|STUDENT
25122122|123456|25122122|STUDENT
25122123|123456|25122123|STUDENT
25122124|123456|25122124|STUDENT
25122125|123456|25122125|STUDENT
25122126|123456|25122126|STUDENT
25122127|123456|25122127|STUDENT
25122128|123456|25122128|STUDENT
25122129|123456|25122129|STUDENT
25122130|123456|25122130|STUDENT
25122131|123456|25122131|STUDENT
25122132|123456|25122132|STUDENT
25122133|123456|25122133|STUDENT
25122134|123456|25122134|STUDENT
25122135|123456|25122135|STUDENT
25122136|123456|25122136|STUDENT
25122137|123456|25122137|STUDENT
25122138|123456|25122138|STUDENT
25122139|123456|25122139|STUDENT
25122140|123456|25122140|STUDENT
25122201|123456|25122201|STUDENT
25122202|123456|25122202|STUDENT
25122203|123456|25122203|STUDENT
25122204|123456|25122204|STUDENT
25122205|123456|25122205|STUDENT
25122206|123456|25122206|STUDENT
25122207|123456|25122207|STUDENT
25122208|123456|25122208|STUDENT
25122209|123456|25122209|STUDENT
25122210|123456|25122210|STUDENT
25122211|123456|25122211|STUDENT
25122212|123456|25122212|STUDENT
25122213|123456|25122213|STUDENT
25122214|123456|25122214|STUDENT
25122215|123456|25122215|STUDENT
25122216|123456|25122216|STUDENT
25122217|123456|25122217|STUDENT
25122218|123456|25122218|STUDENT
25122219|123456|25122219|STUDENT
25122220|123456|25122220|STUDENT
25122221|123456|25122221|STUDENT
25122222|123456|25122222|STUDENT
25122223|123456|25122223|STUDENT
25122224|123456|25122224|STUDENT
25122225|123456|25122225|STUDENT
25122226|123456|25122226|STUDENT
25122227|123456|25122227|STUDENT
25122228|123456|25122228|STUDENT
25122229|123456|25122229|STUDENT
25122230|123456|25122230|STUDENT
25122231|123456|25122231|STUDENT
25122232|123456|25122232|STUDENT
25122233|123456|25122233|STUDENT
25122234|123456|25122234|STUDENT
25122235|123456|25122235|STUDENT
25122236|123456|25122236|STUDENT
25122237|123456|25122237|STUDENT
25122238|123456|25122238|STUDENT
25122239|123456|25122239|STUDENT
25122240|123456|25122240|STUDENT
25122301|123456|25122301|STUDENT
25122302|123456|25122302|STUDENT
25122303|123456|25122303|STUDENT
25122304|123456|25122304|STUDENT
25122305|123456|25122305|STUDENT
25122306|123456|25122306|STUDENT
25122307|123456|25122307|STUDENT
25122308|123456|25122308|STUDENT
25122309|123456|25122309|STUDENT
25122310|123456|25122310|STUDENT
25122311|123456|25122311|STUDENT
25122312|123456|25122312|STUDENT
25122313|123456|25122313|STUDENT
25122314|123456|25122314|STUDENT
25122315|123456|25122315|STUDENT
25122316|123456|25122316|STUDENT
25122317|123456|25122317|STUDENT
25122318|123456|25122318|STUDENT
25122319|123456|25122319|STUDENT
25122320|123456|25122320|STUDENT
25122321|123456|25122321|STUDENT
25122322|123456|25122322|STUDENT
25122323|123456|25122323|STUDENT
25122324|123456|25122324|STUDENT
25122325|123456|25122325|STUDENT
25122326|123456|25122326|STUDENT
25122327|123456|25122327|STUDENT
25122328|123456|25122328|STUDENT
25122329|123456|25122329|STUDENT
25122330|123456|25122330|STUDENT
25122331|123456|25122331|STUDENT
25122332|123456|25122332|STUDENT
25122333|123456|25122333|STUDENT
25122334|123456|25122334|STUDENT
25122335|123456|25122335|STUDENT
25122336|123456|25122336|STUDENT
25122337|123456|25122337|STUDENT
25122338|123456|25122338|STUDENT
25122339|123456|25122339|STUDENT
25122340|123456|25122340|STUDENT
25122401|123456|25122401|STUDENT
25122402|123456|25122402|STUDENT
25122403|123456|25122403|STUDENT
25122404|123456|25122404|STUDENT
25122405|123456|25122405|STUDENT
25122406|123456|25122406|STUDENT
25122407|123456|25122407|STUDENT
25122408|123456|25122408|STUDENT
25122409|123456|25122409|STUDENT
25122410|123456|25122410|STUDENT
25122411|123456|25122411|STUDENT
25122412|123456|25122412|STUDENT
25122413|123456|25122413|STUDENT
25122414|123456|25122414|STUDENT
25122415|123456|25122415|STUDENT
25122416|123456|25122416|STUDENT
25122417|123456|25122417|STUDENT
25122418|123456|25122418|STUDENT
25122419|123456|25122419|STUDENT
25122420|123456|25122420|STUDENT
25122421|123456|25122421|STUDENT
25122422|123456|25122422|STUDENT
25122423|123456|25122423|STUDENT
25122424|123456|25122424|STUDENT
25122425|123456|25122425|STUDENT
25122426|123456|25122426|STUDENT
25122427|123456|25122427|STUDENT
25122428|123456|25122428|STUDENT
25122429|123456|25122429|STUDENT
25122430|123456|25122430|STUDENT
25122431|123456|25122431|STUDENT
25122432|123456|25122432|STUDENT
25122433|123456|25122433|STUDENT
25122434|123456|25122434|STUDENT
25122435|123456|25122435|STUDENT
25122436|123456|25122436|STUDENT
25122437|123456|25122437|STUDENT
25122438|123456|25122438|STUDENT
25122439|123456|25122439|STUDENT
25122440|123456|25122440|STUDENT
25123101|123456|25123101|STUDENT
25123102|123456|25123102|STUDENT
25123103|123456|25123103|STUDENT
25123104|123456|25123104|STUDENT
25123105|123456|25123105|STUDENT
25123106|123456|25123106|STUDENT
25123107|123456|25123107|STUDENT
25123108|123456|25123108|STUDENT
25123109|123456|25123109|STUDENT
25123110|123456|25123110|STUDENT
25123111|123456|25123111|STUDENT
25123112|123456|25123112|STUDENT
25123113|123456|25123113|STUDENT
25123114|123456|25123114|STUDENT
25123115|123456|25123115|STUDENT
25123116|123456|25123116|STUDENT
25123117|123456|25123117|STUDENT
25123118|123456|25123118|STUDENT
25123119|123456|25123119|STUDENT
25123120|123456|25123120|STUDENT
25123121|123456|25123121|STUDENT
25123122|123456|25123122|STUDENT
25123123|123456|25123123|STUDENT
25123124|123456|25123124|STUDENT
25123125|123456|25123125|STUDENT
25123126|123456|25123126|STUDENT
25123127|123456|25123127|STUDENT
25123128|123456|25123128|STUDENT
25123129|123456|25123129|STUDENT
25123130|123456|25123130|STUDENT
25123131|123456|25123131|STUDENT
25123132|123456|25123132|STUDENT
25123133|123456|25123133|STUDENT
25123134|123456|25123134|STUDENT
25123135|123456|25123135|STUDENT
25123136|123456|25123136|STUDENT
25123137|123456|25123137|STUDENT
25123138|123456|25123138|STUDENT
25123139|123456|25123139|STUDENT
25123140|123456|25123140|STUDENT
25123201|123456|25123201|STUDENT
25123202|123456|25123202|STUDENT
25123203|123456|25123203|STUDENT
25123204|123456|25123204|STUDENT
25123205|123456|25123205|STUDENT
25123206|123456|25123206|STUDENT
25123207|123456|25123207|STUDENT
25123208|123456|25123208|STUDENT
25123209|123456|25123209|STUDENT
25123210|123456|25123210|STUDENT
25123211|123456|25123211|STUDENT
25123212|123456|25123212|STUDENT
25123213|123456|25123213|STUDENT
25123214|123456|25123214|STUDENT
25123215|123456|25123215|STUDENT
25123216|123456|25123216|STUDENT
25123217|123456|25123217|STUDENT
25123218|123456|25123218|STUDENT
25123219|123456|25123219|STUDENT
25123220|123456|25123220|STUDENT
25123221|123456|25123221|STUDENT
25123222|123456|25123222|STUDENT
25123223|123456|25123223|STUDENT
25123224|123456|25123224|STUDENT
25123225|123456|25123225|STUDENT
25123226|123456|25123226|STUDENT
25123227|123456|25123227|STUDENT
25123228|123456|25123228|STUDENT
25123229|123456|25123229|STUDENT
25123230|123456|25123230|STUDENT
25123231|123456|25123231|STUDENT
25123232|123456|25123232|STUDENT
25123233|123456|25123233|STUDENT
25123234|123456|25123234|STUDENT
25123235|123456|25123235|STUDENT
25123236|123456|25123236|STUDENT
25123237|123456|25123237|STUDENT
25123238|123456|25123238|STUDENT
25123239|123456|25123239|STUDENT
25123240|123456|25123240|STUDENT
25123301|123456|25123301|STUDENT
25123302|123456|25123302|STUDENT
25123303|123456|25123303|STUDENT
25123304|123456|25123304|STUDENT
25123305|123456|25123305|STUDENT
25123306|123456|25123306|STUDENT
25123307|123456|25123307|STUDENT
25123308|123456|25123308|STUDENT
25123309|123456|25123309|STUDENT
25123310|123456|25123310|STUDENT
25123311|123456|25123311|STUDENT
25123312|123456|25123312|STUDENT
25123313|123456|25123313|STUDENT
25123314|123456|25123314|STUDENT
25123315|123456|25123315|STUDENT
25123316|123456|25123316|STUDENT
25123317|123456|25123317|STUDENT
25123318|123456|25123318|STUDENT
25123319|123456|25123319|STUDENT
25123320|123456|25123320|STUDENT
25123321|123456|25123321|STUDENT
25123322|123456|25123322|STUDENT
25123323|123456|25123323|STUDENT
25123324|123456|25123324|STUDENT
25123325|123456|25123325|STUDENT
25123326|123456|25123326|STUDENT
25123327|123456|25123327|STUDENT
25123328|123456|25123328|STUDENT
25123329|123456|25123329|STUDENT
25123330|123456|25123330|STUDENT
25123331|123456|25123331|STUDENT
25123332|123456|25123332|STUDENT
25123333|123456|25123333|STUDENT
25123334|123456|25123334|STUDENT
25123335|123456|25123335|STUDENT
25123336|123456|25123336|STUDENT
25123337|123456|25123337|STUDENT
25123338|123456|25123338|STUDENT
25123339|123456|25123339|STUDENT
25123340|123456|25123340|STUDENT
25123401|123456|25123401|STUDENT
25123402|123456|25123402|STUDENT
25123403|123456|25123403|STUDENT
25123404|123456|25123404|STUDENT
25123405|123456|25123405|STUDENT
25123406|123456|25123406|STUDENT
25123407|123456|25123407|STUDENT
25123408|123456|25123408|STUDENT
25123409|123456|25123409|STUDENT
25123410|123456|25123410|STUDENT
25123411|123456|25123411|STUDENT
25123412|123456|25123412|STUDENT
25123413|123456|25123413|STUDENT
25123414|123456|25123414|STUDENT
25123415|123456|25123415|STUDENT
25123416|123456|25123416|STUDENT
25123417|123456|25123417|STUDENT
25123418|123456|25123418|STUDENT
25123419|123456|25123419|STUDENT
25123420|123456|25123420|STUDENT
25123421|123456|25123421|STUDENT
25123422|123456|25123422|STUDENT
25123423|123456|25123423|STUDENT
25123424|123456|25123424|STUDENT
25123425|123456|25123425|STUDENT
25123426|123456|25123426|STUDENT
25123427|123456|25123427|STUDENT
25123428|123456|25123428|STUDENT
25123429|123456|25123429|STUDENT
25123430|123456|25123430|STUDENT
25123431|123456|25123431|STUDENT
25123432|123456|25123432|STUDENT
25123433|123456|25123433|STUDENT
25123434|123456|25123434|STUDENT
25123435|123456|25123435|STUDENT
25123436|123456|25123436|STUDENT
25123437|123456|25123437|STUDENT
25123438|123456|25123438|STUDENT
25123439|123456|25123439|STUDENT
25123440|123456|25123440|STUDENT
25124101|123456|25124101|STUDENT
25124102|123456|25124102|STUDENT
25124103|123456|25124103|STUDENT
25124104|123456|25124104|STUDENT
25124105|123456|25124105|STUDENT
25124106|123456|25124106|STUDENT
25124107|123456|25124107|STUDENT
25124108|123456|25124108|STUDENT
25124109|123456|25124109|STUDENT
25124110|123456|25124110|STUDENT
25124111|123456|25124111|STUDENT
25124112|123456|25124112|STUDENT
25124113|123456|25124113|STUDENT
25124114|123456|25124114|STUDENT
25124115|123456|25124115|STUDENT
25124116|123456|25124116|STUDENT
25124117|123456|25124117|STUDENT
25124118|123456|25124118|STUDENT
25124119|123456|25124119|STUDENT
25124120|123456|25124120|STUDENT
25124121|123456|25124121|STUDENT
25124122|123456|25124122|STUDENT
25124123|123456|25124123|STUDENT
25124124|123456|25124124|STUDENT
25124125|123456|25124125|STUDENT
25124126|123456|25124126|STUDENT
25124127|123456|25124127|STUDENT
25124128|123456|25124128|STUDENT
25124129|123456|25124129|STUDENT
25124130|123456|25124130|STUDENT
25124131|123456|25124131|STUDENT
25124132|123456|25124132|STUDENT
25124133|123456|25124133|STUDENT
25124134|123456|25124134|STUDENT
25124135|123456|25124135|STUDENT
25124136|123456|25124136|STUDENT
25124137|123456|25124137|STUDENT
25124138|123456|25124138|STUDENT
25124139|123456|25124139|STUDENT
25124140|123456|25124140|STUDENT
25124201|123456|25124201|STUDENT
25124202|123456|25124202|STUDENT
25124203|123456|25124203|STUDENT
25124204|123456|25124204|STUDENT
25124205|123456|25124205|STUDENT
25124206|123456|25124206|STUDENT
25124207|123456|25124207|STUDENT
25124208|123456|25124208|STUDENT
25124209|123456|25124209|STUDENT
25124210|123456|25124210|STUDENT
25124211|123456|25124211|STUDENT
25124212|123456|25124212|STUDENT
25124213|123456|25124213|STUDENT
25124214|123456|25124214|STUDENT
25124215|123456|25124215|STUDENT
25124216|123456|25124216|STUDENT
25124217|123456|25124217|STUDENT
25124218|123456|25124218|STUDENT
25124219|123456|25124219|STUDENT
25124220|123456|25124220|STUDENT
25124221|123456|25124221|STUDENT
25124222|123456|25124222|STUDENT
25124223|123456|25124223|STUDENT
25124224|123456|25124224|STUDENT
25124225|123456|25124225|STUDENT
25124226|123456|25124226|STUDENT
25124227|123456|25124227|STUDENT
25124228|123456|25124228|STUDENT
25124229|123456|25124229|STUDENT
25124230|123456|25124230|STUDENT
25124231|123456|25124231|STUDENT
25124232|123456|25124232|STUDENT
25124233|123456|25124233|STUDENT
25124234|123456|25124234|STUDENT
25124235|123456|25124235|STUDENT
25124236|123456|25124236|STUDENT
25124237|123456|25124237|STUDENT
25124238|123456|25124238|STUDENT
25124239|123456|25124239|STUDENT
25124240|123456|25124240|STUDENT
25124301|123456|25124301|STUDENT
25124302|123456|25124302|STUDENT
25124303|123456|25124303|STUDENT
25124304|123456|25124304|STUDENT
25124305|123456|25124305|STUDENT
25124306|123456|25124306|STUDENT
25124307|123456|25124307|STUDENT
25124308|123456|25124308|STUDENT
25124309|123456|25124309|STUDENT
25124310|123456|25124310|STUDENT
25124311|123456|25124311|STUDENT
25124312|123456|25124312|STUDENT
25124313|123456|25124313|STUDENT
25124314|123456|25124314|STUDENT
25124315|123456|25124315|STUDENT
25124316|123456|25124316|STUDENT
25124317|123456|25124317|STUDENT
25124318|123456|25124318|STUDENT
25124319|123456|25124319|STUDENT
25124320|123456|25124320|STUDENT
25124321|123456|25124321|STUDENT
25124322|123456|25124322|STUDENT
25124323|123456|25124323|STUDENT
25124324|123456|25124324|STUDENT
25124325|123456|25124325|STUDENT
25124326|123456|25124326|STUDENT
25124327|123456|25124327|STUDENT
25124328|123456|25124328|STUDENT
25124329|123456|25124329|STUDENT
25124330|123456|25124330|STUDENT
25124331|123456|25124331|STUDENT
25124332|123456|25124332|STUDENT
25124333|123456|25124333|STUDENT
25124334|123456|25124334|STUDENT
25124335|123456|25124335|STUDENT
25124336|123456|25124336|STUDENT
25124337|123456|25124337|STUDENT
25124338|123456|25124338|STUDENT
25124339|123456|25124339|STUDENT
25124340|123456|25124340|STUDENT
25124401|123456|25124401|STUDENT
25124402|123456|25124402|STUDENT
25124403|123456|25124403|STUDENT
25124404|123456|25124404|STUDENT
25124405|123456|25124405|STUDENT
25124406|123456|25124406|STUDENT
25124407|123456|25124407|STUDENT
25124408|123456|25124408|STUDENT
25124409|123456|25124409|STUDENT
25124410|123456|25124410|STUDENT
25124411|123456|25124411|STUDENT
25124412|123456|25124412|STUDENT
25124413|123456|25124413|STUDENT
25124414|123456|25124414|STUDENT
25124415|123456|25124415|STUDENT
25124416|123456|25124416|STUDENT
25124417|123456|25124417|STUDENT
25124418|123456|25124418|STUDENT
25124419|123456|25124419|STUDENT
25124420|123456|25124420|STUDENT
25124421|123456|25124421|STUDENT
25124422|123456|25124422|STUDENT
25124423|123456|25124423|STUDENT
25124424|123456|25124424|STUDENT
25124425|123456|25124425|STUDENT
25124426|123456|25124426|STUDENT
25124427|123456|25124427|STUDENT
25124428|123456|25124428|STUDENT
25124429|123456|25124429|STUDENT
25124430|123456|25124430|STUDENT
25124431|123456|25124431|STUDENT
25124432|123456|25124432|STUDENT
25124433|123456|25124433|STUDENT
25124434|123456|25124434|STUDENT
25124435|123456|25124435|STUDENT
25124436|123456|25124436|STUDENT
25124437|123456|25124437|STUDENT
25124438|123456|25124438|STUDENT
25124439|123456|25124439|STUDENT
25124440|123456|25124440|STUDENT
24131101|123456|24131101|STUDENT
24131102|123456|24131102|STUDENT
24131103|123456|24131103|STUDENT
24131104|123456|24131104|STUDENT
24131105|123456|24131105|STUDENT
24131106|123456|24131106|STUDENT
24131107|123456|24131107|STUDENT
24131108|123456|24131108|STUDENT
24131109|123456|24131109|STUDENT
24131110|123456|24131110|STUDENT
24131111|123456|24131111|STUDENT
24131112|123456|24131112|STUDENT
24131113|123456|24131113|STUDENT
24131114|123456|24131114|STUDENT
24131115|123456|24131115|STUDENT
24131116|123456|24131116|STUDENT
24131117|123456|24131117|STUDENT
24131118|123456|24131118|STUDENT
24131119|123456|24131119|STUDENT
24131120|123456|24131120|STUDENT
24131121|123456|24131121|STUDENT
24131122|123456|24131122|STUDENT
24131123|123456|24131123|STUDENT
24131124|123456|24131124|STUDENT
24131125|123456|24131125|STUDENT
24131126|123456|24131126|STUDENT
24131127|123456|24131127|STUDENT
24131128|123456|24131128|STUDENT
24131129|123456|24131129|STUDENT
24131130|123456|24131130|STUDENT
24131131|123456|24131131|STUDENT
24131132|123456|24131132|STUDENT
24131133|123456|24131133|STUDENT
24131134|123456|24131134|STUDENT
24131135|123456|24131135|STUDENT
24131136|123456|24131136|STUDENT
24131137|123456|24131137|STUDENT
24131138|123456|24131138|STUDENT
24131139|123456|24131139|STUDENT
24131140|123456|24131140|STUDENT
24131201|123456|24131201|STUDENT
24131202|123456|24131202|STUDENT
24131203|123456|24131203|STUDENT
24131204|123456|24131204|STUDENT
24131205|123456|24131205|STUDENT
24131206|123456|24131206|STUDENT
24131207|123456|24131207|STUDENT
24131208|123456|24131208|STUDENT
24131209|123456|24131209|STUDENT
24131210|123456|24131210|STUDENT
24131211|123456|24131211|STUDENT
24131212|123456|24131212|STUDENT
24131213|123456|24131213|STUDENT
24131214|123456|24131214|STUDENT
24131215|123456|24131215|STUDENT
24131216|123456|24131216|STUDENT
24131217|123456|24131217|STUDENT
24131218|123456|24131218|STUDENT
24131219|123456|24131219|STUDENT
24131220|123456|24131220|STUDENT
24131221|123456|24131221|STUDENT
24131222|123456|24131222|STUDENT
24131223|123456|24131223|STUDENT
24131224|123456|24131224|STUDENT
24131225|123456|24131225|STUDENT
24131226|123456|24131226|STUDENT
24131227|123456|24131227|STUDENT
24131228|123456|24131228|STUDENT
24131229|123456|24131229|STUDENT
24131230|123456|24131230|STUDENT
24131231|123456|24131231|STUDENT
24131232|123456|24131232|STUDENT
24131233|123456|24131233|STUDENT
24131234|123456|24131234|STUDENT
24131235|123456|24131235|STUDENT
24131236|123456|24131236|STUDENT
24131237|123456|24131237|STUDENT
24131238|123456|24131238|STUDENT
24131239|123456|24131239|STUDENT
24131240|123456|24131240|STUDENT
24131301|123456|24131301|STUDENT
24131302|123456|24131302|STUDENT
24131303|123456|24131303|STUDENT
24131304|123456|24131304|STUDENT
24131305|123456|24131305|STUDENT
24131306|123456|24131306|STUDENT
24131307|123456|24131307|STUDENT
24131308|123456|24131308|STUDENT
24131309|123456|24131309|STUDENT
24131310|123456|24131310|STUDENT
24131311|123456|24131311|STUDENT
24131312|123456|24131312|STUDENT
24131313|123456|24131313|STUDENT
24131314|123456|24131314|STUDENT
24131315|123456|24131315|STUDENT
24131316|123456|24131316|STUDENT
24131317|123456|24131317|STUDENT
24131318|123456|24131318|STUDENT
24131319|123456|24131319|STUDENT
24131320|123456|24131320|STUDENT
24131321|123456|24131321|STUDENT
24131322|123456|24131322|STUDENT
24131323|123456|24131323|STUDENT
24131324|123456|24131324|STUDENT
24131325|123456|24131325|STUDENT
24131326|123456|24131326|STUDENT
24131327|123456|24131327|STUDENT
24131328|123456|24131328|STUDENT
24131329|123456|24131329|STUDENT
24131330|123456|24131330|STUDENT
24131331|123456|24131331|STUDENT
24131332|123456|24131332|STUDENT
24131333|123456|24131333|STUDENT
24131334|123456|24131334|STUDENT
24131335|123456|24131335|STUDENT
24131336|123456|24131336|STUDENT
24131337|123456|24131337|STUDENT
24131338|123456|24131338|STUDENT
24131339|123456|24131339|STUDENT
24131340|123456|24131340|STUDENT
24131401|123456|24131401|STUDENT
24131402|123456|24131402|STUDENT
24131403|123456|24131403|STUDENT
24131404|123456|24131404|STUDENT
24131405|123456|24131405|STUDENT
24131406|123456|24131406|STUDENT
24131407|123456|24131407|STUDENT
24131408|123456|24131408|STUDENT
24131409|123456|24131409|STUDENT
24131410|123456|24131410|STUDENT
24131411|123456|24131411|STUDENT
24131412|123456|24131412|STUDENT
24131413|123456|24131413|STUDENT
24131414|123456|24131414|STUDENT
24131415|123456|24131415|STUDENT
24131416|123456|24131416|STUDENT
24131417|123456|24131417|STUDENT
24131418|123456|24131418|STUDENT
24131419|123456|24131419|STUDENT
24131420|123456|24131420|STUDENT
24131421|123456|24131421|STUDENT
24131422|123456|24131422|STUDENT
24131423|123456|24131423|STUDENT
24131424|123456|24131424|STUDENT
24131425|123456|24131425|STUDENT
24131426|123456|24131426|STUDENT
24131427|123456|24131427|STUDENT
24131428|123456|24131428|STUDENT
24131429|123456|24131429|STUDENT
24131430|123456|24131430|STUDENT
24131431|123456|24131431|STUDENT
24131432|123456|24131432|STUDENT
24131433|123456|24131433|STUDENT
24131434|123456|24131434|STUDENT
24131435|123456|24131435|STUDENT
24131436|123456|24131436|STUDENT
24131437|123456|24131437|STUDENT
24131438|123456|24131438|STUDENT
24131439|123456|24131439|STUDENT
24131440|123456|24131440|STUDENT
24132101|123456|24132101|STUDENT
24132102|123456|24132102|STUDENT
24132103|123456|24132103|STUDENT
24132104|123456|24132104|STUDENT
24132105|123456|24132105|STUDENT
24132106|123456|24132106|STUDENT
24132107|123456|24132107|STUDENT
24132108|123456|24132108|STUDENT
24132109|123456|24132109|STUDENT
24132110|123456|24132110|STUDENT
24132111|123456|24132111|STUDENT
24132112|123456|24132112|STUDENT
24132113|123456|24132113|STUDENT
24132114|123456|24132114|STUDENT
24132115|123456|24132115|STUDENT
24132116|123456|24132116|STUDENT
24132117|123456|24132117|STUDENT
24132118|123456|24132118|STUDENT
24132119|123456|24132119|STUDENT
24132120|123456|24132120|STUDENT
24132121|123456|24132121|STUDENT
24132122|123456|24132122|STUDENT
24132123|123456|24132123|STUDENT
24132124|123456|24132124|STUDENT
24132125|123456|24132125|STUDENT
24132126|123456|24132126|STUDENT
24132127|123456|24132127|STUDENT
24132128|123456|24132128|STUDENT
24132129|123456|24132129|STUDENT
24132130|123456|24132130|STUDENT
24132131|123456|24132131|STUDENT
24132132|123456|24132132|STUDENT
24132133|123456|24132133|STUDENT
24132134|123456|24132134|STUDENT
24132135|123456|24132135|STUDENT
24132136|123456|24132136|STUDENT
24132137|123456|24132137|STUDENT
24132138|123456|24132138|STUDENT
24132139|123456|24132139|STUDENT
24132140|123456|24132140|STUDENT
24132201|123456|24132201|STUDENT
24132202|123456|24132202|STUDENT
24132203|123456|24132203|STUDENT
24132204|123456|24132204|STUDENT
24132205|123456|24132205|STUDENT
24132206|123456|24132206|STUDENT
24132207|123456|24132207|STUDENT
24132208|123456|24132208|STUDENT
24132209|123456|24132209|STUDENT
24132210|123456|24132210|STUDENT
24132211|123456|24132211|STUDENT
24132212|123456|24132212|STUDENT
24132213|123456|24132213|STUDENT
24132214|123456|24132214|STUDENT
24132215|123456|24132215|STUDENT
24132216|123456|24132216|STUDENT
24132217|123456|24132217|STUDENT
24132218|123456|24132218|STUDENT
24132219|123456|24132219|STUDENT
24132220|123456|24132220|STUDENT
24132221|123456|24132221|STUDENT
24132222|123456|24132222|STUDENT
24132223|123456|24132223|STUDENT
24132224|123456|24132224|STUDENT
24132225|123456|24132225|STUDENT
24132226|123456|24132226|STUDENT
24132227|123456|24132227|STUDENT
24132228|123456|24132228|STUDENT
24132229|123456|24132229|STUDENT
24132230|123456|24132230|STUDENT
24132231|123456|24132231|STUDENT
24132232|123456|24132232|STUDENT
24132233|123456|24132233|STUDENT
24132234|123456|24132234|STUDENT
24132235|123456|24132235|STUDENT
24132236|123456|24132236|STUDENT
24132237|123456|24132237|STUDENT
24132238|123456|24132238|STUDENT
24132239|123456|24132239|STUDENT
24132240|123456|24132240|STUDENT
24132301|123456|24132301|STUDENT
24132302|123456|24132302|STUDENT
24132303|123456|24132303|STUDENT
24132304|123456|24132304|STUDENT
24132305|123456|24132305|STUDENT
24132306|123456|24132306|STUDENT
24132307|123456|24132307|STUDENT
24132308|123456|24132308|STUDENT
24132309|123456|24132309|STUDENT
24132310|123456|24132310|STUDENT
24132311|123456|24132311|STUDENT
24132312|123456|24132312|STUDENT
24132313|123456|24132313|STUDENT
24132314|123456|24132314|STUDENT
24132315|123456|24132315|STUDENT
24132316|123456|24132316|STUDENT
24132317|123456|24132317|STUDENT
24132318|123456|24132318|STUDENT
24132319|123456|24132319|STUDENT
24132320|123456|24132320|STUDENT
24132321|123456|24132321|STUDENT
24132322|123456|24132322|STUDENT
24132323|123456|24132323|STUDENT
24132324|123456|24132324|STUDENT
24132325|123456|24132325|STUDENT
24132326|123456|24132326|STUDENT
24132327|123456|24132327|STUDENT
24132328|123456|24132328|STUDENT
24132329|123456|24132329|STUDENT
24132330|123456|24132330|STUDENT
24132331|123456|24132331|STUDENT
24132332|123456|24132332|STUDENT
24132333|123456|24132333|STUDENT
24132334|123456|24132334|STUDENT
24132335|123456|24132335|STUDENT
24132336|123456|24132336|STUDENT
24132337|123456|24132337|STUDENT
24132338|123456|24132338|STUDENT
24132339|123456|24132339|STUDENT
24132340|123456|24132340|STUDENT
24132401|123456|24132401|STUDENT
24132402|123456|24132402|STUDENT
24132403|123456|24132403|STUDENT
24132404|123456|24132404|STUDENT
24132405|123456|24132405|STUDENT
24132406|123456|24132406|STUDENT
24132407|123456|24132407|STUDENT
24132408|123456|24132408|STUDENT
24132409|123456|24132409|STUDENT
24132410|123456|24132410|STUDENT
24132411|123456|24132411|STUDENT
24132412|123456|24132412|STUDENT
24132413|123456|24132413|STUDENT
24132414|123456|24132414|STUDENT
24132415|123456|24132415|STUDENT
24132416|123456|24132416|STUDENT
24132417|123456|24132417|STUDENT
24132418|123456|24132418|STUDENT
24132419|123456|24132419|STUDENT
24132420|123456|24132420|STUDENT
24132421|123456|24132421|STUDENT
24132422|123456|24132422|STUDENT
24132423|123456|24132423|STUDENT
24132424|123456|24132424|STUDENT
24132425|123456|24132425|STUDENT
24132426|123456|24132426|STUDENT
24132427|123456|24132427|STUDENT
24132428|123456|24132428|STUDENT
24132429|123456|24132429|STUDENT
24132430|123456|24132430|STUDENT
24132431|123456|24132431|STUDENT
24132432|123456|24132432|STUDENT
24132433|123456|24132433|STUDENT
24132434|123456|24132434|STUDENT
24132435|123456|24132435|STUDENT
24132436|123456|24132436|STUDENT
24132437|123456|24132437|STUDENT
24132438|123456|24132438|STUDENT
24132439|123456|24132439|STUDENT
24132440|123456|24132440|STUDENT
24133101|123456|24133101|STUDENT
24133102|123456|24133102|STUDENT
24133103|123456|24133103|STUDENT
24133104|123456|24133104|STUDENT
24133105|123456|24133105|STUDENT
24133106|123456|24133106|STUDENT
24133107|123456|24133107|STUDENT
24133108|123456|24133108|STUDENT
24133109|123456|24133109|STUDENT
24133110|123456|24133110|STUDENT
24133111|123456|24133111|STUDENT
24133112|123456|24133112|STUDENT
24133113|123456|24133113|STUDENT
24133114|123456|24133114|STUDENT
24133115|123456|24133115|STUDENT
24133116|123456|24133116|STUDENT
24133117|123456|24133117|STUDENT
24133118|123456|24133118|STUDENT
24133119|123456|24133119|STUDENT
24133120|123456|24133120|STUDENT
24133121|123456|24133121|STUDENT
24133122|123456|24133122|STUDENT
24133123|123456|24133123|STUDENT
24133124|123456|24133124|STUDENT
24133125|123456|24133125|STUDENT
24133126|123456|24133126|STUDENT
24133127|123456|24133127|STUDENT
24133128|123456|24133128|STUDENT
24133129|123456|24133129|STUDENT
24133130|123456|24133130|STUDENT
24133131|123456|24133131|STUDENT
24133132|123456|24133132|STUDENT
24133133|123456|24133133|STUDENT
24133134|123456|24133134|STUDENT
24133135|123456|24133135|STUDENT
24133136|123456|24133136|STUDENT
24133137|123456|24133137|STUDENT
24133138|123456|24133138|STUDENT
24133139|123456|24133139|STUDENT
24133140|123456|24133140|STUDENT
24133201|123456|24133201|STUDENT
24133202|123456|24133202|STUDENT
24133203|123456|24133203|STUDENT
24133204|123456|24133204|STUDENT
24133205|123456|24133205|STUDENT
24133206|123456|24133206|STUDENT
24133207|123456|24133207|STUDENT
24133208|123456|24133208|STUDENT
24133209|123456|24133209|STUDENT
24133210|123456|24133210|STUDENT
24133211|123456|24133211|STUDENT
24133212|123456|24133212|STUDENT
24133213|123456|24133213|STUDENT
24133214|123456|24133214|STUDENT
24133215|123456|24133215|STUDENT
24133216|123456|24133216|STUDENT
24133217|123456|24133217|STUDENT
24133218|123456|24133218|STUDENT
24133219|123456|24133219|STUDENT
24133220|123456|24133220|STUDENT
24133221|123456|24133221|STUDENT
24133222|123456|24133222|STUDENT
24133223|123456|24133223|STUDENT
24133224|123456|24133224|STUDENT
24133225|123456|24133225|STUDENT
24133226|123456|24133226|STUDENT
24133227|123456|24133227|STUDENT
24133228|123456|24133228|STUDENT
24133229|123456|24133229|STUDENT
24133230|123456|24133230|STUDENT
24133231|123456|24133231|STUDENT
24133232|123456|24133232|STUDENT
24133233|123456|24133233|STUDENT
24133234|123456|24133234|STUDENT
24133235|123456|24133235|STUDENT
24133236|123456|24133236|STUDENT
24133237|123456|24133237|STUDENT
24133238|123456|24133238|STUDENT
24133239|123456|24133239|STUDENT
24133240|123456|24133240|STUDENT
24133301|123456|24133301|STUDENT
24133302|123456|24133302|STUDENT
24133303|123456|24133303|STUDENT
24133304|123456|24133304|STUDENT
24133305|123456|24133305|STUDENT
24133306|123456|24133306|STUDENT
24133307|123456|24133307|STUDENT
24133308|123456|24133308|STUDENT
24133309|123456|24133309|STUDENT
24133310|123456|24133310|STUDENT
24133311|123456|24133311|STUDENT
24133312|123456|24133312|STUDENT
24133313|123456|24133313|STUDENT
24133314|123456|24133314|STUDENT
24133315|123456|24133315|STUDENT
24133316|123456|24133316|STUDENT
24133317|123456|24133317|STUDENT
24133318|123456|24133318|STUDENT
24133319|123456|24133319|STUDENT
24133320|123456|24133320|STUDENT
24133321|123456|24133321|STUDENT
24133322|123456|24133322|STUDENT
24133323|123456|24133323|STUDENT
24133324|123456|24133324|STUDENT
24133325|123456|24133325|STUDENT
24133326|123456|24133326|STUDENT
24133327|123456|24133327|STUDENT
24133328|123456|24133328|STUDENT
24133329|123456|24133329|STUDENT
24133330|123456|24133330|STUDENT
24133331|123456|24133331|STUDENT
24133332|123456|24133332|STUDENT
24133333|123456|24133333|STUDENT
24133334|123456|24133334|STUDENT
24133335|123456|24133335|STUDENT
24133336|123456|24133336|STUDENT
24133337|123456|24133337|STUDENT
24133338|123456|24133338|STUDENT
24133339|123456|24133339|STUDENT
24133340|123456|24133340|STUDENT
24133401|123456|24133401|STUDENT
24133402|123456|24133402|STUDENT
24133403|123456|24133403|STUDENT
24133404|123456|24133404|STUDENT
24133405|123456|24133405|STUDENT
24133406|123456|24133406|STUDENT
24133407|123456|24133407|STUDENT
24133408|123456|24133408|STUDENT
24133409|123456|24133409|STUDENT
24133410|123456|24133410|STUDENT
24133411|123456|24133411|STUDENT
24133412|123456|24133412|STUDENT
24133413|123456|24133413|STUDENT
24133414|123456|24133414|STUDENT
24133415|123456|24133415|STUDENT
24133416|123456|24133416|STUDENT
24133417|123456|24133417|STUDENT
24133418|123456|24133418|STUDENT
24133419|123456|24133419|STUDENT
24133420|123456|24133420|STUDENT
24133421|123456|24133421|STUDENT
24133422|123456|24133422|STUDENT
24133423|123456|24133423|STUDENT
24133424|123456|24133424|STUDENT
24133425|123456|24133425|STUDENT
24133426|123456|24133426|STUDENT
24133427|123456|24133427|STUDENT
24133428|123456|24133428|STUDENT
24133429|123456|24133429|STUDENT
24133430|123456|24133430|STUDENT
24133431|123456|24133431|STUDENT
24133432|123456|24133432|STUDENT
24133433|123456|24133433|STUDENT
24133434|123456|24133434|STUDENT
24133435|123456|24133435|STUDENT
24133436|123456|24133436|STUDENT
24133437|123456|24133437|STUDENT
24133438|123456|24133438|STUDENT
24133439|123456|24133439|STUDENT
24133440|123456|24133440|STUDENT
24134101|123456|24134101|STUDENT
24134102|123456|24134102|STUDENT
24134103|123456|24134103|STUDENT
24134104|123456|24134104|STUDENT
24134105|123456|24134105|STUDENT
24134106|123456|24134106|STUDENT
24134107|123456|24134107|STUDENT
24134108|123456|24134108|STUDENT
24134109|123456|24134109|STUDENT
24134110|123456|24134110|STUDENT
24134111|123456|24134111|STUDENT
24134112|123456|24134112|STUDENT
24134113|123456|24134113|STUDENT
24134114|123456|24134114|STUDENT
24134115|123456|24134115|STUDENT
24134116|123456|24134116|STUDENT
24134117|123456|24134117|STUDENT
24134118|123456|24134118|STUDENT
24134119|123456|24134119|STUDENT
24134120|123456|24134120|STUDENT
24134121|123456|24134121|STUDENT
24134122|123456|24134122|STUDENT
24134123|123456|24134123|STUDENT
24134124|123456|24134124|STUDENT
24134125|123456|24134125|STUDENT
24134126|123456|24134126|STUDENT
24134127|123456|24134127|STUDENT
24134128|123456|24134128|STUDENT
24134129|123456|24134129|STUDENT
24134130|123456|24134130|STUDENT
24134131|123456|24134131|STUDENT
24134132|123456|24134132|STUDENT
24134133|123456|24134133|STUDENT
24134134|123456|24134134|STUDENT
24134135|123456|24134135|STUDENT
24134136|123456|24134136|STUDENT
24134137|123456|24134137|STUDENT
24134138|123456|24134138|STUDENT
24134139|123456|24134139|STUDENT
24134140|123456|24134140|STUDENT
24134201|123456|24134201|STUDENT
24134202|123456|24134202|STUDENT
24134203|123456|24134203|STUDENT
24134204|123456|24134204|STUDENT
24134205|123456|24134205|STUDENT
24134206|123456|24134206|STUDENT
24134207|123456|24134207|STUDENT
24134208|123456|24134208|STUDENT
24134209|123456|24134209|STUDENT
24134210|123456|24134210|STUDENT
24134211|123456|24134211|STUDENT
24134212|123456|24134212|STUDENT
24134213|123456|24134213|STUDENT
24134214|123456|24134214|STUDENT
24134215|123456|24134215|STUDENT
24134216|123456|24134216|STUDENT
24134217|123456|24134217|STUDENT
24134218|123456|24134218|STUDENT
24134219|123456|24134219|STUDENT
24134220|123456|24134220|STUDENT
24134221|123456|24134221|STUDENT
24134222|123456|24134222|STUDENT
24134223|123456|24134223|STUDENT
24134224|123456|24134224|STUDENT
24134225|123456|24134225|STUDENT
24134226|123456|24134226|STUDENT
24134227|123456|24134227|STUDENT
24134228|123456|24134228|STUDENT
24134229|123456|24134229|STUDENT
24134230|123456|24134230|STUDENT
24134231|123456|24134231|STUDENT
24134232|123456|24134232|STUDENT
24134233|123456|24134233|STUDENT
24134234|123456|24134234|STUDENT
24134235|123456|24134235|STUDENT
24134236|123456|24134236|STUDENT
24134237|123456|24134237|STUDENT
24134238|123456|24134238|STUDENT
24134239|123456|24134239|STUDENT
24134240|123456|24134240|STUDENT
24134301|123456|24134301|STUDENT
24134302|123456|24134302|STUDENT
24134303|123456|24134303|STUDENT
24134304|123456|24134304|STUDENT
24134305|123456|24134305|STUDENT
24134306|123456|24134306|STUDENT
24134307|123456|24134307|STUDENT
24134308|123456|24134308|STUDENT
24134309|123456|24134309|STUDENT
24134310|123456|24134310|STUDENT
24134311|123456|24134311|STUDENT
24134312|123456|24134312|STUDENT
24134313|123456|24134313|STUDENT
24134314|123456|24134314|STUDENT
24134315|123456|24134315|STUDENT
24134316|123456|24134316|STUDENT
24134317|123456|24134317|STUDENT
24134318|123456|24134318|STUDENT
24134319|123456|24134319|STUDENT
24134320|123456|24134320|STUDENT
24134321|123456|24134321|STUDENT
24134322|123456|24134322|STUDENT
24134323|123456|24134323|STUDENT
24134324|123456|24134324|STUDENT
24134325|123456|24134325|STUDENT
24134326|123456|24134326|STUDENT
24134327|123456|24134327|STUDENT
24134328|123456|24134328|STUDENT
24134329|123456|24134329|STUDENT
24134330|123456|24134330|STUDENT
24134331|123456|24134331|STUDENT
24134332|123456|24134332|STUDENT
24134333|123456|24134333|STUDENT
24134334|123456|24134334|STUDENT
24134335|123456|24134335|STUDENT
24134336|123456|24134336|STUDENT
24134337|123456|24134337|STUDENT
24134338|123456|24134338|STUDENT
24134339|123456|24134339|STUDENT
24134340|123456|24134340|STUDENT
24134401|123456|24134401|STUDENT
24134402|123456|24134402|STUDENT
24134403|123456|24134403|STUDENT
24134404|123456|24134404|STUDENT
24134405|123456|24134405|STUDENT
24134406|123456|24134406|STUDENT
24134407|123456|24134407|STUDENT
24134408|123456|24134408|STUDENT
24134409|123456|24134409|STUDENT
24134410|123456|24134410|STUDENT
24134411|123456|24134411|STUDENT
24134412|123456|24134412|STUDENT
24134413|123456|24134413|STUDENT
24134414|123456|24134414|STUDENT
24134415|123456|24134415|STUDENT
24134416|123456|24134416|STUDENT
24134417|123456|24134417|STUDENT
24134418|123456|24134418|STUDENT
24134419|123456|24134419|STUDENT
24134420|123456|24134420|STUDENT
24134421|123456|24134421|STUDENT
24134422|123456|24134422|STUDENT
24134423|123456|24134423|STUDENT
24134424|123456|24134424|STUDENT
24134425|123456|24134425|STUDENT
24134426|123456|24134426|STUDENT
24134427|123456|24134427|STUDENT
24134428|123456|24134428|STUDENT
24134429|123456|24134429|STUDENT
24134430|123456|24134430|STUDENT
24134431|123456|24134431|STUDENT
24134432|123456|24134432|STUDENT
24134433|123456|24134433|STUDENT
24134434|123456|24134434|STUDENT
24134435|123456|24134435|STUDENT
24134436|123456|24134436|STUDENT
24134437|123456|24134437|STUDENT
24134438|123456|24134438|STUDENT
24134439|123456|24134439|STUDENT
24134440|123456|24134440|STUDENT
25131101|123456|25131101|STUDENT
25131102|123456|25131102|STUDENT
25131103|123456|25131103|STUDENT
25131104|123456|25131104|STUDENT
25131105|123456|25131105|STUDENT
25131106|123456|25131106|STUDENT
25131107|123456|25131107|STUDENT
25131108|123456|25131108|STUDENT
25131109|123456|25131109|STUDENT
25131110|123456|25131110|STUDENT
25131111|123456|25131111|STUDENT
25131112|123456|25131112|STUDENT
25131113|123456|25131113|STUDENT
25131114|123456|25131114|STUDENT
25131115|123456|25131115|STUDENT
25131116|123456|25131116|STUDENT
25131117|123456|25131117|STUDENT
25131118|123456|25131118|STUDENT
25131119|123456|25131119|STUDENT
25131120|123456|25131120|STUDENT
25131121|123456|25131121|STUDENT
25131122|123456|25131122|STUDENT
25131123|123456|25131123|STUDENT
25131124|123456|25131124|STUDENT
25131125|123456|25131125|STUDENT
25131126|123456|25131126|STUDENT
25131127|123456|25131127|STUDENT
25131128|123456|25131128|STUDENT
25131129|123456|25131129|STUDENT
25131130|123456|25131130|STUDENT
25131131|123456|25131131|STUDENT
25131132|123456|25131132|STUDENT
25131133|123456|25131133|STUDENT
25131134|123456|25131134|STUDENT
25131135|123456|25131135|STUDENT
25131136|123456|25131136|STUDENT
25131137|123456|25131137|STUDENT
25131138|123456|25131138|STUDENT
25131139|123456|25131139|STUDENT
25131140|123456|25131140|STUDENT
25131201|123456|25131201|STUDENT
25131202|123456|25131202|STUDENT
25131203|123456|25131203|STUDENT
25131204|123456|25131204|STUDENT
25131205|123456|25131205|STUDENT
25131206|123456|25131206|STUDENT
25131207|123456|25131207|STUDENT
25131208|123456|25131208|STUDENT
25131209|123456|25131209|STUDENT
25131210|123456|25131210|STUDENT
25131211|123456|25131211|STUDENT
25131212|123456|25131212|STUDENT
25131213|123456|25131213|STUDENT
25131214|123456|25131214|STUDENT
25131215|123456|25131215|STUDENT
25131216|123456|25131216|STUDENT
25131217|123456|25131217|STUDENT
25131218|123456|25131218|STUDENT
25131219|123456|25131219|STUDENT
25131220|123456|25131220|STUDENT
25131221|123456|25131221|STUDENT
25131222|123456|25131222|STUDENT
25131223|123456|25131223|STUDENT
25131224|123456|25131224|STUDENT
25131225|123456|25131225|STUDENT
25131226|123456|25131226|STUDENT
25131227|123456|25131227|STUDENT
25131228|123456|25131228|STUDENT
25131229|123456|25131229|STUDENT
25131230|123456|25131230|STUDENT
25131231|123456|25131231|STUDENT
25131232|123456|25131232|STUDENT
25131233|123456|25131233|STUDENT
25131234|123456|25131234|STUDENT
25131235|123456|25131235|STUDENT
25131236|123456|25131236|STUDENT
25131237|123456|25131237|STUDENT
25131238|123456|25131238|STUDENT
25131239|123456|25131239|STUDENT
25131240|123456|25131240|STUDENT
25131301|123456|25131301|STUDENT
25131302|123456|25131302|STUDENT
25131303|123456|25131303|STUDENT
25131304|123456|25131304|STUDENT
25131305|123456|25131305|STUDENT
25131306|123456|25131306|STUDENT
25131307|123456|25131307|STUDENT
25131308|123456|25131308|STUDENT
25131309|123456|25131309|STUDENT
25131310|123456|25131310|STUDENT
25131311|123456|25131311|STUDENT
25131312|123456|25131312|STUDENT
25131313|123456|25131313|STUDENT
25131314|123456|25131314|STUDENT
25131315|123456|25131315|STUDENT
25131316|123456|25131316|STUDENT
25131317|123456|25131317|STUDENT
25131318|123456|25131318|STUDENT
25131319|123456|25131319|STUDENT
25131320|123456|25131320|STUDENT
25131321|123456|25131321|STUDENT
25131322|123456|25131322|STUDENT
25131323|123456|25131323|STUDENT
25131324|123456|25131324|STUDENT
25131325|123456|25131325|STUDENT
25131326|123456|25131326|STUDENT
25131327|123456|25131327|STUDENT
25131328|123456|25131328|STUDENT
25131329|123456|25131329|STUDENT
25131330|123456|25131330|STUDENT
25131331|123456|25131331|STUDENT
25131332|123456|25131332|STUDENT
25131333|123456|25131333|STUDENT
25131334|123456|25131334|STUDENT
25131335|123456|25131335|STUDENT
25131336|123456|25131336|STUDENT
25131337|123456|25131337|STUDENT
25131338|123456|25131338|STUDENT
25131339|123456|25131339|STUDENT
25131340|123456|25131340|STUDENT
25131401|123456|25131401|STUDENT
25131402|123456|25131402|STUDENT
25131403|123456|25131403|STUDENT
25131404|123456|25131404|STUDENT
25131405|123456|25131405|STUDENT
25131406|123456|25131406|STUDENT
25131407|123456|25131407|STUDENT
25131408|123456|25131408|STUDENT
25131409|123456|25131409|STUDENT
25131410|123456|25131410|STUDENT
25131411|123456|25131411|STUDENT
25131412|123456|25131412|STUDENT
25131413|123456|25131413|STUDENT
25131414|123456|25131414|STUDENT
25131415|123456|25131415|STUDENT
25131416|123456|25131416|STUDENT
25131417|123456|25131417|STUDENT
25131418|123456|25131418|STUDENT
25131419|123456|25131419|STUDENT
25131420|123456|25131420|STUDENT
25131421|123456|25131421|STUDENT
25131422|123456|25131422|STUDENT
25131423|123456|25131423|STUDENT
25131424|123456|25131424|STUDENT
25131425|123456|25131425|STUDENT
25131426|123456|25131426|STUDENT
25131427|123456|25131427|STUDENT
25131428|123456|25131428|STUDENT
25131429|123456|25131429|STUDENT
25131430|123456|25131430|STUDENT
25131431|123456|25131431|STUDENT
25131432|123456|25131432|STUDENT
25131433|123456|25131433|STUDENT
25131434|123456|25131434|STUDENT
25131435|123456|25131435|STUDENT
25131436|123456|25131436|STUDENT
25131437|123456|25131437|STUDENT
25131438|123456|25131438|STUDENT
25131439|123456|25131439|STUDENT
25131440|123456|25131440|STUDENT
25132101|123456|25132101|STUDENT
25132102|123456|25132102|STUDENT
25132103|123456|25132103|STUDENT
25132104|123456|25132104|STUDENT
25132105|123456|25132105|STUDENT
25132106|123456|25132106|STUDENT
25132107|123456|25132107|STUDENT
25132108|123456|25132108|STUDENT
25132109|123456|25132109|STUDENT
25132110|123456|25132110|STUDENT
25132111|123456|25132111|STUDENT
25132112|123456|25132112|STUDENT
25132113|123456|25132113|STUDENT
25132114|123456|25132114|STUDENT
25132115|123456|25132115|STUDENT
25132116|123456|25132116|STUDENT
25132117|123456|25132117|STUDENT
25132118|123456|25132118|STUDENT
25132119|123456|25132119|STUDENT
25132120|123456|25132120|STUDENT
25132121|123456|25132121|STUDENT
25132122|123456|25132122|STUDENT
25132123|123456|25132123|STUDENT
25132124|123456|25132124|STUDENT
25132125|123456|25132125|STUDENT
25132126|123456|25132126|STUDENT
25132127|123456|25132127|STUDENT
25132128|123456|25132128|STUDENT
25132129|123456|25132129|STUDENT
25132130|123456|25132130|STUDENT
25132131|123456|25132131|STUDENT
25132132|123456|25132132|STUDENT
25132133|123456|25132133|STUDENT
25132134|123456|25132134|STUDENT
25132135|123456|25132135|STUDENT
25132136|123456|25132136|STUDENT
25132137|123456|25132137|STUDENT
25132138|123456|25132138|STUDENT
25132139|123456|25132139|STUDENT
25132140|123456|25132140|STUDENT
25132201|123456|25132201|STUDENT
25132202|123456|25132202|STUDENT
25132203|123456|25132203|STUDENT
25132204|123456|25132204|STUDENT
25132205|123456|25132205|STUDENT
25132206|123456|25132206|STUDENT
25132207|123456|25132207|STUDENT
25132208|123456|25132208|STUDENT
25132209|123456|25132209|STUDENT
25132210|123456|25132210|STUDENT
25132211|123456|25132211|STUDENT
25132212|123456|25132212|STUDENT
25132213|123456|25132213|STUDENT
25132214|123456|25132214|STUDENT
25132215|123456|25132215|STUDENT
25132216|123456|25132216|STUDENT
25132217|123456|25132217|STUDENT
25132218|123456|25132218|STUDENT
25132219|123456|25132219|STUDENT
25132220|123456|25132220|STUDENT
25132221|123456|25132221|STUDENT
25132222|123456|25132222|STUDENT
25132223|123456|25132223|STUDENT
25132224|123456|25132224|STUDENT
25132225|123456|25132225|STUDENT
25132226|123456|25132226|STUDENT
25132227|123456|25132227|STUDENT
25132228|123456|25132228|STUDENT
25132229|123456|25132229|STUDENT
25132230|123456|25132230|STUDENT
25132231|123456|25132231|STUDENT
25132232|123456|25132232|STUDENT
25132233|123456|25132233|STUDENT
25132234|123456|25132234|STUDENT
25132235|123456|25132235|STUDENT
25132236|123456|25132236|STUDENT
25132237|123456|25132237|STUDENT
25132238|123456|25132238|STUDENT
25132239|123456|25132239|STUDENT
25132240|123456|25132240|STUDENT
25132301|123456|25132301|STUDENT
25132302|123456|25132302|STUDENT
25132303|123456|25132303|STUDENT
25132304|123456|25132304|STUDENT
25132305|123456|25132305|STUDENT
25132306|123456|25132306|STUDENT
25132307|123456|25132307|STUDENT
25132308|123456|25132308|STUDENT
25132309|123456|25132309|STUDENT
25132310|123456|25132310|STUDENT
25132311|123456|25132311|STUDENT
25132312|123456|25132312|STUDENT
25132313|123456|25132313|STUDENT
25132314|123456|25132314|STUDENT
25132315|123456|25132315|STUDENT
25132316|123456|25132316|STUDENT
25132317|123456|25132317|STUDENT
25132318|123456|25132318|STUDENT
25132319|123456|25132319|STUDENT
25132320|123456|25132320|STUDENT
25132321|123456|25132321|STUDENT
25132322|123456|25132322|STUDENT
25132323|123456|25132323|STUDENT
25132324|123456|25132324|STUDENT
25132325|123456|25132325|STUDENT
25132326|123456|25132326|STUDENT
25132327|123456|25132327|STUDENT
25132328|123456|25132328|STUDENT
25132329|123456|25132329|STUDENT
25132330|123456|25132330|STUDENT
25132331|123456|25132331|STUDENT
25132332|123456|25132332|STUDENT
25132333|123456|25132333|STUDENT
25132334|123456|25132334|STUDENT
25132335|123456|25132335|STUDENT
25132336|123456|25132336|STUDENT
25132337|123456|25132337|STUDENT
25132338|123456|25132338|STUDENT
25132339|123456|25132339|STUDENT
25132340|123456|25132340|STUDENT
25132401|123456|25132401|STUDENT
25132402|123456|25132402|STUDENT
25132403|123456|25132403|STUDENT
25132404|123456|25132404|STUDENT
25132405|123456|25132405|STUDENT
25132406|123456|25132406|STUDENT
25132407|123456|25132407|STUDENT
25132408|123456|25132408|STUDENT
25132409|123456|25132409|STUDENT
25132410|123456|25132410|STUDENT
25132411|123456|25132411|STUDENT
25132412|123456|25132412|STUDENT
25132413|123456|25132413|STUDENT
25132414|123456|25132414|STUDENT
25132415|123456|25132415|STUDENT
25132416|123456|25132416|STUDENT
25132417|123456|25132417|STUDENT
25132418|123456|25132418|STUDENT
25132419|123456|25132419|STUDENT
25132420|123456|25132420|STUDENT
25132421|123456|25132421|STUDENT
25132422|123456|25132422|STUDENT
25132423|123456|25132423|STUDENT
25132424|123456|25132424|STUDENT
25132425|123456|25132425|STUDENT
25132426|123456|25132426|STUDENT
25132427|123456|25132427|STUDENT
25132428|123456|25132428|STUDENT
25132429|123456|25132429|STUDENT
25132430|123456|25132430|STUDENT
25132431|123456|25132431|STUDENT
25132432|123456|25132432|STUDENT
25132433|123456|25132433|STUDENT
25132434|123456|25132434|STUDENT
25132435|123456|25132435|STUDENT
25132436|123456|25132436|STUDENT
25132437|123456|25132437|STUDENT
25132438|123456|25132438|STUDENT
25132439|123456|25132439|STUDENT
25132440|123456|25132440|STUDENT
25133101|123456|25133101|STUDENT
25133102|123456|25133102|STUDENT
25133103|123456|25133103|STUDENT
25133104|123456|25133104|STUDENT
25133105|123456|25133105|STUDENT
25133106|123456|25133106|STUDENT
25133107|123456|25133107|STUDENT
25133108|123456|25133108|STUDENT
25133109|123456|25133109|STUDENT
25133110|123456|25133110|STUDENT
25133111|123456|25133111|STUDENT
25133112|123456|25133112|STUDENT
25133113|123456|25133113|STUDENT
25133114|123456|25133114|STUDENT
25133115|123456|25133115|STUDENT
25133116|123456|25133116|STUDENT
25133117|123456|25133117|STUDENT
25133118|123456|25133118|STUDENT
25133119|123456|25133119|STUDENT
25133120|123456|25133120|STUDENT
25133121|123456|25133121|STUDENT
25133122|123456|25133122|STUDENT
25133123|123456|25133123|STUDENT
25133124|123456|25133124|STUDENT
25133125|123456|25133125|STUDENT
25133126|123456|25133126|STUDENT
25133127|123456|25133127|STUDENT
25133128|123456|25133128|STUDENT
25133129|123456|25133129|STUDENT
25133130|123456|25133130|STUDENT
25133131|123456|25133131|STUDENT
25133132|123456|25133132|STUDENT
25133133|123456|25133133|STUDENT
25133134|123456|25133134|STUDENT
25133135|123456|25133135|STUDENT
25133136|123456|25133136|STUDENT
25133137|123456|25133137|STUDENT
25133138|123456|25133138|STUDENT
25133139|123456|25133139|STUDENT
25133140|123456|25133140|STUDENT
25133201|123456|25133201|STUDENT
25133202|123456|25133202|STUDENT
25133203|123456|25133203|STUDENT
25133204|123456|25133204|STUDENT
25133205|123456|25133205|STUDENT
25133206|123456|25133206|STUDENT
25133207|123456|25133207|STUDENT
25133208|123456|25133208|STUDENT
25133209|123456|25133209|STUDENT
25133210|123456|25133210|STUDENT
25133211|123456|25133211|STUDENT
25133212|123456|25133212|STUDENT
25133213|123456|25133213|STUDENT
25133214|123456|25133214|STUDENT
25133215|123456|25133215|STUDENT
25133216|123456|25133216|STUDENT
25133217|123456|25133217|STUDENT
25133218|123456|25133218|STUDENT
25133219|123456|25133219|STUDENT
25133220|123456|25133220|STUDENT
25133221|123456|25133221|STUDENT
25133222|123456|25133222|STUDENT
25133223|123456|25133223|STUDENT
25133224|123456|25133224|STUDENT
25133225|123456|25133225|STUDENT
25133226|123456|25133226|STUDENT
25133227|123456|25133227|STUDENT
25133228|123456|25133228|STUDENT
25133229|123456|25133229|STUDENT
25133230|123456|25133230|STUDENT
25133231|123456|25133231|STUDENT
25133232|123456|25133232|STUDENT
25133233|123456|25133233|STUDENT
25133234|123456|25133234|STUDENT
25133235|123456|25133235|STUDENT
25133236|123456|25133236|STUDENT
25133237|123456|25133237|STUDENT
25133238|123456|25133238|STUDENT
25133239|123456|25133239|STUDENT
25133240|123456|25133240|STUDENT
25133301|123456|25133301|STUDENT
25133302|123456|25133302|STUDENT
25133303|123456|25133303|STUDENT
25133304|123456|25133304|STUDENT
25133305|123456|25133305|STUDENT
25133306|123456|25133306|STUDENT
25133307|123456|25133307|STUDENT
25133308|123456|25133308|STUDENT
25133309|123456|25133309|STUDENT
25133310|123456|25133310|STUDENT
25133311|123456|25133311|STUDENT
25133312|123456|25133312|STUDENT
25133313|123456|25133313|STUDENT
25133314|123456|25133314|STUDENT
25133315|123456|25133315|STUDENT
25133316|123456|25133316|STUDENT
25133317|123456|25133317|STUDENT
25133318|123456|25133318|STUDENT
25133319|123456|25133319|STUDENT
25133320|123456|25133320|STUDENT
25133321|123456|25133321|STUDENT
25133322|123456|25133322|STUDENT
25133323|123456|25133323|STUDENT
25133324|123456|25133324|STUDENT
25133325|123456|25133325|STUDENT
25133326|123456|25133326|STUDENT
25133327|123456|25133327|STUDENT
25133328|123456|25133328|STUDENT
25133329|123456|25133329|STUDENT
25133330|123456|25133330|STUDENT
25133331|123456|25133331|STUDENT
25133332|123456|25133332|STUDENT
25133333|123456|25133333|STUDENT
25133334|123456|25133334|STUDENT
25133335|123456|25133335|STUDENT
25133336|123456|25133336|STUDENT
25133337|123456|25133337|STUDENT
25133338|123456|25133338|STUDENT
25133339|123456|25133339|STUDENT
25133340|123456|25133340|STUDENT
25133401|123456|25133401|STUDENT
25133402|123456|25133402|STUDENT
25133403|123456|25133403|STUDENT
25133404|123456|25133404|STUDENT
25133405|123456|25133405|STUDENT
25133406|123456|25133406|STUDENT
25133407|123456|25133407|STUDENT
25133408|123456|25133408|STUDENT
25133409|123456|25133409|STUDENT
25133410|123456|25133410|STUDENT
25133411|123456|25133411|STUDENT
25133412|123456|25133412|STUDENT
25133413|123456|25133413|STUDENT
25133414|123456|25133414|STUDENT
25133415|123456|25133415|STUDENT
25133416|123456|25133416|STUDENT
25133417|123456|25133417|STUDENT
25133418|123456|25133418|STUDENT
25133419|123456|25133419|STUDENT
25133420|123456|25133420|STUDENT
25133421|123456|25133421|STUDENT
25133422|123456|25133422|STUDENT
25133423|123456|25133423|STUDENT
25133424|123456|25133424|STUDENT
25133425|123456|25133425|STUDENT
25133426|123456|25133426|STUDENT
25133427|123456|25133427|STUDENT
25133428|123456|25133428|STUDENT
25133429|123456|25133429|STUDENT
25133430|123456|25133430|STUDENT
25133431|123456|25133431|STUDENT
25133432|123456|25133432|STUDENT
25133433|123456|25133433|STUDENT
25133434|123456|25133434|STUDENT
25133435|123456|25133435|STUDENT
25133436|123456|25133436|STUDENT
25133437|123456|25133437|STUDENT
25133438|123456|25133438|STUDENT
25133439|123456|25133439|STUDENT
25133440|123456|25133440|STUDENT
25134101|123456|25134101|STUDENT
25134102|123456|25134102|STUDENT
25134103|123456|25134103|STUDENT
25134104|123456|25134104|STUDENT
25134105|123456|25134105|STUDENT
25134106|123456|25134106|STUDENT
25134107|123456|25134107|STUDENT
25134108|123456|25134108|STUDENT
25134109|123456|25134109|STUDENT
25134110|123456|25134110|STUDENT
25134111|123456|25134111|STUDENT
25134112|123456|25134112|STUDENT
25134113|123456|25134113|STUDENT
25134114|123456|25134114|STUDENT
25134115|123456|25134115|STUDENT
25134116|123456|25134116|STUDENT
25134117|123456|25134117|STUDENT
25134118|123456|25134118|STUDENT
25134119|123456|25134119|STUDENT
25134120|123456|25134120|STUDENT
25134121|123456|25134121|STUDENT
25134122|123456|25134122|STUDENT
25134123|123456|25134123|STUDENT
25134124|123456|25134124|STUDENT
25134125|123456|25134125|STUDENT
25134126|123456|25134126|STUDENT
25134127|123456|25134127|STUDENT
25134128|123456|25134128|STUDENT
25134129|123456|25134129|STUDENT
25134130|123456|25134130|STUDENT
25134131|123456|25134131|STUDENT
25134132|123456|25134132|STUDENT
25134133|123456|25134133|STUDENT
25134134|123456|25134134|STUDENT
25134135|123456|25134135|STUDENT
25134136|123456|25134136|STUDENT
25134137|123456|25134137|STUDENT
25134138|123456|25134138|STUDENT
25134139|123456|25134139|STUDENT
25134140|123456|25134140|STUDENT
25134201|123456|25134201|STUDENT
25134202|123456|25134202|STUDENT
25134203|123456|25134203|STUDENT
25134204|123456|25134204|STUDENT
25134205|123456|25134205|STUDENT
25134206|123456|25134206|STUDENT
25134207|123456|25134207|STUDENT
25134208|123456|25134208|STUDENT
25134209|123456|25134209|STUDENT
25134210|123456|25134210|STUDENT
25134211|123456|25134211|STUDENT
25134212|123456|25134212|STUDENT
25134213|123456|25134213|STUDENT
25134214|123456|25134214|STUDENT
25134215|123456|25134215|STUDENT
25134216|123456|25134216|STUDENT
25134217|123456|25134217|STUDENT
25134218|123456|25134218|STUDENT
25134219|123456|25134219|STUDENT
25134220|123456|25134220|STUDENT
25134221|123456|25134221|STUDENT
25134222|123456|25134222|STUDENT
25134223|123456|25134223|STUDENT
25134224|123456|25134224|STUDENT
25134225|123456|25134225|STUDENT
25134226|123456|25134226|STUDENT
25134227|123456|25134227|STUDENT
25134228|123456|25134228|STUDENT
25134229|123456|25134229|STUDENT
25134230|123456|25134230|STUDENT
25134231|123456|25134231|STUDENT
25134232|123456|25134232|STUDENT
25134233|123456|25134233|STUDENT
25134234|123456|25134234|STUDENT
25134235|123456|25134235|STUDENT
25134236|123456|25134236|STUDENT
25134237|123456|25134237|STUDENT
25134238|123456|25134238|STUDENT
25134239|123456|25134239|STUDENT
25134240|123456|25134240|STUDENT
25134301|123456|25134301|STUDENT
25134302|123456|25134302|STUDENT
25134303|123456|25134303|STUDENT
25134304|123456|25134304|STUDENT
25134305|123456|25134305|STUDENT
25134306|123456|25134306|STUDENT
25134307|123456|25134307|STUDENT
25134308|123456|25134308|STUDENT
25134309|123456|25134309|STUDENT
25134310|123456|25134310|STUDENT
25134311|123456|25134311|STUDENT
25134312|123456|25134312|STUDENT
25134313|123456|25134313|STUDENT
25134314|123456|25134314|STUDENT
25134315|123456|25134315|STUDENT
25134316|123456|25134316|STUDENT
25134317|123456|25134317|STUDENT
25134318|123456|25134318|STUDENT
25134319|123456|25134319|STUDENT
25134320|123456|25134320|STUDENT
25134321|123456|25134321|STUDENT
25134322|123456|25134322|STUDENT
25134323|123456|25134323|STUDENT
25134324|123456|25134324|STUDENT
25134325|123456|25134325|STUDENT
25134326|123456|25134326|STUDENT
25134327|123456|25134327|STUDENT
25134328|123456|25134328|STUDENT
25134329|123456|25134329|STUDENT
25134330|123456|25134330|STUDENT
25134331|123456|25134331|STUDENT
25134332|123456|25134332|STUDENT
25134333|123456|25134333|STUDENT
25134334|123456|25134334|STUDENT
25134335|123456|25134335|STUDENT
25134336|123456|25134336|STUDENT
25134337|123456|25134337|STUDENT
25134338|123456|25134338|STUDENT
25134339|123456|25134339|STUDENT
25134340|123456|25134340|STUDENT
25134401|123456|25134401|STUDENT
25134402|123456|25134402|STUDENT
25134403|123456|25134403|STUDENT
25134404|123456|25134404|STUDENT
25134405|123456|25134405|STUDENT
25134406|123456|25134406|STUDENT
25134407|123456|25134407|STUDENT
25134408|123456|25134408|STUDENT
25134409|123456|25134409|STUDENT
25134410|123456|25134410|STUDENT
25134411|123456|25134411|STUDENT
25134412|123456|25134412|STUDENT
25134413|123456|25134413|STUDENT
25134414|123456|25134414|STUDENT
25134415|123456|25134415|STUDENT
25134416|123456|25134416|STUDENT
25134417|123456|25134417|STUDENT
25134418|123456|25134418|STUDENT
25134419|123456|25134419|STUDENT
25134420|123456|25134420|STUDENT
25134421|123456|25134421|STUDENT
25134422|123456|25134422|STUDENT
25134423|123456|25134423|STUDENT
25134424|123456|25134424|STUDENT
25134425|123456|25134425|STUDENT
25134426|123456|25134426|STUDENT
25134427|123456|25134427|STUDENT
25134428|123456|25134428|STUDENT
25134429|123456|25134429|STUDENT
25134430|123456|25134430|STUDENT
25134431|123456|25134431|STUDENT
25134432|123456|25134432|STUDENT
25134433|123456|25134433|STUDENT
25134434|123456|25134434|STUDENT
25134435|123456|25134435|STUDENT
25134436|123456|25134436|STUDENT
25134437|123456|25134437|STUDENT
25134438|123456|25134438|STUDENT
25134439|123456|25134439|STUDENT
25134440|123456|25134440|STUDENT
24141101|123456|24141101|STUDENT
24141102|123456|24141102|STUDENT
24141103|123456|24141103|STUDENT
24141104|123456|24141104|STUDENT
24141105|123456|24141105|STUDENT
24141106|123456|24141106|STUDENT
24141107|123456|24141107|STUDENT
24141108|123456|24141108|STUDENT
24141109|123456|24141109|STUDENT
24141110|123456|24141110|STUDENT
24141111|123456|24141111|STUDENT
24141112|123456|24141112|STUDENT
24141113|123456|24141113|STUDENT
24141114|123456|24141114|STUDENT
24141115|123456|24141115|STUDENT
24141116|123456|24141116|STUDENT
24141117|123456|24141117|STUDENT
24141118|123456|24141118|STUDENT
24141119|123456|24141119|STUDENT
24141120|123456|24141120|STUDENT
24141121|123456|24141121|STUDENT
24141122|123456|24141122|STUDENT
24141123|123456|24141123|STUDENT
24141124|123456|24141124|STUDENT
24141125|123456|24141125|STUDENT
24141126|123456|24141126|STUDENT
24141127|123456|24141127|STUDENT
24141128|123456|24141128|STUDENT
24141129|123456|24141129|STUDENT
24141130|123456|24141130|STUDENT
24141131|123456|24141131|STUDENT
24141132|123456|24141132|STUDENT
24141133|123456|24141133|STUDENT
24141134|123456|24141134|STUDENT
24141135|123456|24141135|STUDENT
24141136|123456|24141136|STUDENT
24141137|123456|24141137|STUDENT
24141138|123456|24141138|STUDENT
24141139|123456|24141139|STUDENT
24141140|123456|24141140|STUDENT
24141201|123456|24141201|STUDENT
24141202|123456|24141202|STUDENT
24141203|123456|24141203|STUDENT
24141204|123456|24141204|STUDENT
24141205|123456|24141205|STUDENT
24141206|123456|24141206|STUDENT
24141207|123456|24141207|STUDENT
24141208|123456|24141208|STUDENT
24141209|123456|24141209|STUDENT
24141210|123456|24141210|STUDENT
24141211|123456|24141211|STUDENT
24141212|123456|24141212|STUDENT
24141213|123456|24141213|STUDENT
24141214|123456|24141214|STUDENT
24141215|123456|24141215|STUDENT
24141216|123456|24141216|STUDENT
24141217|123456|24141217|STUDENT
24141218|123456|24141218|STUDENT
24141219|123456|24141219|STUDENT
24141220|123456|24141220|STUDENT
24141221|123456|24141221|STUDENT
24141222|123456|24141222|STUDENT
24141223|123456|24141223|STUDENT
24141224|123456|24141224|STUDENT
24141225|123456|24141225|STUDENT
24141226|123456|24141226|STUDENT
24141227|123456|24141227|STUDENT
24141228|123456|24141228|STUDENT
24141229|123456|24141229|STUDENT
24141230|123456|24141230|STUDENT
24141231|123456|24141231|STUDENT
24141232|123456|24141232|STUDENT
24141233|123456|24141233|STUDENT
24141234|123456|24141234|STUDENT
24141235|123456|24141235|STUDENT
24141236|123456|24141236|STUDENT
24141237|123456|24141237|STUDENT
24141238|123456|24141238|STUDENT
24141239|123456|24141239|STUDENT
24141240|123456|24141240|STUDENT
24141301|123456|24141301|STUDENT
24141302|123456|24141302|STUDENT
24141303|123456|24141303|STUDENT
24141304|123456|24141304|STUDENT
24141305|123456|24141305|STUDENT
24141306|123456|24141306|STUDENT
24141307|123456|24141307|STUDENT
24141308|123456|24141308|STUDENT
24141309|123456|24141309|STUDENT
24141310|123456|24141310|STUDENT
24141311|123456|24141311|STUDENT
24141312|123456|24141312|STUDENT
24141313|123456|24141313|STUDENT
24141314|123456|24141314|STUDENT
24141315|123456|24141315|STUDENT
24141316|123456|24141316|STUDENT
24141317|123456|24141317|STUDENT
24141318|123456|24141318|STUDENT
24141319|123456|24141319|STUDENT
24141320|123456|24141320|STUDENT
24141321|123456|24141321|STUDENT
24141322|123456|24141322|STUDENT
24141323|123456|24141323|STUDENT
24141324|123456|24141324|STUDENT
24141325|123456|24141325|STUDENT
24141326|123456|24141326|STUDENT
24141327|123456|24141327|STUDENT
24141328|123456|24141328|STUDENT
24141329|123456|24141329|STUDENT
24141330|123456|24141330|STUDENT
24141331|123456|24141331|STUDENT
24141332|123456|24141332|STUDENT
24141333|123456|24141333|STUDENT
24141334|123456|24141334|STUDENT
24141335|123456|24141335|STUDENT
24141336|123456|24141336|STUDENT
24141337|123456|24141337|STUDENT
24141338|123456|24141338|STUDENT
24141339|123456|24141339|STUDENT
24141340|123456|24141340|STUDENT
24141401|123456|24141401|STUDENT
24141402|123456|24141402|STUDENT
24141403|123456|24141403|STUDENT
24141404|123456|24141404|STUDENT
24141405|123456|24141405|STUDENT
24141406|123456|24141406|STUDENT
24141407|123456|24141407|STUDENT
24141408|123456|24141408|STUDENT
24141409|123456|24141409|STUDENT
24141410|123456|24141410|STUDENT
24141411|123456|24141411|STUDENT
24141412|123456|24141412|STUDENT
24141413|123456|24141413|STUDENT
24141414|123456|24141414|STUDENT
24141415|123456|24141415|STUDENT
24141416|123456|24141416|STUDENT
24141417|123456|24141417|STUDENT
24141418|123456|24141418|STUDENT
24141419|123456|24141419|STUDENT
24141420|123456|24141420|STUDENT
24141421|123456|24141421|STUDENT
24141422|123456|24141422|STUDENT
24141423|123456|24141423|STUDENT
24141424|123456|24141424|STUDENT
24141425|123456|24141425|STUDENT
24141426|123456|24141426|STUDENT
24141427|123456|24141427|STUDENT
24141428|123456|24141428|STUDENT
24141429|123456|24141429|STUDENT
24141430|123456|24141430|STUDENT
24141431|123456|24141431|STUDENT
24141432|123456|24141432|STUDENT
24141433|123456|24141433|STUDENT
24141434|123456|24141434|STUDENT
24141435|123456|24141435|STUDENT
24141436|123456|24141436|STUDENT
24141437|123456|24141437|STUDENT
24141438|123456|24141438|STUDENT
24141439|123456|24141439|STUDENT
24141440|123456|24141440|STUDENT
24142101|123456|24142101|STUDENT
24142102|123456|24142102|STUDENT
24142103|123456|24142103|STUDENT
24142104|123456|24142104|STUDENT
24142105|123456|24142105|STUDENT
24142106|123456|24142106|STUDENT
24142107|123456|24142107|STUDENT
24142108|123456|24142108|STUDENT
24142109|123456|24142109|STUDENT
24142110|123456|24142110|STUDENT
24142111|123456|24142111|STUDENT
24142112|123456|24142112|STUDENT
24142113|123456|24142113|STUDENT
24142114|123456|24142114|STUDENT
24142115|123456|24142115|STUDENT
24142116|123456|24142116|STUDENT
24142117|123456|24142117|STUDENT
24142118|123456|24142118|STUDENT
24142119|123456|24142119|STUDENT
24142120|123456|24142120|STUDENT
24142121|123456|24142121|STUDENT
24142122|123456|24142122|STUDENT
24142123|123456|24142123|STUDENT
24142124|123456|24142124|STUDENT
24142125|123456|24142125|STUDENT
24142126|123456|24142126|STUDENT
24142127|123456|24142127|STUDENT
24142128|123456|24142128|STUDENT
24142129|123456|24142129|STUDENT
24142130|123456|24142130|STUDENT
24142131|123456|24142131|STUDENT
24142132|123456|24142132|STUDENT
24142133|123456|24142133|STUDENT
24142134|123456|24142134|STUDENT
24142135|123456|24142135|STUDENT
24142136|123456|24142136|STUDENT
24142137|123456|24142137|STUDENT
24142138|123456|24142138|STUDENT
24142139|123456|24142139|STUDENT
24142140|123456|24142140|STUDENT
24142201|123456|24142201|STUDENT
24142202|123456|24142202|STUDENT
24142203|123456|24142203|STUDENT
24142204|123456|24142204|STUDENT
24142205|123456|24142205|STUDENT
24142206|123456|24142206|STUDENT
24142207|123456|24142207|STUDENT
24142208|123456|24142208|STUDENT
24142209|123456|24142209|STUDENT
24142210|123456|24142210|STUDENT
24142211|123456|24142211|STUDENT
24142212|123456|24142212|STUDENT
24142213|123456|24142213|STUDENT
24142214|123456|24142214|STUDENT
24142215|123456|24142215|STUDENT
24142216|123456|24142216|STUDENT
24142217|123456|24142217|STUDENT
24142218|123456|24142218|STUDENT
24142219|123456|24142219|STUDENT
24142220|123456|24142220|STUDENT
24142221|123456|24142221|STUDENT
24142222|123456|24142222|STUDENT
24142223|123456|24142223|STUDENT
24142224|123456|24142224|STUDENT
24142225|123456|24142225|STUDENT
24142226|123456|24142226|STUDENT
24142227|123456|24142227|STUDENT
24142228|123456|24142228|STUDENT
24142229|123456|24142229|STUDENT
24142230|123456|24142230|STUDENT
24142231|123456|24142231|STUDENT
24142232|123456|24142232|STUDENT
24142233|123456|24142233|STUDENT
24142234|123456|24142234|STUDENT
24142235|123456|24142235|STUDENT
24142236|123456|24142236|STUDENT
24142237|123456|24142237|STUDENT
24142238|123456|24142238|STUDENT
24142239|123456|24142239|STUDENT
24142240|123456|24142240|STUDENT
24142301|123456|24142301|STUDENT
24142302|123456|24142302|STUDENT
24142303|123456|24142303|STUDENT
24142304|123456|24142304|STUDENT
24142305|123456|24142305|STUDENT
24142306|123456|24142306|STUDENT
24142307|123456|24142307|STUDENT
24142308|123456|24142308|STUDENT
24142309|123456|24142309|STUDENT
24142310|123456|24142310|STUDENT
24142311|123456|24142311|STUDENT
24142312|123456|24142312|STUDENT
24142313|123456|24142313|STUDENT
24142314|123456|24142314|STUDENT
24142315|123456|24142315|STUDENT
24142316|123456|24142316|STUDENT
24142317|123456|24142317|STUDENT
24142318|123456|24142318|STUDENT
24142319|123456|24142319|STUDENT
24142320|123456|24142320|STUDENT
24142321|123456|24142321|STUDENT
24142322|123456|24142322|STUDENT
24142323|123456|24142323|STUDENT
24142324|123456|24142324|STUDENT
24142325|123456|24142325|STUDENT
24142326|123456|24142326|STUDENT
24142327|123456|24142327|STUDENT
24142328|123456|24142328|STUDENT
24142329|123456|24142329|STUDENT
24142330|123456|24142330|STUDENT
24142331|123456|24142331|STUDENT
24142332|123456|24142332|STUDENT
24142333|123456|24142333|STUDENT
24142334|123456|24142334|STUDENT
24142335|123456|24142335|STUDENT
24142336|123456|24142336|STUDENT
24142337|123456|24142337|STUDENT
24142338|123456|24142338|STUDENT
24142339|123456|24142339|STUDENT
24142340|123456|24142340|STUDENT
24142401|123456|24142401|STUDENT
24142402|123456|24142402|STUDENT
24142403|123456|24142403|STUDENT
24142404|123456|24142404|STUDENT
24142405|123456|24142405|STUDENT
24142406|123456|24142406|STUDENT
24142407|123456|24142407|STUDENT
24142408|123456|24142408|STUDENT
24142409|123456|24142409|STUDENT
24142410|123456|24142410|STUDENT
24142411|123456|24142411|STUDENT
24142412|123456|24142412|STUDENT
24142413|123456|24142413|STUDENT
24142414|123456|24142414|STUDENT
24142415|123456|24142415|STUDENT
24142416|123456|24142416|STUDENT
24142417|123456|24142417|STUDENT
24142418|123456|24142418|STUDENT
24142419|123456|24142419|STUDENT
24142420|123456|24142420|STUDENT
24142421|123456|24142421|STUDENT
24142422|123456|24142422|STUDENT
24142423|123456|24142423|STUDENT
24142424|123456|24142424|STUDENT
24142425|123456|24142425|STUDENT
24142426|123456|24142426|STUDENT
24142427|123456|24142427|STUDENT
24142428|123456|24142428|STUDENT
24142429|123456|24142429|STUDENT
24142430|123456|24142430|STUDENT
24142431|123456|24142431|STUDENT
24142432|123456|24142432|STUDENT
24142433|123456|24142433|STUDENT
24142434|123456|24142434|STUDENT
24142435|123456|24142435|STUDENT
24142436|123456|24142436|STUDENT
24142437|123456|24142437|STUDENT
24142438|123456|24142438|STUDENT
24142439|123456|24142439|STUDENT
24142440|123456|24142440|STUDENT
24143101|123456|24143101|STUDENT
24143102|123456|24143102|STUDENT
24143103|123456|24143103|STUDENT
24143104|123456|24143104|STUDENT
24143105|123456|24143105|STUDENT
24143106|123456|24143106|STUDENT
24143107|123456|24143107|STUDENT
24143108|123456|24143108|STUDENT
24143109|123456|24143109|STUDENT
24143110|123456|24143110|STUDENT
24143111|123456|24143111|STUDENT
24143112|123456|24143112|STUDENT
24143113|123456|24143113|STUDENT
24143114|123456|24143114|STUDENT
24143115|123456|24143115|STUDENT
24143116|123456|24143116|STUDENT
24143117|123456|24143117|STUDENT
24143118|123456|24143118|STUDENT
24143119|123456|24143119|STUDENT
24143120|123456|24143120|STUDENT
24143121|123456|24143121|STUDENT
24143122|123456|24143122|STUDENT
24143123|123456|24143123|STUDENT
24143124|123456|24143124|STUDENT
24143125|123456|24143125|STUDENT
24143126|123456|24143126|STUDENT
24143127|123456|24143127|STUDENT
24143128|123456|24143128|STUDENT
24143129|123456|24143129|STUDENT
24143130|123456|24143130|STUDENT
24143131|123456|24143131|STUDENT
24143132|123456|24143132|STUDENT
24143133|123456|24143133|STUDENT
24143134|123456|24143134|STUDENT
24143135|123456|24143135|STUDENT
24143136|123456|24143136|STUDENT
24143137|123456|24143137|STUDENT
24143138|123456|24143138|STUDENT
24143139|123456|24143139|STUDENT
24143140|123456|24143140|STUDENT
24143201|123456|24143201|STUDENT
24143202|123456|24143202|STUDENT
24143203|123456|24143203|STUDENT
24143204|123456|24143204|STUDENT
24143205|123456|24143205|STUDENT
24143206|123456|24143206|STUDENT
24143207|123456|24143207|STUDENT
24143208|123456|24143208|STUDENT
24143209|123456|24143209|STUDENT
24143210|123456|24143210|STUDENT
24143211|123456|24143211|STUDENT
24143212|123456|24143212|STUDENT
24143213|123456|24143213|STUDENT
24143214|123456|24143214|STUDENT
24143215|123456|24143215|STUDENT
24143216|123456|24143216|STUDENT
24143217|123456|24143217|STUDENT
24143218|123456|24143218|STUDENT
24143219|123456|24143219|STUDENT
24143220|123456|24143220|STUDENT
24143221|123456|24143221|STUDENT
24143222|123456|24143222|STUDENT
24143223|123456|24143223|STUDENT
24143224|123456|24143224|STUDENT
24143225|123456|24143225|STUDENT
24143226|123456|24143226|STUDENT
24143227|123456|24143227|STUDENT
24143228|123456|24143228|STUDENT
24143229|123456|24143229|STUDENT
24143230|123456|24143230|STUDENT
24143231|123456|24143231|STUDENT
24143232|123456|24143232|STUDENT
24143233|123456|24143233|STUDENT
24143234|123456|24143234|STUDENT
24143235|123456|24143235|STUDENT
24143236|123456|24143236|STUDENT
24143237|123456|24143237|STUDENT
24143238|123456|24143238|STUDENT
24143239|123456|24143239|STUDENT
24143240|123456|24143240|STUDENT
24143301|123456|24143301|STUDENT
24143302|123456|24143302|STUDENT
24143303|123456|24143303|STUDENT
24143304|123456|24143304|STUDENT
24143305|123456|24143305|STUDENT
24143306|123456|24143306|STUDENT
24143307|123456|24143307|STUDENT
24143308|123456|24143308|STUDENT
24143309|123456|24143309|STUDENT
24143310|123456|24143310|STUDENT
24143311|123456|24143311|STUDENT
24143312|123456|24143312|STUDENT
24143313|123456|24143313|STUDENT
24143314|123456|24143314|STUDENT
24143315|123456|24143315|STUDENT
24143316|123456|24143316|STUDENT
24143317|123456|24143317|STUDENT
24143318|123456|24143318|STUDENT
24143319|123456|24143319|STUDENT
24143320|123456|24143320|STUDENT
24143321|123456|24143321|STUDENT
24143322|123456|24143322|STUDENT
24143323|123456|24143323|STUDENT
24143324|123456|24143324|STUDENT
24143325|123456|24143325|STUDENT
24143326|123456|24143326|STUDENT
24143327|123456|24143327|STUDENT
24143328|123456|24143328|STUDENT
24143329|123456|24143329|STUDENT
24143330|123456|24143330|STUDENT
24143331|123456|24143331|STUDENT
24143332|123456|24143332|STUDENT
24143333|123456|24143333|STUDENT
24143334|123456|24143334|STUDENT
24143335|123456|24143335|STUDENT
24143336|123456|24143336|STUDENT
24143337|123456|24143337|STUDENT
24143338|123456|24143338|STUDENT
24143339|123456|24143339|STUDENT
24143340|123456|24143340|STUDENT
24143401|123456|24143401|STUDENT
24143402|123456|24143402|STUDENT
24143403|123456|24143403|STUDENT
24143404|123456|24143404|STUDENT
24143405|123456|24143405|STUDENT
24143406|123456|24143406|STUDENT
24143407|123456|24143407|STUDENT
24143408|123456|24143408|STUDENT
24143409|123456|24143409|STUDENT
24143410|123456|24143410|STUDENT
24143411|123456|24143411|STUDENT
24143412|123456|24143412|STUDENT
24143413|123456|24143413|STUDENT
24143414|123456|24143414|STUDENT
24143415|123456|24143415|STUDENT
24143416|123456|24143416|STUDENT
24143417|123456|24143417|STUDENT
24143418|123456|24143418|STUDENT
24143419|123456|24143419|STUDENT
24143420|123456|24143420|STUDENT
24143421|123456|24143421|STUDENT
24143422|123456|24143422|STUDENT
24143423|123456|24143423|STUDENT
24143424|123456|24143424|STUDENT
24143425|123456|24143425|STUDENT
24143426|123456|24143426|STUDENT
24143427|123456|24143427|STUDENT
24143428|123456|24143428|STUDENT
24143429|123456|24143429|STUDENT
24143430|123456|24143430|STUDENT
24143431|123456|24143431|STUDENT
24143432|123456|24143432|STUDENT
24143433|123456|24143433|STUDENT
24143434|123456|24143434|STUDENT
24143435|123456|24143435|STUDENT
24143436|123456|24143436|STUDENT
24143437|123456|24143437|STUDENT
24143438|123456|24143438|STUDENT
24143439|123456|24143439|STUDENT
24143440|123456|24143440|STUDENT
24144101|123456|24144101|STUDENT
24144102|123456|24144102|STUDENT
24144103|123456|24144103|STUDENT
24144104|123456|24144104|STUDENT
24144105|123456|24144105|STUDENT
24144106|123456|24144106|STUDENT
24144107|123456|24144107|STUDENT
24144108|123456|24144108|STUDENT
24144109|123456|24144109|STUDENT
24144110|123456|24144110|STUDENT
24144111|123456|24144111|STUDENT
24144112|123456|24144112|STUDENT
24144113|123456|24144113|STUDENT
24144114|123456|24144114|STUDENT
24144115|123456|24144115|STUDENT
24144116|123456|24144116|STUDENT
24144117|123456|24144117|STUDENT
24144118|123456|24144118|STUDENT
24144119|123456|24144119|STUDENT
24144120|123456|24144120|STUDENT
24144121|123456|24144121|STUDENT
24144122|123456|24144122|STUDENT
24144123|123456|24144123|STUDENT
24144124|123456|24144124|STUDENT
24144125|123456|24144125|STUDENT
24144126|123456|24144126|STUDENT
24144127|123456|24144127|STUDENT
24144128|123456|24144128|STUDENT
24144129|123456|24144129|STUDENT
24144130|123456|24144130|STUDENT
24144131|123456|24144131|STUDENT
24144132|123456|24144132|STUDENT
24144133|123456|24144133|STUDENT
24144134|123456|24144134|STUDENT
24144135|123456|24144135|STUDENT
24144136|123456|24144136|STUDENT
24144137|123456|24144137|STUDENT
24144138|123456|24144138|STUDENT
24144139|123456|24144139|STUDENT
24144140|123456|24144140|STUDENT
24144201|123456|24144201|STUDENT
24144202|123456|24144202|STUDENT
24144203|123456|24144203|STUDENT
24144204|123456|24144204|STUDENT
24144205|123456|24144205|STUDENT
24144206|123456|24144206|STUDENT
24144207|123456|24144207|STUDENT
24144208|123456|24144208|STUDENT
24144209|123456|24144209|STUDENT
24144210|123456|24144210|STUDENT
24144211|123456|24144211|STUDENT
24144212|123456|24144212|STUDENT
24144213|123456|24144213|STUDENT
24144214|123456|24144214|STUDENT
24144215|123456|24144215|STUDENT
24144216|123456|24144216|STUDENT
24144217|123456|24144217|STUDENT
24144218|123456|24144218|STUDENT
24144219|123456|24144219|STUDENT
24144220|123456|24144220|STUDENT
24144221|123456|24144221|STUDENT
24144222|123456|24144222|STUDENT
24144223|123456|24144223|STUDENT
24144224|123456|24144224|STUDENT
24144225|123456|24144225|STUDENT
24144226|123456|24144226|STUDENT
24144227|123456|24144227|STUDENT
24144228|123456|24144228|STUDENT
24144229|123456|24144229|STUDENT
24144230|123456|24144230|STUDENT
24144231|123456|24144231|STUDENT
24144232|123456|24144232|STUDENT
24144233|123456|24144233|STUDENT
24144234|123456|24144234|STUDENT
24144235|123456|24144235|STUDENT
24144236|123456|24144236|STUDENT
24144237|123456|24144237|STUDENT
24144238|123456|24144238|STUDENT
24144239|123456|24144239|STUDENT
24144240|123456|24144240|STUDENT
24144301|123456|24144301|STUDENT
24144302|123456|24144302|STUDENT
24144303|123456|24144303|STUDENT
24144304|123456|24144304|STUDENT
24144305|123456|24144305|STUDENT
24144306|123456|24144306|STUDENT
24144307|123456|24144307|STUDENT
24144308|123456|24144308|STUDENT
24144309|123456|24144309|STUDENT
24144310|123456|24144310|STUDENT
24144311|123456|24144311|STUDENT
24144312|123456|24144312|STUDENT
24144313|123456|24144313|STUDENT
24144314|123456|24144314|STUDENT
24144315|123456|24144315|STUDENT
24144316|123456|24144316|STUDENT
24144317|123456|24144317|STUDENT
24144318|123456|24144318|STUDENT
24144319|123456|24144319|STUDENT
24144320|123456|24144320|STUDENT
24144321|123456|24144321|STUDENT
24144322|123456|24144322|STUDENT
24144323|123456|24144323|STUDENT
24144324|123456|24144324|STUDENT
24144325|123456|24144325|STUDENT
24144326|123456|24144326|STUDENT
24144327|123456|24144327|STUDENT
24144328|123456|24144328|STUDENT
24144329|123456|24144329|STUDENT
24144330|123456|24144330|STUDENT
24144331|123456|24144331|STUDENT
24144332|123456|24144332|STUDENT
24144333|123456|24144333|STUDENT
24144334|123456|24144334|STUDENT
24144335|123456|24144335|STUDENT
24144336|123456|24144336|STUDENT
24144337|123456|24144337|STUDENT
24144338|123456|24144338|STUDENT
24144339|123456|24144339|STUDENT
24144340|123456|24144340|STUDENT
24144401|123456|24144401|STUDENT
24144402|123456|24144402|STUDENT
24144403|123456|24144403|STUDENT
24144404|123456|24144404|STUDENT
24144405|123456|24144405|STUDENT
24144406|123456|24144406|STUDENT
24144407|123456|24144407|STUDENT
24144408|123456|24144408|STUDENT
24144409|123456|24144409|STUDENT
24144410|123456|24144410|STUDENT
24144411|123456|24144411|STUDENT
24144412|123456|24144412|STUDENT
24144413|123456|24144413|STUDENT
24144414|123456|24144414|STUDENT
24144415|123456|24144415|STUDENT
24144416|123456|24144416|STUDENT
24144417|123456|24144417|STUDENT
24144418|123456|24144418|STUDENT
24144419|123456|24144419|STUDENT
24144420|123456|24144420|STUDENT
24144421|123456|24144421|STUDENT
24144422|123456|24144422|STUDENT
24144423|123456|24144423|STUDENT
24144424|123456|24144424|STUDENT
24144425|123456|24144425|STUDENT
24144426|123456|24144426|STUDENT
24144427|123456|24144427|STUDENT
24144428|123456|24144428|STUDENT
24144429|123456|24144429|STUDENT
24144430|123456|24144430|STUDENT
24144431|123456|24144431|STUDENT
24144432|123456|24144432|STUDENT
24144433|123456|24144433|STUDENT
24144434|123456|24144434|STUDENT
24144435|123456|24144435|STUDENT
24144436|123456|24144436|STUDENT
24144437|123456|24144437|STUDENT
24144438|123456|24144438|STUDENT
24144439|123456|24144439|STUDENT
24144440|123456|24144440|STUDENT
25141101|123456|25141101|STUDENT
25141102|123456|25141102|STUDENT
25141103|123456|25141103|STUDENT
25141104|123456|25141104|STUDENT
25141105|123456|25141105|STUDENT
25141106|123456|25141106|STUDENT
25141107|123456|25141107|STUDENT
25141108|123456|25141108|STUDENT
25141109|123456|25141109|STUDENT
25141110|123456|25141110|STUDENT
25141111|123456|25141111|STUDENT
25141112|123456|25141112|STUDENT
25141113|123456|25141113|STUDENT
25141114|123456|25141114|STUDENT
25141115|123456|25141115|STUDENT
25141116|123456|25141116|STUDENT
25141117|123456|25141117|STUDENT
25141118|123456|25141118|STUDENT
25141119|123456|25141119|STUDENT
25141120|123456|25141120|STUDENT
25141121|123456|25141121|STUDENT
25141122|123456|25141122|STUDENT
25141123|123456|25141123|STUDENT
25141124|123456|25141124|STUDENT
25141125|123456|25141125|STUDENT
25141126|123456|25141126|STUDENT
25141127|123456|25141127|STUDENT
25141128|123456|25141128|STUDENT
25141129|123456|25141129|STUDENT
25141130|123456|25141130|STUDENT
25141131|123456|25141131|STUDENT
25141132|123456|25141132|STUDENT
25141133|123456|25141133|STUDENT
25141134|123456|25141134|STUDENT
25141135|123456|25141135|STUDENT
25141136|123456|25141136|STUDENT
25141137|123456|25141137|STUDENT
25141138|123456|25141138|STUDENT
25141139|123456|25141139|STUDENT
25141140|123456|25141140|STUDENT
25141201|123456|25141201|STUDENT
25141202|123456|25141202|STUDENT
25141203|123456|25141203|STUDENT
25141204|123456|25141204|STUDENT
25141205|123456|25141205|STUDENT
25141206|123456|25141206|STUDENT
25141207|123456|25141207|STUDENT
25141208|123456|25141208|STUDENT
25141209|123456|25141209|STUDENT
25141210|123456|25141210|STUDENT
25141211|123456|25141211|STUDENT
25141212|123456|25141212|STUDENT
25141213|123456|25141213|STUDENT
25141214|123456|25141214|STUDENT
25141215|123456|25141215|STUDENT
25141216|123456|25141216|STUDENT
25141217|123456|25141217|STUDENT
25141218|123456|25141218|STUDENT
25141219|123456|25141219|STUDENT
25141220|123456|25141220|STUDENT
25141221|123456|25141221|STUDENT
25141222|123456|25141222|STUDENT
25141223|123456|25141223|STUDENT
25141224|123456|25141224|STUDENT
25141225|123456|25141225|STUDENT
25141226|123456|25141226|STUDENT
25141227|123456|25141227|STUDENT
25141228|123456|25141228|STUDENT
25141229|123456|25141229|STUDENT
25141230|123456|25141230|STUDENT
25141231|123456|25141231|STUDENT
25141232|123456|25141232|STUDENT
25141233|123456|25141233|STUDENT
25141234|123456|25141234|STUDENT
25141235|123456|25141235|STUDENT
25141236|123456|25141236|STUDENT
25141237|123456|25141237|STUDENT
25141238|123456|25141238|STUDENT
25141239|123456|25141239|STUDENT
25141240|123456|25141240|STUDENT
25141301|123456|25141301|STUDENT
25141302|123456|25141302|STUDENT
25141303|123456|25141303|STUDENT
25141304|123456|25141304|STUDENT
25141305|123456|25141305|STUDENT
25141306|123456|25141306|STUDENT
25141307|123456|25141307|STUDENT
25141308|123456|25141308|STUDENT
25141309|123456|25141309|STUDENT
25141310|123456|25141310|STUDENT
25141311|123456|25141311|STUDENT
25141312|123456|25141312|STUDENT
25141313|123456|25141313|STUDENT
25141314|123456|25141314|STUDENT
25141315|123456|25141315|STUDENT
25141316|123456|25141316|STUDENT
25141317|123456|25141317|STUDENT
25141318|123456|25141318|STUDENT
25141319|123456|25141319|STUDENT
25141320|123456|25141320|STUDENT
25141321|123456|25141321|STUDENT
25141322|123456|25141322|STUDENT
25141323|123456|25141323|STUDENT
25141324|123456|25141324|STUDENT
25141325|123456|25141325|STUDENT
25141326|123456|25141326|STUDENT
25141327|123456|25141327|STUDENT
25141328|123456|25141328|STUDENT
25141329|123456|25141329|STUDENT
25141330|123456|25141330|STUDENT
25141331|123456|25141331|STUDENT
25141332|123456|25141332|STUDENT
25141333|123456|25141333|STUDENT
25141334|123456|25141334|STUDENT
25141335|123456|25141335|STUDENT
25141336|123456|25141336|STUDENT
25141337|123456|25141337|STUDENT
25141338|123456|25141338|STUDENT
25141339|123456|25141339|STUDENT
25141340|123456|25141340|STUDENT
25141401|123456|25141401|STUDENT
25141402|123456|25141402|STUDENT
25141403|123456|25141403|STUDENT
25141404|123456|25141404|STUDENT
25141405|123456|25141405|STUDENT
25141406|123456|25141406|STUDENT
25141407|123456|25141407|STUDENT
25141408|123456|25141408|STUDENT
25141409|123456|25141409|STUDENT
25141410|123456|25141410|STUDENT
25141411|123456|25141411|STUDENT
25141412|123456|25141412|STUDENT
25141413|123456|25141413|STUDENT
25141414|123456|25141414|STUDENT
25141415|123456|25141415|STUDENT
25141416|123456|25141416|STUDENT
25141417|123456|25141417|STUDENT
25141418|123456|25141418|STUDENT
25141419|123456|25141419|STUDENT
25141420|123456|25141420|STUDENT
25141421|123456|25141421|STUDENT
25141422|123456|25141422|STUDENT
25141423|123456|25141423|STUDENT
25141424|123456|25141424|STUDENT
25141425|123456|25141425|STUDENT
25141426|123456|25141426|STUDENT
25141427|123456|25141427|STUDENT
25141428|123456|25141428|STUDENT
25141429|123456|25141429|STUDENT
25141430|123456|25141430|STUDENT
25141431|123456|25141431|STUDENT
25141432|123456|25141432|STUDENT
25141433|123456|25141433|STUDENT
25141434|123456|25141434|STUDENT
25141435|123456|25141435|STUDENT
25141436|123456|25141436|STUDENT
25141437|123456|25141437|STUDENT
25141438|123456|25141438|STUDENT
25141439|123456|25141439|STUDENT
25141440|123456|25141440|STUDENT
25142101|123456|25142101|STUDENT
25142102|123456|25142102|STUDENT
25142103|123456|25142103|STUDENT
25142104|123456|25142104|STUDENT
25142105|123456|25142105|STUDENT
25142106|123456|25142106|STUDENT
25142107|123456|25142107|STUDENT
25142108|123456|25142108|STUDENT
25142109|123456|25142109|STUDENT
25142110|123456|25142110|STUDENT
25142111|123456|25142111|STUDENT
25142112|123456|25142112|STUDENT
25142113|123456|25142113|STUDENT
25142114|123456|25142114|STUDENT
25142115|123456|25142115|STUDENT
25142116|123456|25142116|STUDENT
25142117|123456|25142117|STUDENT
25142118|123456|25142118|STUDENT
25142119|123456|25142119|STUDENT
25142120|123456|25142120|STUDENT
25142121|123456|25142121|STUDENT
25142122|123456|25142122|STUDENT
25142123|123456|25142123|STUDENT
25142124|123456|25142124|STUDENT
25142125|123456|25142125|STUDENT
25142126|123456|25142126|STUDENT
25142127|123456|25142127|STUDENT
25142128|123456|25142128|STUDENT
25142129|123456|25142129|STUDENT
25142130|123456|25142130|STUDENT
25142131|123456|25142131|STUDENT
25142132|123456|25142132|STUDENT
25142133|123456|25142133|STUDENT
25142134|123456|25142134|STUDENT
25142135|123456|25142135|STUDENT
25142136|123456|25142136|STUDENT
25142137|123456|25142137|STUDENT
25142138|123456|25142138|STUDENT
25142139|123456|25142139|STUDENT
25142140|123456|25142140|STUDENT
25142201|123456|25142201|STUDENT
25142202|123456|25142202|STUDENT
25142203|123456|25142203|STUDENT
25142204|123456|25142204|STUDENT
25142205|123456|25142205|STUDENT
25142206|123456|25142206|STUDENT
25142207|123456|25142207|STUDENT
25142208|123456|25142208|STUDENT
25142209|123456|25142209|STUDENT
25142210|123456|25142210|STUDENT
25142211|123456|25142211|STUDENT
25142212|123456|25142212|STUDENT
25142213|123456|25142213|STUDENT
25142214|123456|25142214|STUDENT
25142215|123456|25142215|STUDENT
25142216|123456|25142216|STUDENT
25142217|123456|25142217|STUDENT
25142218|123456|25142218|STUDENT
25142219|123456|25142219|STUDENT
25142220|123456|25142220|STUDENT
25142221|123456|25142221|STUDENT
25142222|123456|25142222|STUDENT
25142223|123456|25142223|STUDENT
25142224|123456|25142224|STUDENT
25142225|123456|25142225|STUDENT
25142226|123456|25142226|STUDENT
25142227|123456|25142227|STUDENT
25142228|123456|25142228|STUDENT
25142229|123456|25142229|STUDENT
25142230|123456|25142230|STUDENT
25142231|123456|25142231|STUDENT
25142232|123456|25142232|STUDENT
25142233|123456|25142233|STUDENT
25142234|123456|25142234|STUDENT
25142235|123456|25142235|STUDENT
25142236|123456|25142236|STUDENT
25142237|123456|25142237|STUDENT
25142238|123456|25142238|STUDENT
25142239|123456|25142239|STUDENT
25142240|123456|25142240|STUDENT
25142301|123456|25142301|STUDENT
25142302|123456|25142302|STUDENT
25142303|123456|25142303|STUDENT
25142304|123456|25142304|STUDENT
25142305|123456|25142305|STUDENT
25142306|123456|25142306|STUDENT
25142307|123456|25142307|STUDENT
25142308|123456|25142308|STUDENT
25142309|123456|25142309|STUDENT
25142310|123456|25142310|STUDENT
25142311|123456|25142311|STUDENT
25142312|123456|25142312|STUDENT
25142313|123456|25142313|STUDENT
25142314|123456|25142314|STUDENT
25142315|123456|25142315|STUDENT
25142316|123456|25142316|STUDENT
25142317|123456|25142317|STUDENT
25142318|123456|25142318|STUDENT
25142319|123456|25142319|STUDENT
25142320|123456|25142320|STUDENT
25142321|123456|25142321|STUDENT
25142322|123456|25142322|STUDENT
25142323|123456|25142323|STUDENT
25142324|123456|25142324|STUDENT
25142325|123456|25142325|STUDENT
25142326|123456|25142326|STUDENT
25142327|123456|25142327|STUDENT
25142328|123456|25142328|STUDENT
25142329|123456|25142329|STUDENT
25142330|123456|25142330|STUDENT
25142331|123456|25142331|STUDENT
25142332|123456|25142332|STUDENT
25142333|123456|25142333|STUDENT
25142334|123456|25142334|STUDENT
25142335|123456|25142335|STUDENT
25142336|123456|25142336|STUDENT
25142337|123456|25142337|STUDENT
25142338|123456|25142338|STUDENT
25142339|123456|25142339|STUDENT
25142340|123456|25142340|STUDENT
25142401|123456|25142401|STUDENT
25142402|123456|25142402|STUDENT
25142403|123456|25142403|STUDENT
25142404|123456|25142404|STUDENT
25142405|123456|25142405|STUDENT
25142406|123456|25142406|STUDENT
25142407|123456|25142407|STUDENT
25142408|123456|25142408|STUDENT
25142409|123456|25142409|STUDENT
25142410|123456|25142410|STUDENT
25142411|123456|25142411|STUDENT
25142412|123456|25142412|STUDENT
25142413|123456|25142413|STUDENT
25142414|123456|25142414|STUDENT
25142415|123456|25142415|STUDENT
25142416|123456|25142416|STUDENT
25142417|123456|25142417|STUDENT
25142418|123456|25142418|STUDENT
25142419|123456|25142419|STUDENT
25142420|123456|25142420|STUDENT
25142421|123456|25142421|STUDENT
25142422|123456|25142422|STUDENT
25142423|123456|25142423|STUDENT
25142424|123456|25142424|STUDENT
25142425|123456|25142425|STUDENT
25142426|123456|25142426|STUDENT
25142427|123456|25142427|STUDENT
25142428|123456|25142428|STUDENT
25142429|123456|25142429|STUDENT
25142430|123456|25142430|STUDENT
25142431|123456|25142431|STUDENT
25142432|123456|25142432|STUDENT
25142433|123456|25142433|STUDENT
25142434|123456|25142434|STUDENT
25142435|123456|25142435|STUDENT
25142436|123456|25142436|STUDENT
25142437|123456|25142437|STUDENT
25142438|123456|25142438|STUDENT
25142439|123456|25142439|STUDENT
25142440|123456|25142440|STUDENT
25143101|123456|25143101|STUDENT
25143102|123456|25143102|STUDENT
25143103|123456|25143103|STUDENT
25143104|123456|25143104|STUDENT
25143105|123456|25143105|STUDENT
25143106|123456|25143106|STUDENT
25143107|123456|25143107|STUDENT
25143108|123456|25143108|STUDENT
25143109|123456|25143109|STUDENT
25143110|123456|25143110|STUDENT
25143111|123456|25143111|STUDENT
25143112|123456|25143112|STUDENT
25143113|123456|25143113|STUDENT
25143114|123456|25143114|STUDENT
25143115|123456|25143115|STUDENT
25143116|123456|25143116|STUDENT
25143117|123456|25143117|STUDENT
25143118|123456|25143118|STUDENT
25143119|123456|25143119|STUDENT
25143120|123456|25143120|STUDENT
25143121|123456|25143121|STUDENT
25143122|123456|25143122|STUDENT
25143123|123456|25143123|STUDENT
25143124|123456|25143124|STUDENT
25143125|123456|25143125|STUDENT
25143126|123456|25143126|STUDENT
25143127|123456|25143127|STUDENT
25143128|123456|25143128|STUDENT
25143129|123456|25143129|STUDENT
25143130|123456|25143130|STUDENT
25143131|123456|25143131|STUDENT
25143132|123456|25143132|STUDENT
25143133|123456|25143133|STUDENT
25143134|123456|25143134|STUDENT
25143135|123456|25143135|STUDENT
25143136|123456|25143136|STUDENT
25143137|123456|25143137|STUDENT
25143138|123456|25143138|STUDENT
25143139|123456|25143139|STUDENT
25143140|123456|25143140|STUDENT
25143201|123456|25143201|STUDENT
25143202|123456|25143202|STUDENT
25143203|123456|25143203|STUDENT
25143204|123456|25143204|STUDENT
25143205|123456|25143205|STUDENT
25143206|123456|25143206|STUDENT
25143207|123456|25143207|STUDENT
25143208|123456|25143208|STUDENT
25143209|123456|25143209|STUDENT
25143210|123456|25143210|STUDENT
25143211|123456|25143211|STUDENT
25143212|123456|25143212|STUDENT
25143213|123456|25143213|STUDENT
25143214|123456|25143214|STUDENT
25143215|123456|25143215|STUDENT
25143216|123456|25143216|STUDENT
25143217|123456|25143217|STUDENT
25143218|123456|25143218|STUDENT
25143219|123456|25143219|STUDENT
25143220|123456|25143220|STUDENT
25143221|123456|25143221|STUDENT
25143222|123456|25143222|STUDENT
25143223|123456|25143223|STUDENT
25143224|123456|25143224|STUDENT
25143225|123456|25143225|STUDENT
25143226|123456|25143226|STUDENT
25143227|123456|25143227|STUDENT
25143228|123456|25143228|STUDENT
25143229|123456|25143229|STUDENT
25143230|123456|25143230|STUDENT
25143231|123456|25143231|STUDENT
25143232|123456|25143232|STUDENT
25143233|123456|25143233|STUDENT
25143234|123456|25143234|STUDENT
25143235|123456|25143235|STUDENT
25143236|123456|25143236|STUDENT
25143237|123456|25143237|STUDENT
25143238|123456|25143238|STUDENT
25143239|123456|25143239|STUDENT
25143240|123456|25143240|STUDENT
25143301|123456|25143301|STUDENT
25143302|123456|25143302|STUDENT
25143303|123456|25143303|STUDENT
25143304|123456|25143304|STUDENT
25143305|123456|25143305|STUDENT
25143306|123456|25143306|STUDENT
25143307|123456|25143307|STUDENT
25143308|123456|25143308|STUDENT
25143309|123456|25143309|STUDENT
25143310|123456|25143310|STUDENT
25143311|123456|25143311|STUDENT
25143312|123456|25143312|STUDENT
25143313|123456|25143313|STUDENT
25143314|123456|25143314|STUDENT
25143315|123456|25143315|STUDENT
25143316|123456|25143316|STUDENT
25143317|123456|25143317|STUDENT
25143318|123456|25143318|STUDENT
25143319|123456|25143319|STUDENT
25143320|123456|25143320|STUDENT
25143321|123456|25143321|STUDENT
25143322|123456|25143322|STUDENT
25143323|123456|25143323|STUDENT
25143324|123456|25143324|STUDENT
25143325|123456|25143325|STUDENT
25143326|123456|25143326|STUDENT
25143327|123456|25143327|STUDENT
25143328|123456|25143328|STUDENT
25143329|123456|25143329|STUDENT
25143330|123456|25143330|STUDENT
25143331|123456|25143331|STUDENT
25143332|123456|25143332|STUDENT
25143333|123456|25143333|STUDENT
25143334|123456|25143334|STUDENT
25143335|123456|25143335|STUDENT
25143336|123456|25143336|STUDENT
25143337|123456|25143337|STUDENT
25143338|123456|25143338|STUDENT
25143339|123456|25143339|STUDENT
25143340|123456|25143340|STUDENT
25143401|123456|25143401|STUDENT
25143402|123456|25143402|STUDENT
25143403|123456|25143403|STUDENT
25143404|123456|25143404|STUDENT
25143405|123456|25143405|STUDENT
25143406|123456|25143406|STUDENT
25143407|123456|25143407|STUDENT
25143408|123456|25143408|STUDENT
25143409|123456|25143409|STUDENT
25143410|123456|25143410|STUDENT
25143411|123456|25143411|STUDENT
25143412|123456|25143412|STUDENT
25143413|123456|25143413|STUDENT
25143414|123456|25143414|STUDENT
25143415|123456|25143415|STUDENT
25143416|123456|25143416|STUDENT
25143417|123456|25143417|STUDENT
25143418|123456|25143418|STUDENT
25143419|123456|25143419|STUDENT
25143420|123456|25143420|STUDENT
25143421|123456|25143421|STUDENT
25143422|123456|25143422|STUDENT
25143423|123456|25143423|STUDENT
25143424|123456|25143424|STUDENT
25143425|123456|25143425|STUDENT
25143426|123456|25143426|STUDENT
25143427|123456|25143427|STUDENT
25143428|123456|25143428|STUDENT
25143429|123456|25143429|STUDENT
25143430|123456|25143430|STUDENT
25143431|123456|25143431|STUDENT
25143432|123456|25143432|STUDENT
25143433|123456|25143433|STUDENT
25143434|123456|25143434|STUDENT
25143435|123456|25143435|STUDENT
25143436|123456|25143436|STUDENT
25143437|123456|25143437|STUDENT
25143438|123456|25143438|STUDENT
25143439|123456|25143439|STUDENT
25143440|123456|25143440|STUDENT
25144101|123456|25144101|STUDENT
25144102|123456|25144102|STUDENT
25144103|123456|25144103|STUDENT
25144104|123456|25144104|STUDENT
25144105|123456|25144105|STUDENT
25144106|123456|25144106|STUDENT
25144107|123456|25144107|STUDENT
25144108|123456|25144108|STUDENT
25144109|123456|25144109|STUDENT
25144110|123456|25144110|STUDENT
25144111|123456|25144111|STUDENT
25144112|123456|25144112|STUDENT
25144113|123456|25144113|STUDENT
25144114|123456|25144114|STUDENT
25144115|123456|25144115|STUDENT
25144116|123456|25144116|STUDENT
25144117|123456|25144117|STUDENT
25144118|123456|25144118|STUDENT
25144119|123456|25144119|STUDENT
25144120|123456|25144120|STUDENT
25144121|123456|25144121|STUDENT
25144122|123456|25144122|STUDENT
25144123|123456|25144123|STUDENT
25144124|123456|25144124|STUDENT
25144125|123456|25144125|STUDENT
25144126|123456|25144126|STUDENT
25144127|123456|25144127|STUDENT
25144128|123456|25144128|STUDENT
25144129|123456|25144129|STUDENT
25144130|123456|25144130|STUDENT
25144131|123456|25144131|STUDENT
25144132|123456|25144132|STUDENT
25144133|123456|25144133|STUDENT
25144134|123456|25144134|STUDENT
25144135|123456|25144135|STUDENT
25144136|123456|25144136|STUDENT
25144137|123456|25144137|STUDENT
25144138|123456|25144138|STUDENT
25144139|123456|25144139|STUDENT
25144140|123456|25144140|STUDENT
25144201|123456|25144201|STUDENT
25144202|123456|25144202|STUDENT
25144203|123456|25144203|STUDENT
25144204|123456|25144204|STUDENT
25144205|123456|25144205|STUDENT
25144206|123456|25144206|STUDENT
25144207|123456|25144207|STUDENT
25144208|123456|25144208|STUDENT
25144209|123456|25144209|STUDENT
25144210|123456|25144210|STUDENT
25144211|123456|25144211|STUDENT
25144212|123456|25144212|STUDENT
25144213|123456|25144213|STUDENT
25144214|123456|25144214|STUDENT
25144215|123456|25144215|STUDENT
25144216|123456|25144216|STUDENT
25144217|123456|25144217|STUDENT
25144218|123456|25144218|STUDENT
25144219|123456|25144219|STUDENT
25144220|123456|25144220|STUDENT
25144221|123456|25144221|STUDENT
25144222|123456|25144222|STUDENT
25144223|123456|25144223|STUDENT
25144224|123456|25144224|STUDENT
25144225|123456|25144225|STUDENT
25144226|123456|25144226|STUDENT
25144227|123456|25144227|STUDENT
25144228|123456|25144228|STUDENT
25144229|123456|25144229|STUDENT
25144230|123456|25144230|STUDENT
25144231|123456|25144231|STUDENT
25144232|123456|25144232|STUDENT
25144233|123456|25144233|STUDENT
25144234|123456|25144234|STUDENT
25144235|123456|25144235|STUDENT
25144236|123456|25144236|STUDENT
25144237|123456|25144237|STUDENT
25144238|123456|25144238|STUDENT
25144239|123456|25144239|STUDENT
25144240|123456|25144240|STUDENT
25144301|123456|25144301|STUDENT
25144302|123456|25144302|STUDENT
25144303|123456|25144303|STUDENT
25144304|123456|25144304|STUDENT
25144305|123456|25144305|STUDENT
25144306|123456|25144306|STUDENT
25144307|123456|25144307|STUDENT
25144308|123456|25144308|STUDENT
25144309|123456|25144309|STUDENT
25144310|123456|25144310|STUDENT
25144311|123456|25144311|STUDENT
25144312|123456|25144312|STUDENT
25144313|123456|25144313|STUDENT
25144314|123456|25144314|STUDENT
25144315|123456|25144315|STUDENT
25144316|123456|25144316|STUDENT
25144317|123456|25144317|STUDENT
25144318|123456|25144318|STUDENT
25144319|123456|25144319|STUDENT
25144320|123456|25144320|STUDENT
25144321|123456|25144321|STUDENT
25144322|123456|25144322|STUDENT
25144323|123456|25144323|STUDENT
25144324|123456|25144324|STUDENT
25144325|123456|25144325|STUDENT
25144326|123456|25144326|STUDENT
25144327|123456|25144327|STUDENT
25144328|123456|25144328|STUDENT
25144329|123456|25144329|STUDENT
25144330|123456|25144330|STUDENT
25144331|123456|25144331|STUDENT
25144332|123456|25144332|STUDENT
25144333|123456|25144333|STUDENT
25144334|123456|25144334|STUDENT
25144335|123456|25144335|STUDENT
25144336|123456|25144336|STUDENT
25144337|123456|25144337|STUDENT
25144338|123456|25144338|STUDENT
25144339|123456|25144339|STUDENT
25144340|123456|25144340|STUDENT
25144401|123456|25144401|STUDENT
25144402|123456|25144402|STUDENT
25144403|123456|25144403|STUDENT
25144404|123456|25144404|STUDENT
25144405|123456|25144405|STUDENT
25144406|123456|25144406|STUDENT
25144407|123456|25144407|STUDENT
25144408|123456|25144408|STUDENT
25144409|123456|25144409|STUDENT
25144410|123456|25144410|STUDENT
25144411|123456|25144411|STUDENT
25144412|123456|25144412|STUDENT
25144413|123456|25144413|STUDENT
25144414|123456|25144414|STUDENT
25144415|123456|25144415|STUDENT
25144416|123456|25144416|STUDENT
25144417|123456|25144417|STUDENT
25144418|123456|25144418|STUDENT
25144419|123456|25144419|STUDENT
25144420|123456|25144420|STUDENT
25144421|123456|25144421|STUDENT
25144422|123456|25144422|STUDENT
25144423|123456|25144423|STUDENT
25144424|123456|25144424|STUDENT
25144425|123456|25144425|STUDENT
25144426|123456|25144426|STUDENT
25144427|123456|25144427|STUDENT
25144428|123456|25144428|STUDENT
25144429|123456|25144429|STUDENT
25144430|123456|25144430|STUDENT
25144431|123456|25144431|STUDENT
25144432|123456|25144432|STUDENT
25144433|123456|25144433|STUDENT
25144434|123456|25144434|STUDENT
25144435|123456|25144435|STUDENT
25144436|123456|25144436|STUDENT
25144437|123456|25144437|STUDENT
25144438|123456|25144438|STUDENT
25144439|123456|25144439|STUDENT
25144440|123456|25144440|STUDENT
24151101|123456|24151101|STUDENT
24151102|123456|24151102|STUDENT
24151103|123456|24151103|STUDENT
24151104|123456|24151104|STUDENT
24151105|123456|24151105|STUDENT
24151106|123456|24151106|STUDENT
24151107|123456|24151107|STUDENT
24151108|123456|24151108|STUDENT
24151109|123456|24151109|STUDENT
24151110|123456|24151110|STUDENT
24151111|123456|24151111|STUDENT
24151112|123456|24151112|STUDENT
24151113|123456|24151113|STUDENT
24151114|123456|24151114|STUDENT
24151115|123456|24151115|STUDENT
24151116|123456|24151116|STUDENT
24151117|123456|24151117|STUDENT
24151118|123456|24151118|STUDENT
24151119|123456|24151119|STUDENT
24151120|123456|24151120|STUDENT
24151121|123456|24151121|STUDENT
24151122|123456|24151122|STUDENT
24151123|123456|24151123|STUDENT
24151124|123456|24151124|STUDENT
24151125|123456|24151125|STUDENT
24151126|123456|24151126|STUDENT
24151127|123456|24151127|STUDENT
24151128|123456|24151128|STUDENT
24151129|123456|24151129|STUDENT
24151130|123456|24151130|STUDENT
24151131|123456|24151131|STUDENT
24151132|123456|24151132|STUDENT
24151133|123456|24151133|STUDENT
24151134|123456|24151134|STUDENT
24151135|123456|24151135|STUDENT
24151136|123456|24151136|STUDENT
24151137|123456|24151137|STUDENT
24151138|123456|24151138|STUDENT
24151139|123456|24151139|STUDENT
24151140|123456|24151140|STUDENT
24151201|123456|24151201|STUDENT
24151202|123456|24151202|STUDENT
24151203|123456|24151203|STUDENT
24151204|123456|24151204|STUDENT
24151205|123456|24151205|STUDENT
24151206|123456|24151206|STUDENT
24151207|123456|24151207|STUDENT
24151208|123456|24151208|STUDENT
24151209|123456|24151209|STUDENT
24151210|123456|24151210|STUDENT
24151211|123456|24151211|STUDENT
24151212|123456|24151212|STUDENT
24151213|123456|24151213|STUDENT
24151214|123456|24151214|STUDENT
24151215|123456|24151215|STUDENT
24151216|123456|24151216|STUDENT
24151217|123456|24151217|STUDENT
24151218|123456|24151218|STUDENT
24151219|123456|24151219|STUDENT
24151220|123456|24151220|STUDENT
24151221|123456|24151221|STUDENT
24151222|123456|24151222|STUDENT
24151223|123456|24151223|STUDENT
24151224|123456|24151224|STUDENT
24151225|123456|24151225|STUDENT
24151226|123456|24151226|STUDENT
24151227|123456|24151227|STUDENT
24151228|123456|24151228|STUDENT
24151229|123456|24151229|STUDENT
24151230|123456|24151230|STUDENT
24151231|123456|24151231|STUDENT
24151232|123456|24151232|STUDENT
24151233|123456|24151233|STUDENT
24151234|123456|24151234|STUDENT
24151235|123456|24151235|STUDENT
24151236|123456|24151236|STUDENT
24151237|123456|24151237|STUDENT
24151238|123456|24151238|STUDENT
24151239|123456|24151239|STUDENT
24151240|123456|24151240|STUDENT
24151301|123456|24151301|STUDENT
24151302|123456|24151302|STUDENT
24151303|123456|24151303|STUDENT
24151304|123456|24151304|STUDENT
24151305|123456|24151305|STUDENT
24151306|123456|24151306|STUDENT
24151307|123456|24151307|STUDENT
24151308|123456|24151308|STUDENT
24151309|123456|24151309|STUDENT
24151310|123456|24151310|STUDENT
24151311|123456|24151311|STUDENT
24151312|123456|24151312|STUDENT
24151313|123456|24151313|STUDENT
24151314|123456|24151314|STUDENT
24151315|123456|24151315|STUDENT
24151316|123456|24151316|STUDENT
24151317|123456|24151317|STUDENT
24151318|123456|24151318|STUDENT
24151319|123456|24151319|STUDENT
24151320|123456|24151320|STUDENT
24151321|123456|24151321|STUDENT
24151322|123456|24151322|STUDENT
24151323|123456|24151323|STUDENT
24151324|123456|24151324|STUDENT
24151325|123456|24151325|STUDENT
24151326|123456|24151326|STUDENT
24151327|123456|24151327|STUDENT
24151328|123456|24151328|STUDENT
24151329|123456|24151329|STUDENT
24151330|123456|24151330|STUDENT
24151331|123456|24151331|STUDENT
24151332|123456|24151332|STUDENT
24151333|123456|24151333|STUDENT
24151334|123456|24151334|STUDENT
24151335|123456|24151335|STUDENT
24151336|123456|24151336|STUDENT
24151337|123456|24151337|STUDENT
24151338|123456|24151338|STUDENT
24151339|123456|24151339|STUDENT
24151340|123456|24151340|STUDENT
24151401|123456|24151401|STUDENT
24151402|123456|24151402|STUDENT
24151403|123456|24151403|STUDENT
24151404|123456|24151404|STUDENT
24151405|123456|24151405|STUDENT
24151406|123456|24151406|STUDENT
24151407|123456|24151407|STUDENT
24151408|123456|24151408|STUDENT
24151409|123456|24151409|STUDENT
24151410|123456|24151410|STUDENT
24151411|123456|24151411|STUDENT
24151412|123456|24151412|STUDENT
24151413|123456|24151413|STUDENT
24151414|123456|24151414|STUDENT
24151415|123456|24151415|STUDENT
24151416|123456|24151416|STUDENT
24151417|123456|24151417|STUDENT
24151418|123456|24151418|STUDENT
24151419|123456|24151419|STUDENT
24151420|123456|24151420|STUDENT
24151421|123456|24151421|STUDENT
24151422|123456|24151422|STUDENT
24151423|123456|24151423|STUDENT
24151424|123456|24151424|STUDENT
24151425|123456|24151425|STUDENT
24151426|123456|24151426|STUDENT
24151427|123456|24151427|STUDENT
24151428|123456|24151428|STUDENT
24151429|123456|24151429|STUDENT
24151430|123456|24151430|STUDENT
24151431|123456|24151431|STUDENT
24151432|123456|24151432|STUDENT
24151433|123456|24151433|STUDENT
24151434|123456|24151434|STUDENT
24151435|123456|24151435|STUDENT
24151436|123456|24151436|STUDENT
24151437|123456|24151437|STUDENT
24151438|123456|24151438|STUDENT
24151439|123456|24151439|STUDENT
24151440|123456|24151440|STUDENT
24152101|123456|24152101|STUDENT
24152102|123456|24152102|STUDENT
24152103|123456|24152103|STUDENT
24152104|123456|24152104|STUDENT
24152105|123456|24152105|STUDENT
24152106|123456|24152106|STUDENT
24152107|123456|24152107|STUDENT
24152108|123456|24152108|STUDENT
24152109|123456|24152109|STUDENT
24152110|123456|24152110|STUDENT
24152111|123456|24152111|STUDENT
24152112|123456|24152112|STUDENT
24152113|123456|24152113|STUDENT
24152114|123456|24152114|STUDENT
24152115|123456|24152115|STUDENT
24152116|123456|24152116|STUDENT
24152117|123456|24152117|STUDENT
24152118|123456|24152118|STUDENT
24152119|123456|24152119|STUDENT
24152120|123456|24152120|STUDENT
24152121|123456|24152121|STUDENT
24152122|123456|24152122|STUDENT
24152123|123456|24152123|STUDENT
24152124|123456|24152124|STUDENT
24152125|123456|24152125|STUDENT
24152126|123456|24152126|STUDENT
24152127|123456|24152127|STUDENT
24152128|123456|24152128|STUDENT
24152129|123456|24152129|STUDENT
24152130|123456|24152130|STUDENT
24152131|123456|24152131|STUDENT
24152132|123456|24152132|STUDENT
24152133|123456|24152133|STUDENT
24152134|123456|24152134|STUDENT
24152135|123456|24152135|STUDENT
24152136|123456|24152136|STUDENT
24152137|123456|24152137|STUDENT
24152138|123456|24152138|STUDENT
24152139|123456|24152139|STUDENT
24152140|123456|24152140|STUDENT
24152201|123456|24152201|STUDENT
24152202|123456|24152202|STUDENT
24152203|123456|24152203|STUDENT
24152204|123456|24152204|STUDENT
24152205|123456|24152205|STUDENT
24152206|123456|24152206|STUDENT
24152207|123456|24152207|STUDENT
24152208|123456|24152208|STUDENT
24152209|123456|24152209|STUDENT
24152210|123456|24152210|STUDENT
24152211|123456|24152211|STUDENT
24152212|123456|24152212|STUDENT
24152213|123456|24152213|STUDENT
24152214|123456|24152214|STUDENT
24152215|123456|24152215|STUDENT
24152216|123456|24152216|STUDENT
24152217|123456|24152217|STUDENT
24152218|123456|24152218|STUDENT
24152219|123456|24152219|STUDENT
24152220|123456|24152220|STUDENT
24152221|123456|24152221|STUDENT
24152222|123456|24152222|STUDENT
24152223|123456|24152223|STUDENT
24152224|123456|24152224|STUDENT
24152225|123456|24152225|STUDENT
24152226|123456|24152226|STUDENT
24152227|123456|24152227|STUDENT
24152228|123456|24152228|STUDENT
24152229|123456|24152229|STUDENT
24152230|123456|24152230|STUDENT
24152231|123456|24152231|STUDENT
24152232|123456|24152232|STUDENT
24152233|123456|24152233|STUDENT
24152234|123456|24152234|STUDENT
24152235|123456|24152235|STUDENT
24152236|123456|24152236|STUDENT
24152237|123456|24152237|STUDENT
24152238|123456|24152238|STUDENT
24152239|123456|24152239|STUDENT
24152240|123456|24152240|STUDENT
24152301|123456|24152301|STUDENT
24152302|123456|24152302|STUDENT
24152303|123456|24152303|STUDENT
24152304|123456|24152304|STUDENT
24152305|123456|24152305|STUDENT
24152306|123456|24152306|STUDENT
24152307|123456|24152307|STUDENT
24152308|123456|24152308|STUDENT
24152309|123456|24152309|STUDENT
24152310|123456|24152310|STUDENT
24152311|123456|24152311|STUDENT
24152312|123456|24152312|STUDENT
24152313|123456|24152313|STUDENT
24152314|123456|24152314|STUDENT
24152315|123456|24152315|STUDENT
24152316|123456|24152316|STUDENT
24152317|123456|24152317|STUDENT
24152318|123456|24152318|STUDENT
24152319|123456|24152319|STUDENT
24152320|123456|24152320|STUDENT
24152321|123456|24152321|STUDENT
24152322|123456|24152322|STUDENT
24152323|123456|24152323|STUDENT
24152324|123456|24152324|STUDENT
24152325|123456|24152325|STUDENT
24152326|123456|24152326|STUDENT
24152327|123456|24152327|STUDENT
24152328|123456|24152328|STUDENT
24152329|123456|24152329|STUDENT
24152330|123456|24152330|STUDENT
24152331|123456|24152331|STUDENT
24152332|123456|24152332|STUDENT
24152333|123456|24152333|STUDENT
24152334|123456|24152334|STUDENT
24152335|123456|24152335|STUDENT
24152336|123456|24152336|STUDENT
24152337|123456|24152337|STUDENT
24152338|123456|24152338|STUDENT
24152339|123456|24152339|STUDENT
24152340|123456|24152340|STUDENT
24152401|123456|24152401|STUDENT
24152402|123456|24152402|STUDENT
24152403|123456|24152403|STUDENT
24152404|123456|24152404|STUDENT
24152405|123456|24152405|STUDENT
24152406|123456|24152406|STUDENT
24152407|123456|24152407|STUDENT
24152408|123456|24152408|STUDENT
24152409|123456|24152409|STUDENT
24152410|123456|24152410|STUDENT
24152411|123456|24152411|STUDENT
24152412|123456|24152412|STUDENT
24152413|123456|24152413|STUDENT
24152414|123456|24152414|STUDENT
24152415|123456|24152415|STUDENT
24152416|123456|24152416|STUDENT
24152417|123456|24152417|STUDENT
24152418|123456|24152418|STUDENT
24152419|123456|24152419|STUDENT
24152420|123456|24152420|STUDENT
24152421|123456|24152421|STUDENT
24152422|123456|24152422|STUDENT
24152423|123456|24152423|STUDENT
24152424|123456|24152424|STUDENT
24152425|123456|24152425|STUDENT
24152426|123456|24152426|STUDENT
24152427|123456|24152427|STUDENT
24152428|123456|24152428|STUDENT
24152429|123456|24152429|STUDENT
24152430|123456|24152430|STUDENT
24152431|123456|24152431|STUDENT
24152432|123456|24152432|STUDENT
24152433|123456|24152433|STUDENT
24152434|123456|24152434|STUDENT
24152435|123456|24152435|STUDENT
24152436|123456|24152436|STUDENT
24152437|123456|24152437|STUDENT
24152438|123456|24152438|STUDENT
24152439|123456|24152439|STUDENT
24152440|123456|24152440|STUDENT
24153101|123456|24153101|STUDENT
24153102|123456|24153102|STUDENT
24153103|123456|24153103|STUDENT
24153104|123456|24153104|STUDENT
24153105|123456|24153105|STUDENT
24153106|123456|24153106|STUDENT
24153107|123456|24153107|STUDENT
24153108|123456|24153108|STUDENT
24153109|123456|24153109|STUDENT
24153110|123456|24153110|STUDENT
24153111|123456|24153111|STUDENT
24153112|123456|24153112|STUDENT
24153113|123456|24153113|STUDENT
24153114|123456|24153114|STUDENT
24153115|123456|24153115|STUDENT
24153116|123456|24153116|STUDENT
24153117|123456|24153117|STUDENT
24153118|123456|24153118|STUDENT
24153119|123456|24153119|STUDENT
24153120|123456|24153120|STUDENT
24153121|123456|24153121|STUDENT
24153122|123456|24153122|STUDENT
24153123|123456|24153123|STUDENT
24153124|123456|24153124|STUDENT
24153125|123456|24153125|STUDENT
24153126|123456|24153126|STUDENT
24153127|123456|24153127|STUDENT
24153128|123456|24153128|STUDENT
24153129|123456|24153129|STUDENT
24153130|123456|24153130|STUDENT
24153131|123456|24153131|STUDENT
24153132|123456|24153132|STUDENT
24153133|123456|24153133|STUDENT
24153134|123456|24153134|STUDENT
24153135|123456|24153135|STUDENT
24153136|123456|24153136|STUDENT
24153137|123456|24153137|STUDENT
24153138|123456|24153138|STUDENT
24153139|123456|24153139|STUDENT
24153140|123456|24153140|STUDENT
24153201|123456|24153201|STUDENT
24153202|123456|24153202|STUDENT
24153203|123456|24153203|STUDENT
24153204|123456|24153204|STUDENT
24153205|123456|24153205|STUDENT
24153206|123456|24153206|STUDENT
24153207|123456|24153207|STUDENT
24153208|123456|24153208|STUDENT
24153209|123456|24153209|STUDENT
24153210|123456|24153210|STUDENT
24153211|123456|24153211|STUDENT
24153212|123456|24153212|STUDENT
24153213|123456|24153213|STUDENT
24153214|123456|24153214|STUDENT
24153215|123456|24153215|STUDENT
24153216|123456|24153216|STUDENT
24153217|123456|24153217|STUDENT
24153218|123456|24153218|STUDENT
24153219|123456|24153219|STUDENT
24153220|123456|24153220|STUDENT
24153221|123456|24153221|STUDENT
24153222|123456|24153222|STUDENT
24153223|123456|24153223|STUDENT
24153224|123456|24153224|STUDENT
24153225|123456|24153225|STUDENT
24153226|123456|24153226|STUDENT
24153227|123456|24153227|STUDENT
24153228|123456|24153228|STUDENT
24153229|123456|24153229|STUDENT
24153230|123456|24153230|STUDENT
24153231|123456|24153231|STUDENT
24153232|123456|24153232|STUDENT
24153233|123456|24153233|STUDENT
24153234|123456|24153234|STUDENT
24153235|123456|24153235|STUDENT
24153236|123456|24153236|STUDENT
24153237|123456|24153237|STUDENT
24153238|123456|24153238|STUDENT
24153239|123456|24153239|STUDENT
24153240|123456|24153240|STUDENT
24153301|123456|24153301|STUDENT
24153302|123456|24153302|STUDENT
24153303|123456|24153303|STUDENT
24153304|123456|24153304|STUDENT
24153305|123456|24153305|STUDENT
24153306|123456|24153306|STUDENT
24153307|123456|24153307|STUDENT
24153308|123456|24153308|STUDENT
24153309|123456|24153309|STUDENT
24153310|123456|24153310|STUDENT
24153311|123456|24153311|STUDENT
24153312|123456|24153312|STUDENT
24153313|123456|24153313|STUDENT
24153314|123456|24153314|STUDENT
24153315|123456|24153315|STUDENT
24153316|123456|24153316|STUDENT
24153317|123456|24153317|STUDENT
24153318|123456|24153318|STUDENT
24153319|123456|24153319|STUDENT
24153320|123456|24153320|STUDENT
24153321|123456|24153321|STUDENT
24153322|123456|24153322|STUDENT
24153323|123456|24153323|STUDENT
24153324|123456|24153324|STUDENT
24153325|123456|24153325|STUDENT
24153326|123456|24153326|STUDENT
24153327|123456|24153327|STUDENT
24153328|123456|24153328|STUDENT
24153329|123456|24153329|STUDENT
24153330|123456|24153330|STUDENT
24153331|123456|24153331|STUDENT
24153332|123456|24153332|STUDENT
24153333|123456|24153333|STUDENT
24153334|123456|24153334|STUDENT
24153335|123456|24153335|STUDENT
24153336|123456|24153336|STUDENT
24153337|123456|24153337|STUDENT
24153338|123456|24153338|STUDENT
24153339|123456|24153339|STUDENT
24153340|123456|24153340|STUDENT
24153401|123456|24153401|STUDENT
24153402|123456|24153402|STUDENT
24153403|123456|24153403|STUDENT
24153404|123456|24153404|STUDENT
24153405|123456|24153405|STUDENT
24153406|123456|24153406|STUDENT
24153407|123456|24153407|STUDENT
24153408|123456|24153408|STUDENT
24153409|123456|24153409|STUDENT
24153410|123456|24153410|STUDENT
24153411|123456|24153411|STUDENT
24153412|123456|24153412|STUDENT
24153413|123456|24153413|STUDENT
24153414|123456|24153414|STUDENT
24153415|123456|24153415|STUDENT
24153416|123456|24153416|STUDENT
24153417|123456|24153417|STUDENT
24153418|123456|24153418|STUDENT
24153419|123456|24153419|STUDENT
24153420|123456|24153420|STUDENT
24153421|123456|24153421|STUDENT
24153422|123456|24153422|STUDENT
24153423|123456|24153423|STUDENT
24153424|123456|24153424|STUDENT
24153425|123456|24153425|STUDENT
24153426|123456|24153426|STUDENT
24153427|123456|24153427|STUDENT
24153428|123456|24153428|STUDENT
24153429|123456|24153429|STUDENT
24153430|123456|24153430|STUDENT
24153431|123456|24153431|STUDENT
24153432|123456|24153432|STUDENT
24153433|123456|24153433|STUDENT
24153434|123456|24153434|STUDENT
24153435|123456|24153435|STUDENT
24153436|123456|24153436|STUDENT
24153437|123456|24153437|STUDENT
24153438|123456|24153438|STUDENT
24153439|123456|24153439|STUDENT
24153440|123456|24153440|STUDENT
24154101|123456|24154101|STUDENT
24154102|123456|24154102|STUDENT
24154103|123456|24154103|STUDENT
24154104|123456|24154104|STUDENT
24154105|123456|24154105|STUDENT
24154106|123456|24154106|STUDENT
24154107|123456|24154107|STUDENT
24154108|123456|24154108|STUDENT
24154109|123456|24154109|STUDENT
24154110|123456|24154110|STUDENT
24154111|123456|24154111|STUDENT
24154112|123456|24154112|STUDENT
24154113|123456|24154113|STUDENT
24154114|123456|24154114|STUDENT
24154115|123456|24154115|STUDENT
24154116|123456|24154116|STUDENT
24154117|123456|24154117|STUDENT
24154118|123456|24154118|STUDENT
24154119|123456|24154119|STUDENT
24154120|123456|24154120|STUDENT
24154121|123456|24154121|STUDENT
24154122|123456|24154122|STUDENT
24154123|123456|24154123|STUDENT
24154124|123456|24154124|STUDENT
24154125|123456|24154125|STUDENT
24154126|123456|24154126|STUDENT
24154127|123456|24154127|STUDENT
24154128|123456|24154128|STUDENT
24154129|123456|24154129|STUDENT
24154130|123456|24154130|STUDENT
24154131|123456|24154131|STUDENT
24154132|123456|24154132|STUDENT
24154133|123456|24154133|STUDENT
24154134|123456|24154134|STUDENT
24154135|123456|24154135|STUDENT
24154136|123456|24154136|STUDENT
24154137|123456|24154137|STUDENT
24154138|123456|24154138|STUDENT
24154139|123456|24154139|STUDENT
24154140|123456|24154140|STUDENT
24154201|123456|24154201|STUDENT
24154202|123456|24154202|STUDENT
24154203|123456|24154203|STUDENT
24154204|123456|24154204|STUDENT
24154205|123456|24154205|STUDENT
24154206|123456|24154206|STUDENT
24154207|123456|24154207|STUDENT
24154208|123456|24154208|STUDENT
24154209|123456|24154209|STUDENT
24154210|123456|24154210|STUDENT
24154211|123456|24154211|STUDENT
24154212|123456|24154212|STUDENT
24154213|123456|24154213|STUDENT
24154214|123456|24154214|STUDENT
24154215|123456|24154215|STUDENT
24154216|123456|24154216|STUDENT
24154217|123456|24154217|STUDENT
24154218|123456|24154218|STUDENT
24154219|123456|24154219|STUDENT
24154220|123456|24154220|STUDENT
24154221|123456|24154221|STUDENT
24154222|123456|24154222|STUDENT
24154223|123456|24154223|STUDENT
24154224|123456|24154224|STUDENT
24154225|123456|24154225|STUDENT
24154226|123456|24154226|STUDENT
24154227|123456|24154227|STUDENT
24154228|123456|24154228|STUDENT
24154229|123456|24154229|STUDENT
24154230|123456|24154230|STUDENT
24154231|123456|24154231|STUDENT
24154232|123456|24154232|STUDENT
24154233|123456|24154233|STUDENT
24154234|123456|24154234|STUDENT
24154235|123456|24154235|STUDENT
24154236|123456|24154236|STUDENT
24154237|123456|24154237|STUDENT
24154238|123456|24154238|STUDENT
24154239|123456|24154239|STUDENT
24154240|123456|24154240|STUDENT
24154301|123456|24154301|STUDENT
24154302|123456|24154302|STUDENT
24154303|123456|24154303|STUDENT
24154304|123456|24154304|STUDENT
24154305|123456|24154305|STUDENT
24154306|123456|24154306|STUDENT
24154307|123456|24154307|STUDENT
24154308|123456|24154308|STUDENT
24154309|123456|24154309|STUDENT
24154310|123456|24154310|STUDENT
24154311|123456|24154311|STUDENT
24154312|123456|24154312|STUDENT
24154313|123456|24154313|STUDENT
24154314|123456|24154314|STUDENT
24154315|123456|24154315|STUDENT
24154316|123456|24154316|STUDENT
24154317|123456|24154317|STUDENT
24154318|123456|24154318|STUDENT
24154319|123456|24154319|STUDENT
24154320|123456|24154320|STUDENT
24154321|123456|24154321|STUDENT
24154322|123456|24154322|STUDENT
24154323|123456|24154323|STUDENT
24154324|123456|24154324|STUDENT
24154325|123456|24154325|STUDENT
24154326|123456|24154326|STUDENT
24154327|123456|24154327|STUDENT
24154328|123456|24154328|STUDENT
24154329|123456|24154329|STUDENT
24154330|123456|24154330|STUDENT
24154331|123456|24154331|STUDENT
24154332|123456|24154332|STUDENT
24154333|123456|24154333|STUDENT
24154334|123456|24154334|STUDENT
24154335|123456|24154335|STUDENT
24154336|123456|24154336|STUDENT
24154337|123456|24154337|STUDENT
24154338|123456|24154338|STUDENT
24154339|123456|24154339|STUDENT
24154340|123456|24154340|STUDENT
24154401|123456|24154401|STUDENT
24154402|123456|24154402|STUDENT
24154403|123456|24154403|STUDENT
24154404|123456|24154404|STUDENT
24154405|123456|24154405|STUDENT
24154406|123456|24154406|STUDENT
24154407|123456|24154407|STUDENT
24154408|123456|24154408|STUDENT
24154409|123456|24154409|STUDENT
24154410|123456|24154410|STUDENT
24154411|123456|24154411|STUDENT
24154412|123456|24154412|STUDENT
24154413|123456|24154413|STUDENT
24154414|123456|24154414|STUDENT
24154415|123456|24154415|STUDENT
24154416|123456|24154416|STUDENT
24154417|123456|24154417|STUDENT
24154418|123456|24154418|STUDENT
24154419|123456|24154419|STUDENT
24154420|123456|24154420|STUDENT
24154421|123456|24154421|STUDENT
24154422|123456|24154422|STUDENT
24154423|123456|24154423|STUDENT
24154424|123456|24154424|STUDENT
24154425|123456|24154425|STUDENT
24154426|123456|24154426|STUDENT
24154427|123456|24154427|STUDENT
24154428|123456|24154428|STUDENT
24154429|123456|24154429|STUDENT
24154430|123456|24154430|STUDENT
24154431|123456|24154431|STUDENT
24154432|123456|24154432|STUDENT
24154433|123456|24154433|STUDENT
24154434|123456|24154434|STUDENT
24154435|123456|24154435|STUDENT
24154436|123456|24154436|STUDENT
24154437|123456|24154437|STUDENT
24154438|123456|24154438|STUDENT
24154439|123456|24154439|STUDENT
24154440|123456|24154440|STUDENT
25151101|123456|25151101|STUDENT
25151102|123456|25151102|STUDENT
25151103|123456|25151103|STUDENT
25151104|123456|25151104|STUDENT
25151105|123456|25151105|STUDENT
25151106|123456|25151106|STUDENT
25151107|123456|25151107|STUDENT
25151108|123456|25151108|STUDENT
25151109|123456|25151109|STUDENT
25151110|123456|25151110|STUDENT
25151111|123456|25151111|STUDENT
25151112|123456|25151112|STUDENT
25151113|123456|25151113|STUDENT
25151114|123456|25151114|STUDENT
25151115|123456|25151115|STUDENT
25151116|123456|25151116|STUDENT
25151117|123456|25151117|STUDENT
25151118|123456|25151118|STUDENT
25151119|123456|25151119|STUDENT
25151120|123456|25151120|STUDENT
25151121|123456|25151121|STUDENT
25151122|123456|25151122|STUDENT
25151123|123456|25151123|STUDENT
25151124|123456|25151124|STUDENT
25151125|123456|25151125|STUDENT
25151126|123456|25151126|STUDENT
25151127|123456|25151127|STUDENT
25151128|123456|25151128|STUDENT
25151129|123456|25151129|STUDENT
25151130|123456|25151130|STUDENT
25151131|123456|25151131|STUDENT
25151132|123456|25151132|STUDENT
25151133|123456|25151133|STUDENT
25151134|123456|25151134|STUDENT
25151135|123456|25151135|STUDENT
25151136|123456|25151136|STUDENT
25151137|123456|25151137|STUDENT
25151138|123456|25151138|STUDENT
25151139|123456|25151139|STUDENT
25151140|123456|25151140|STUDENT
25151201|123456|25151201|STUDENT
25151202|123456|25151202|STUDENT
25151203|123456|25151203|STUDENT
25151204|123456|25151204|STUDENT
25151205|123456|25151205|STUDENT
25151206|123456|25151206|STUDENT
25151207|123456|25151207|STUDENT
25151208|123456|25151208|STUDENT
25151209|123456|25151209|STUDENT
25151210|123456|25151210|STUDENT
25151211|123456|25151211|STUDENT
25151212|123456|25151212|STUDENT
25151213|123456|25151213|STUDENT
25151214|123456|25151214|STUDENT
25151215|123456|25151215|STUDENT
25151216|123456|25151216|STUDENT
25151217|123456|25151217|STUDENT
25151218|123456|25151218|STUDENT
25151219|123456|25151219|STUDENT
25151220|123456|25151220|STUDENT
25151221|123456|25151221|STUDENT
25151222|123456|25151222|STUDENT
25151223|123456|25151223|STUDENT
25151224|123456|25151224|STUDENT
25151225|123456|25151225|STUDENT
25151226|123456|25151226|STUDENT
25151227|123456|25151227|STUDENT
25151228|123456|25151228|STUDENT
25151229|123456|25151229|STUDENT
25151230|123456|25151230|STUDENT
25151231|123456|25151231|STUDENT
25151232|123456|25151232|STUDENT
25151233|123456|25151233|STUDENT
25151234|123456|25151234|STUDENT
25151235|123456|25151235|STUDENT
25151236|123456|25151236|STUDENT
25151237|123456|25151237|STUDENT
25151238|123456|25151238|STUDENT
25151239|123456|25151239|STUDENT
25151240|123456|25151240|STUDENT
25151301|123456|25151301|STUDENT
25151302|123456|25151302|STUDENT
25151303|123456|25151303|STUDENT
25151304|123456|25151304|STUDENT
25151305|123456|25151305|STUDENT
25151306|123456|25151306|STUDENT
25151307|123456|25151307|STUDENT
25151308|123456|25151308|STUDENT
25151309|123456|25151309|STUDENT
25151310|123456|25151310|STUDENT
25151311|123456|25151311|STUDENT
25151312|123456|25151312|STUDENT
25151313|123456|25151313|STUDENT
25151314|123456|25151314|STUDENT
25151315|123456|25151315|STUDENT
25151316|123456|25151316|STUDENT
25151317|123456|25151317|STUDENT
25151318|123456|25151318|STUDENT
25151319|123456|25151319|STUDENT
25151320|123456|25151320|STUDENT
25151321|123456|25151321|STUDENT
25151322|123456|25151322|STUDENT
25151323|123456|25151323|STUDENT
25151324|123456|25151324|STUDENT
25151325|123456|25151325|STUDENT
25151326|123456|25151326|STUDENT
25151327|123456|25151327|STUDENT
25151328|123456|25151328|STUDENT
25151329|123456|25151329|STUDENT
25151330|123456|25151330|STUDENT
25151331|123456|25151331|STUDENT
25151332|123456|25151332|STUDENT
25151333|123456|25151333|STUDENT
25151334|123456|25151334|STUDENT
25151335|123456|25151335|STUDENT
25151336|123456|25151336|STUDENT
25151337|123456|25151337|STUDENT
25151338|123456|25151338|STUDENT
25151339|123456|25151339|STUDENT
25151340|123456|25151340|STUDENT
25151401|123456|25151401|STUDENT
25151402|123456|25151402|STUDENT
25151403|123456|25151403|STUDENT
25151404|123456|25151404|STUDENT
25151405|123456|25151405|STUDENT
25151406|123456|25151406|STUDENT
25151407|123456|25151407|STUDENT
25151408|123456|25151408|STUDENT
25151409|123456|25151409|STUDENT
25151410|123456|25151410|STUDENT
25151411|123456|25151411|STUDENT
25151412|123456|25151412|STUDENT
25151413|123456|25151413|STUDENT
25151414|123456|25151414|STUDENT
25151415|123456|25151415|STUDENT
25151416|123456|25151416|STUDENT
25151417|123456|25151417|STUDENT
25151418|123456|25151418|STUDENT
25151419|123456|25151419|STUDENT
25151420|123456|25151420|STUDENT
25151421|123456|25151421|STUDENT
25151422|123456|25151422|STUDENT
25151423|123456|25151423|STUDENT
25151424|123456|25151424|STUDENT
25151425|123456|25151425|STUDENT
25151426|123456|25151426|STUDENT
25151427|123456|25151427|STUDENT
25151428|123456|25151428|STUDENT
25151429|123456|25151429|STUDENT
25151430|123456|25151430|STUDENT
25151431|123456|25151431|STUDENT
25151432|123456|25151432|STUDENT
25151433|123456|25151433|STUDENT
25151434|123456|25151434|STUDENT
25151435|123456|25151435|STUDENT
25151436|123456|25151436|STUDENT
25151437|123456|25151437|STUDENT
25151438|123456|25151438|STUDENT
25151439|123456|25151439|STUDENT
25151440|123456|25151440|STUDENT
25152101|123456|25152101|STUDENT
25152102|123456|25152102|STUDENT
25152103|123456|25152103|STUDENT
25152104|123456|25152104|STUDENT
25152105|123456|25152105|STUDENT
25152106|123456|25152106|STUDENT
25152107|123456|25152107|STUDENT
25152108|123456|25152108|STUDENT
25152109|123456|25152109|STUDENT
25152110|123456|25152110|STUDENT
25152111|123456|25152111|STUDENT
25152112|123456|25152112|STUDENT
25152113|123456|25152113|STUDENT
25152114|123456|25152114|STUDENT
25152115|123456|25152115|STUDENT
25152116|123456|25152116|STUDENT
25152117|123456|25152117|STUDENT
25152118|123456|25152118|STUDENT
25152119|123456|25152119|STUDENT
25152120|123456|25152120|STUDENT
25152121|123456|25152121|STUDENT
25152122|123456|25152122|STUDENT
25152123|123456|25152123|STUDENT
25152124|123456|25152124|STUDENT
25152125|123456|25152125|STUDENT
25152126|123456|25152126|STUDENT
25152127|123456|25152127|STUDENT
25152128|123456|25152128|STUDENT
25152129|123456|25152129|STUDENT
25152130|123456|25152130|STUDENT
25152131|123456|25152131|STUDENT
25152132|123456|25152132|STUDENT
25152133|123456|25152133|STUDENT
25152134|123456|25152134|STUDENT
25152135|123456|25152135|STUDENT
25152136|123456|25152136|STUDENT
25152137|123456|25152137|STUDENT
25152138|123456|25152138|STUDENT
25152139|123456|25152139|STUDENT
25152140|123456|25152140|STUDENT
25152201|123456|25152201|STUDENT
25152202|123456|25152202|STUDENT
25152203|123456|25152203|STUDENT
25152204|123456|25152204|STUDENT
25152205|123456|25152205|STUDENT
25152206|123456|25152206|STUDENT
25152207|123456|25152207|STUDENT
25152208|123456|25152208|STUDENT
25152209|123456|25152209|STUDENT
25152210|123456|25152210|STUDENT
25152211|123456|25152211|STUDENT
25152212|123456|25152212|STUDENT
25152213|123456|25152213|STUDENT
25152214|123456|25152214|STUDENT
25152215|123456|25152215|STUDENT
25152216|123456|25152216|STUDENT
25152217|123456|25152217|STUDENT
25152218|123456|25152218|STUDENT
25152219|123456|25152219|STUDENT
25152220|123456|25152220|STUDENT
25152221|123456|25152221|STUDENT
25152222|123456|25152222|STUDENT
25152223|123456|25152223|STUDENT
25152224|123456|25152224|STUDENT
25152225|123456|25152225|STUDENT
25152226|123456|25152226|STUDENT
25152227|123456|25152227|STUDENT
25152228|123456|25152228|STUDENT
25152229|123456|25152229|STUDENT
25152230|123456|25152230|STUDENT
25152231|123456|25152231|STUDENT
25152232|123456|25152232|STUDENT
25152233|123456|25152233|STUDENT
25152234|123456|25152234|STUDENT
25152235|123456|25152235|STUDENT
25152236|123456|25152236|STUDENT
25152237|123456|25152237|STUDENT
25152238|123456|25152238|STUDENT
25152239|123456|25152239|STUDENT
25152240|123456|25152240|STUDENT
25152301|123456|25152301|STUDENT
25152302|123456|25152302|STUDENT
25152303|123456|25152303|STUDENT
25152304|123456|25152304|STUDENT
25152305|123456|25152305|STUDENT
25152306|123456|25152306|STUDENT
25152307|123456|25152307|STUDENT
25152308|123456|25152308|STUDENT
25152309|123456|25152309|STUDENT
25152310|123456|25152310|STUDENT
25152311|123456|25152311|STUDENT
25152312|123456|25152312|STUDENT
25152313|123456|25152313|STUDENT
25152314|123456|25152314|STUDENT
25152315|123456|25152315|STUDENT
25152316|123456|25152316|STUDENT
25152317|123456|25152317|STUDENT
25152318|123456|25152318|STUDENT
25152319|123456|25152319|STUDENT
25152320|123456|25152320|STUDENT
25152321|123456|25152321|STUDENT
25152322|123456|25152322|STUDENT
25152323|123456|25152323|STUDENT
25152324|123456|25152324|STUDENT
25152325|123456|25152325|STUDENT
25152326|123456|25152326|STUDENT
25152327|123456|25152327|STUDENT
25152328|123456|25152328|STUDENT
25152329|123456|25152329|STUDENT
25152330|123456|25152330|STUDENT
25152331|123456|25152331|STUDENT
25152332|123456|25152332|STUDENT
25152333|123456|25152333|STUDENT
25152334|123456|25152334|STUDENT
25152335|123456|25152335|STUDENT
25152336|123456|25152336|STUDENT
25152337|123456|25152337|STUDENT
25152338|123456|25152338|STUDENT
25152339|123456|25152339|STUDENT
25152340|123456|25152340|STUDENT
25152401|123456|25152401|STUDENT
25152402|123456|25152402|STUDENT
25152403|123456|25152403|STUDENT
25152404|123456|25152404|STUDENT
25152405|123456|25152405|STUDENT
25152406|123456|25152406|STUDENT
25152407|123456|25152407|STUDENT
25152408|123456|25152408|STUDENT
25152409|123456|25152409|STUDENT
25152410|123456|25152410|STUDENT
25152411|123456|25152411|STUDENT
25152412|123456|25152412|STUDENT
25152413|123456|25152413|STUDENT
25152414|123456|25152414|STUDENT
25152415|123456|25152415|STUDENT
25152416|123456|25152416|STUDENT
25152417|123456|25152417|STUDENT
25152418|123456|25152418|STUDENT
25152419|123456|25152419|STUDENT
25152420|123456|25152420|STUDENT
25152421|123456|25152421|STUDENT
25152422|123456|25152422|STUDENT
25152423|123456|25152423|STUDENT
25152424|123456|25152424|STUDENT
25152425|123456|25152425|STUDENT
25152426|123456|25152426|STUDENT
25152427|123456|25152427|STUDENT
25152428|123456|25152428|STUDENT
25152429|123456|25152429|STUDENT
25152430|123456|25152430|STUDENT
25152431|123456|25152431|STUDENT
25152432|123456|25152432|STUDENT
25152433|123456|25152433|STUDENT
25152434|123456|25152434|STUDENT
25152435|123456|25152435|STUDENT
25152436|123456|25152436|STUDENT
25152437|123456|25152437|STUDENT
25152438|123456|25152438|STUDENT
25152439|123456|25152439|STUDENT
25152440|123456|25152440|STUDENT
25153101|123456|25153101|STUDENT
25153102|123456|25153102|STUDENT
25153103|123456|25153103|STUDENT
25153104|123456|25153104|STUDENT
25153105|123456|25153105|STUDENT
25153106|123456|25153106|STUDENT
25153107|123456|25153107|STUDENT
25153108|123456|25153108|STUDENT
25153109|123456|25153109|STUDENT
25153110|123456|25153110|STUDENT
25153111|123456|25153111|STUDENT
25153112|123456|25153112|STUDENT
25153113|123456|25153113|STUDENT
25153114|123456|25153114|STUDENT
25153115|123456|25153115|STUDENT
25153116|123456|25153116|STUDENT
25153117|123456|25153117|STUDENT
25153118|123456|25153118|STUDENT
25153119|123456|25153119|STUDENT
25153120|123456|25153120|STUDENT
25153121|123456|25153121|STUDENT
25153122|123456|25153122|STUDENT
25153123|123456|25153123|STUDENT
25153124|123456|25153124|STUDENT
25153125|123456|25153125|STUDENT
25153126|123456|25153126|STUDENT
25153127|123456|25153127|STUDENT
25153128|123456|25153128|STUDENT
25153129|123456|25153129|STUDENT
25153130|123456|25153130|STUDENT
25153131|123456|25153131|STUDENT
25153132|123456|25153132|STUDENT
25153133|123456|25153133|STUDENT
25153134|123456|25153134|STUDENT
25153135|123456|25153135|STUDENT
25153136|123456|25153136|STUDENT
25153137|123456|25153137|STUDENT
25153138|123456|25153138|STUDENT
25153139|123456|25153139|STUDENT
25153140|123456|25153140|STUDENT
25153201|123456|25153201|STUDENT
25153202|123456|25153202|STUDENT
25153203|123456|25153203|STUDENT
25153204|123456|25153204|STUDENT
25153205|123456|25153205|STUDENT
25153206|123456|25153206|STUDENT
25153207|123456|25153207|STUDENT
25153208|123456|25153208|STUDENT
25153209|123456|25153209|STUDENT
25153210|123456|25153210|STUDENT
25153211|123456|25153211|STUDENT
25153212|123456|25153212|STUDENT
25153213|123456|25153213|STUDENT
25153214|123456|25153214|STUDENT
25153215|123456|25153215|STUDENT
25153216|123456|25153216|STUDENT
25153217|123456|25153217|STUDENT
25153218|123456|25153218|STUDENT
25153219|123456|25153219|STUDENT
25153220|123456|25153220|STUDENT
25153221|123456|25153221|STUDENT
25153222|123456|25153222|STUDENT
25153223|123456|25153223|STUDENT
25153224|123456|25153224|STUDENT
25153225|123456|25153225|STUDENT
25153226|123456|25153226|STUDENT
25153227|123456|25153227|STUDENT
25153228|123456|25153228|STUDENT
25153229|123456|25153229|STUDENT
25153230|123456|25153230|STUDENT
25153231|123456|25153231|STUDENT
25153232|123456|25153232|STUDENT
25153233|123456|25153233|STUDENT
25153234|123456|25153234|STUDENT
25153235|123456|25153235|STUDENT
25153236|123456|25153236|STUDENT
25153237|123456|25153237|STUDENT
25153238|123456|25153238|STUDENT
25153239|123456|25153239|STUDENT
25153240|123456|25153240|STUDENT
25153301|123456|25153301|STUDENT
25153302|123456|25153302|STUDENT
25153303|123456|25153303|STUDENT
25153304|123456|25153304|STUDENT
25153305|123456|25153305|STUDENT
25153306|123456|25153306|STUDENT
25153307|123456|25153307|STUDENT
25153308|123456|25153308|STUDENT
25153309|123456|25153309|STUDENT
25153310|123456|25153310|STUDENT
25153311|123456|25153311|STUDENT
25153312|123456|25153312|STUDENT
25153313|123456|25153313|STUDENT
25153314|123456|25153314|STUDENT
25153315|123456|25153315|STUDENT
25153316|123456|25153316|STUDENT
25153317|123456|25153317|STUDENT
25153318|123456|25153318|STUDENT
25153319|123456|25153319|STUDENT
25153320|123456|25153320|STUDENT
25153321|123456|25153321|STUDENT
25153322|123456|25153322|STUDENT
25153323|123456|25153323|STUDENT
25153324|123456|25153324|STUDENT
25153325|123456|25153325|STUDENT
25153326|123456|25153326|STUDENT
25153327|123456|25153327|STUDENT
25153328|123456|25153328|STUDENT
25153329|123456|25153329|STUDENT
25153330|123456|25153330|STUDENT
25153331|123456|25153331|STUDENT
25153332|123456|25153332|STUDENT
25153333|123456|25153333|STUDENT
25153334|123456|25153334|STUDENT
25153335|123456|25153335|STUDENT
25153336|123456|25153336|STUDENT
25153337|123456|25153337|STUDENT
25153338|123456|25153338|STUDENT
25153339|123456|25153339|STUDENT
25153340|123456|25153340|STUDENT
25153401|123456|25153401|STUDENT
25153402|123456|25153402|STUDENT
25153403|123456|25153403|STUDENT
25153404|123456|25153404|STUDENT
25153405|123456|25153405|STUDENT
25153406|123456|25153406|STUDENT
25153407|123456|25153407|STUDENT
25153408|123456|25153408|STUDENT
25153409|123456|25153409|STUDENT
25153410|123456|25153410|STUDENT
25153411|123456|25153411|STUDENT
25153412|123456|25153412|STUDENT
25153413|123456|25153413|STUDENT
25153414|123456|25153414|STUDENT
25153415|123456|25153415|STUDENT
25153416|123456|25153416|STUDENT
25153417|123456|25153417|STUDENT
25153418|123456|25153418|STUDENT
25153419|123456|25153419|STUDENT
25153420|123456|25153420|STUDENT
25153421|123456|25153421|STUDENT
25153422|123456|25153422|STUDENT
25153423|123456|25153423|STUDENT
25153424|123456|25153424|STUDENT
25153425|123456|25153425|STUDENT
25153426|123456|25153426|STUDENT
25153427|123456|25153427|STUDENT
25153428|123456|25153428|STUDENT
25153429|123456|25153429|STUDENT
25153430|123456|25153430|STUDENT
25153431|123456|25153431|STUDENT
25153432|123456|25153432|STUDENT
25153433|123456|25153433|STUDENT
25153434|123456|25153434|STUDENT
25153435|123456|25153435|STUDENT
25153436|123456|25153436|STUDENT
25153437|123456|25153437|STUDENT
25153438|123456|25153438|STUDENT
25153439|123456|25153439|STUDENT
25153440|123456|25153440|STUDENT
25154101|123456|25154101|STUDENT
25154102|123456|25154102|STUDENT
25154103|123456|25154103|STUDENT
25154104|123456|25154104|STUDENT
25154105|123456|25154105|STUDENT
25154106|123456|25154106|STUDENT
25154107|123456|25154107|STUDENT
25154108|123456|25154108|STUDENT
25154109|123456|25154109|STUDENT
25154110|123456|25154110|STUDENT
25154111|123456|25154111|STUDENT
25154112|123456|25154112|STUDENT
25154113|123456|25154113|STUDENT
25154114|123456|25154114|STUDENT
25154115|123456|25154115|STUDENT
25154116|123456|25154116|STUDENT
25154117|123456|25154117|STUDENT
25154118|123456|25154118|STUDENT
25154119|123456|25154119|STUDENT
25154120|123456|25154120|STUDENT
25154121|123456|25154121|STUDENT
25154122|123456|25154122|STUDENT
25154123|123456|25154123|STUDENT
25154124|123456|25154124|STUDENT
25154125|123456|25154125|STUDENT
25154126|123456|25154126|STUDENT
25154127|123456|25154127|STUDENT
25154128|123456|25154128|STUDENT
25154129|123456|25154129|STUDENT
25154130|123456|25154130|STUDENT
25154131|123456|25154131|STUDENT
25154132|123456|25154132|STUDENT
25154133|123456|25154133|STUDENT
25154134|123456|25154134|STUDENT
25154135|123456|25154135|STUDENT
25154136|123456|25154136|STUDENT
25154137|123456|25154137|STUDENT
25154138|123456|25154138|STUDENT
25154139|123456|25154139|STUDENT
25154140|123456|25154140|STUDENT
25154201|123456|25154201|STUDENT
25154202|123456|25154202|STUDENT
25154203|123456|25154203|STUDENT
25154204|123456|25154204|STUDENT
25154205|123456|25154205|STUDENT
25154206|123456|25154206|STUDENT
25154207|123456|25154207|STUDENT
25154208|123456|25154208|STUDENT
25154209|123456|25154209|STUDENT
25154210|123456|25154210|STUDENT
25154211|123456|25154211|STUDENT
25154212|123456|25154212|STUDENT
25154213|123456|25154213|STUDENT
25154214|123456|25154214|STUDENT
25154215|123456|25154215|STUDENT
25154216|123456|25154216|STUDENT
25154217|123456|25154217|STUDENT
25154218|123456|25154218|STUDENT
25154219|123456|25154219|STUDENT
25154220|123456|25154220|STUDENT
25154221|123456|25154221|STUDENT
25154222|123456|25154222|STUDENT
25154223|123456|25154223|STUDENT
25154224|123456|25154224|STUDENT
25154225|123456|25154225|STUDENT
25154226|123456|25154226|STUDENT
25154227|123456|25154227|STUDENT
25154228|123456|25154228|STUDENT
25154229|123456|25154229|STUDENT
25154230|123456|25154230|STUDENT
25154231|123456|25154231|STUDENT
25154232|123456|25154232|STUDENT
25154233|123456|25154233|STUDENT
25154234|123456|25154234|STUDENT
25154235|123456|25154235|STUDENT
25154236|123456|25154236|STUDENT
25154237|123456|25154237|STUDENT
25154238|123456|25154238|STUDENT
25154239|123456|25154239|STUDENT
25154240|123456|25154240|STUDENT
25154301|123456|25154301|STUDENT
25154302|123456|25154302|STUDENT
25154303|123456|25154303|STUDENT
25154304|123456|25154304|STUDENT
25154305|123456|25154305|STUDENT
25154306|123456|25154306|STUDENT
25154307|123456|25154307|STUDENT
25154308|123456|25154308|STUDENT
25154309|123456|25154309|STUDENT
25154310|123456|25154310|STUDENT
25154311|123456|25154311|STUDENT
25154312|123456|25154312|STUDENT
25154313|123456|25154313|STUDENT
25154314|123456|25154314|STUDENT
25154315|123456|25154315|STUDENT
25154316|123456|25154316|STUDENT
25154317|123456|25154317|STUDENT
25154318|123456|25154318|STUDENT
25154319|123456|25154319|STUDENT
25154320|123456|25154320|STUDENT
25154321|123456|25154321|STUDENT
25154322|123456|25154322|STUDENT
25154323|123456|25154323|STUDENT
25154324|123456|25154324|STUDENT
25154325|123456|25154325|STUDENT
25154326|123456|25154326|STUDENT
25154327|123456|25154327|STUDENT
25154328|123456|25154328|STUDENT
25154329|123456|25154329|STUDENT
25154330|123456|25154330|STUDENT
25154331|123456|25154331|STUDENT
25154332|123456|25154332|STUDENT
25154333|123456|25154333|STUDENT
25154334|123456|25154334|STUDENT
25154335|123456|25154335|STUDENT
25154336|123456|25154336|STUDENT
25154337|123456|25154337|STUDENT
25154338|123456|25154338|STUDENT
25154339|123456|25154339|STUDENT
25154340|123456|25154340|STUDENT
25154401|123456|25154401|STUDENT
25154402|123456|25154402|STUDENT
25154403|123456|25154403|STUDENT
25154404|123456|25154404|STUDENT
25154405|123456|25154405|STUDENT
25154406|123456|25154406|STUDENT
25154407|123456|25154407|STUDENT
25154408|123456|25154408|STUDENT
25154409|123456|25154409|STUDENT
25154410|123456|25154410|STUDENT
25154411|123456|25154411|STUDENT
25154412|123456|25154412|STUDENT
25154413|123456|25154413|STUDENT
25154414|123456|25154414|STUDENT
25154415|123456|25154415|STUDENT
25154416|123456|25154416|STUDENT
25154417|123456|25154417|STUDENT
25154418|123456|25154418|STUDENT
25154419|123456|25154419|STUDENT
25154420|123456|25154420|STUDENT
25154421|123456|25154421|STUDENT
25154422|123456|25154422|STUDENT
25154423|123456|25154423|STUDENT
25154424|123456|25154424|STUDENT
25154425|123456|25154425|STUDENT
25154426|123456|25154426|STUDENT
25154427|123456|25154427|STUDENT
25154428|123456|25154428|STUDENT
25154429|123456|25154429|STUDENT
25154430|123456|25154430|STUDENT
25154431|123456|25154431|STUDENT
25154432|123456|25154432|STUDENT
25154433|123456|25154433|STUDENT
25154434|123456|25154434|STUDENT
25154435|123456|25154435|STUDENT
25154436|123456|25154436|STUDENT
25154437|123456|25154437|STUDENT
25154438|123456|25154438|STUDENT
25154439|123456|25154439|STUDENT
25154440|123456|25154440|STUDENT
24161101|123456|24161101|STUDENT
24161102|123456|24161102|STUDENT
24161103|123456|24161103|STUDENT
24161104|123456|24161104|STUDENT
24161105|123456|24161105|STUDENT
24161106|123456|24161106|STUDENT
24161107|123456|24161107|STUDENT
24161108|123456|24161108|STUDENT
24161109|123456|24161109|STUDENT
24161110|123456|24161110|STUDENT
24161111|123456|24161111|STUDENT
24161112|123456|24161112|STUDENT
24161113|123456|24161113|STUDENT
24161114|123456|24161114|STUDENT
24161115|123456|24161115|STUDENT
24161116|123456|24161116|STUDENT
24161117|123456|24161117|STUDENT
24161118|123456|24161118|STUDENT
24161119|123456|24161119|STUDENT
24161120|123456|24161120|STUDENT
24161121|123456|24161121|STUDENT
24161122|123456|24161122|STUDENT
24161123|123456|24161123|STUDENT
24161124|123456|24161124|STUDENT
24161125|123456|24161125|STUDENT
24161126|123456|24161126|STUDENT
24161127|123456|24161127|STUDENT
24161128|123456|24161128|STUDENT
24161129|123456|24161129|STUDENT
24161130|123456|24161130|STUDENT
24161131|123456|24161131|STUDENT
24161132|123456|24161132|STUDENT
24161133|123456|24161133|STUDENT
24161134|123456|24161134|STUDENT
24161135|123456|24161135|STUDENT
24161136|123456|24161136|STUDENT
24161137|123456|24161137|STUDENT
24161138|123456|24161138|STUDENT
24161139|123456|24161139|STUDENT
24161140|123456|24161140|STUDENT
24161201|123456|24161201|STUDENT
24161202|123456|24161202|STUDENT
24161203|123456|24161203|STUDENT
24161204|123456|24161204|STUDENT
24161205|123456|24161205|STUDENT
24161206|123456|24161206|STUDENT
24161207|123456|24161207|STUDENT
24161208|123456|24161208|STUDENT
24161209|123456|24161209|STUDENT
24161210|123456|24161210|STUDENT
24161211|123456|24161211|STUDENT
24161212|123456|24161212|STUDENT
24161213|123456|24161213|STUDENT
24161214|123456|24161214|STUDENT
24161215|123456|24161215|STUDENT
24161216|123456|24161216|STUDENT
24161217|123456|24161217|STUDENT
24161218|123456|24161218|STUDENT
24161219|123456|24161219|STUDENT
24161220|123456|24161220|STUDENT
24161221|123456|24161221|STUDENT
24161222|123456|24161222|STUDENT
24161223|123456|24161223|STUDENT
24161224|123456|24161224|STUDENT
24161225|123456|24161225|STUDENT
24161226|123456|24161226|STUDENT
24161227|123456|24161227|STUDENT
24161228|123456|24161228|STUDENT
24161229|123456|24161229|STUDENT
24161230|123456|24161230|STUDENT
24161231|123456|24161231|STUDENT
24161232|123456|24161232|STUDENT
24161233|123456|24161233|STUDENT
24161234|123456|24161234|STUDENT
24161235|123456|24161235|STUDENT
24161236|123456|24161236|STUDENT
24161237|123456|24161237|STUDENT
24161238|123456|24161238|STUDENT
24161239|123456|24161239|STUDENT
24161240|123456|24161240|STUDENT
24161301|123456|24161301|STUDENT
24161302|123456|24161302|STUDENT
24161303|123456|24161303|STUDENT
24161304|123456|24161304|STUDENT
24161305|123456|24161305|STUDENT
24161306|123456|24161306|STUDENT
24161307|123456|24161307|STUDENT
24161308|123456|24161308|STUDENT
24161309|123456|24161309|STUDENT
24161310|123456|24161310|STUDENT
24161311|123456|24161311|STUDENT
24161312|123456|24161312|STUDENT
24161313|123456|24161313|STUDENT
24161314|123456|24161314|STUDENT
24161315|123456|24161315|STUDENT
24161316|123456|24161316|STUDENT
24161317|123456|24161317|STUDENT
24161318|123456|24161318|STUDENT
24161319|123456|24161319|STUDENT
24161320|123456|24161320|STUDENT
24161321|123456|24161321|STUDENT
24161322|123456|24161322|STUDENT
24161323|123456|24161323|STUDENT
24161324|123456|24161324|STUDENT
24161325|123456|24161325|STUDENT
24161326|123456|24161326|STUDENT
24161327|123456|24161327|STUDENT
24161328|123456|24161328|STUDENT
24161329|123456|24161329|STUDENT
24161330|123456|24161330|STUDENT
24161331|123456|24161331|STUDENT
24161332|123456|24161332|STUDENT
24161333|123456|24161333|STUDENT
24161334|123456|24161334|STUDENT
24161335|123456|24161335|STUDENT
24161336|123456|24161336|STUDENT
24161337|123456|24161337|STUDENT
24161338|123456|24161338|STUDENT
24161339|123456|24161339|STUDENT
24161340|123456|24161340|STUDENT
24161401|123456|24161401|STUDENT
24161402|123456|24161402|STUDENT
24161403|123456|24161403|STUDENT
24161404|123456|24161404|STUDENT
24161405|123456|24161405|STUDENT
24161406|123456|24161406|STUDENT
24161407|123456|24161407|STUDENT
24161408|123456|24161408|STUDENT
24161409|123456|24161409|STUDENT
24161410|123456|24161410|STUDENT
24161411|123456|24161411|STUDENT
24161412|123456|24161412|STUDENT
24161413|123456|24161413|STUDENT
24161414|123456|24161414|STUDENT
24161415|123456|24161415|STUDENT
24161416|123456|24161416|STUDENT
24161417|123456|24161417|STUDENT
24161418|123456|24161418|STUDENT
24161419|123456|24161419|STUDENT
24161420|123456|24161420|STUDENT
24161421|123456|24161421|STUDENT
24161422|123456|24161422|STUDENT
24161423|123456|24161423|STUDENT
24161424|123456|24161424|STUDENT
24161425|123456|24161425|STUDENT
24161426|123456|24161426|STUDENT
24161427|123456|24161427|STUDENT
24161428|123456|24161428|STUDENT
24161429|123456|24161429|STUDENT
24161430|123456|24161430|STUDENT
24161431|123456|24161431|STUDENT
24161432|123456|24161432|STUDENT
24161433|123456|24161433|STUDENT
24161434|123456|24161434|STUDENT
24161435|123456|24161435|STUDENT
24161436|123456|24161436|STUDENT
24161437|123456|24161437|STUDENT
24161438|123456|24161438|STUDENT
24161439|123456|24161439|STUDENT
24161440|123456|24161440|STUDENT
24162101|123456|24162101|STUDENT
24162102|123456|24162102|STUDENT
24162103|123456|24162103|STUDENT
24162104|123456|24162104|STUDENT
24162105|123456|24162105|STUDENT
24162106|123456|24162106|STUDENT
24162107|123456|24162107|STUDENT
24162108|123456|24162108|STUDENT
24162109|123456|24162109|STUDENT
24162110|123456|24162110|STUDENT
24162111|123456|24162111|STUDENT
24162112|123456|24162112|STUDENT
24162113|123456|24162113|STUDENT
24162114|123456|24162114|STUDENT
24162115|123456|24162115|STUDENT
24162116|123456|24162116|STUDENT
24162117|123456|24162117|STUDENT
24162118|123456|24162118|STUDENT
24162119|123456|24162119|STUDENT
24162120|123456|24162120|STUDENT
24162121|123456|24162121|STUDENT
24162122|123456|24162122|STUDENT
24162123|123456|24162123|STUDENT
24162124|123456|24162124|STUDENT
24162125|123456|24162125|STUDENT
24162126|123456|24162126|STUDENT
24162127|123456|24162127|STUDENT
24162128|123456|24162128|STUDENT
24162129|123456|24162129|STUDENT
24162130|123456|24162130|STUDENT
24162131|123456|24162131|STUDENT
24162132|123456|24162132|STUDENT
24162133|123456|24162133|STUDENT
24162134|123456|24162134|STUDENT
24162135|123456|24162135|STUDENT
24162136|123456|24162136|STUDENT
24162137|123456|24162137|STUDENT
24162138|123456|24162138|STUDENT
24162139|123456|24162139|STUDENT
24162140|123456|24162140|STUDENT
24162201|123456|24162201|STUDENT
24162202|123456|24162202|STUDENT
24162203|123456|24162203|STUDENT
24162204|123456|24162204|STUDENT
24162205|123456|24162205|STUDENT
24162206|123456|24162206|STUDENT
24162207|123456|24162207|STUDENT
24162208|123456|24162208|STUDENT
24162209|123456|24162209|STUDENT
24162210|123456|24162210|STUDENT
24162211|123456|24162211|STUDENT
24162212|123456|24162212|STUDENT
24162213|123456|24162213|STUDENT
24162214|123456|24162214|STUDENT
24162215|123456|24162215|STUDENT
24162216|123456|24162216|STUDENT
24162217|123456|24162217|STUDENT
24162218|123456|24162218|STUDENT
24162219|123456|24162219|STUDENT
24162220|123456|24162220|STUDENT
24162221|123456|24162221|STUDENT
24162222|123456|24162222|STUDENT
24162223|123456|24162223|STUDENT
24162224|123456|24162224|STUDENT
24162225|123456|24162225|STUDENT
24162226|123456|24162226|STUDENT
24162227|123456|24162227|STUDENT
24162228|123456|24162228|STUDENT
24162229|123456|24162229|STUDENT
24162230|123456|24162230|STUDENT
24162231|123456|24162231|STUDENT
24162232|123456|24162232|STUDENT
24162233|123456|24162233|STUDENT
24162234|123456|24162234|STUDENT
24162235|123456|24162235|STUDENT
24162236|123456|24162236|STUDENT
24162237|123456|24162237|STUDENT
24162238|123456|24162238|STUDENT
24162239|123456|24162239|STUDENT
24162240|123456|24162240|STUDENT
24162301|123456|24162301|STUDENT
24162302|123456|24162302|STUDENT
24162303|123456|24162303|STUDENT
24162304|123456|24162304|STUDENT
24162305|123456|24162305|STUDENT
24162306|123456|24162306|STUDENT
24162307|123456|24162307|STUDENT
24162308|123456|24162308|STUDENT
24162309|123456|24162309|STUDENT
24162310|123456|24162310|STUDENT
24162311|123456|24162311|STUDENT
24162312|123456|24162312|STUDENT
24162313|123456|24162313|STUDENT
24162314|123456|24162314|STUDENT
24162315|123456|24162315|STUDENT
24162316|123456|24162316|STUDENT
24162317|123456|24162317|STUDENT
24162318|123456|24162318|STUDENT
24162319|123456|24162319|STUDENT
24162320|123456|24162320|STUDENT
24162321|123456|24162321|STUDENT
24162322|123456|24162322|STUDENT
24162323|123456|24162323|STUDENT
24162324|123456|24162324|STUDENT
24162325|123456|24162325|STUDENT
24162326|123456|24162326|STUDENT
24162327|123456|24162327|STUDENT
24162328|123456|24162328|STUDENT
24162329|123456|24162329|STUDENT
24162330|123456|24162330|STUDENT
24162331|123456|24162331|STUDENT
24162332|123456|24162332|STUDENT
24162333|123456|24162333|STUDENT
24162334|123456|24162334|STUDENT
24162335|123456|24162335|STUDENT
24162336|123456|24162336|STUDENT
24162337|123456|24162337|STUDENT
24162338|123456|24162338|STUDENT
24162339|123456|24162339|STUDENT
24162340|123456|24162340|STUDENT
24162401|123456|24162401|STUDENT
24162402|123456|24162402|STUDENT
24162403|123456|24162403|STUDENT
24162404|123456|24162404|STUDENT
24162405|123456|24162405|STUDENT
24162406|123456|24162406|STUDENT
24162407|123456|24162407|STUDENT
24162408|123456|24162408|STUDENT
24162409|123456|24162409|STUDENT
24162410|123456|24162410|STUDENT
24162411|123456|24162411|STUDENT
24162412|123456|24162412|STUDENT
24162413|123456|24162413|STUDENT
24162414|123456|24162414|STUDENT
24162415|123456|24162415|STUDENT
24162416|123456|24162416|STUDENT
24162417|123456|24162417|STUDENT
24162418|123456|24162418|STUDENT
24162419|123456|24162419|STUDENT
24162420|123456|24162420|STUDENT
24162421|123456|24162421|STUDENT
24162422|123456|24162422|STUDENT
24162423|123456|24162423|STUDENT
24162424|123456|24162424|STUDENT
24162425|123456|24162425|STUDENT
24162426|123456|24162426|STUDENT
24162427|123456|24162427|STUDENT
24162428|123456|24162428|STUDENT
24162429|123456|24162429|STUDENT
24162430|123456|24162430|STUDENT
24162431|123456|24162431|STUDENT
24162432|123456|24162432|STUDENT
24162433|123456|24162433|STUDENT
24162434|123456|24162434|STUDENT
24162435|123456|24162435|STUDENT
24162436|123456|24162436|STUDENT
24162437|123456|24162437|STUDENT
24162438|123456|24162438|STUDENT
24162439|123456|24162439|STUDENT
24162440|123456|24162440|STUDENT
24163101|123456|24163101|STUDENT
24163102|123456|24163102|STUDENT
24163103|123456|24163103|STUDENT
24163104|123456|24163104|STUDENT
24163105|123456|24163105|STUDENT
24163106|123456|24163106|STUDENT
24163107|123456|24163107|STUDENT
24163108|123456|24163108|STUDENT
24163109|123456|24163109|STUDENT
24163110|123456|24163110|STUDENT
24163111|123456|24163111|STUDENT
24163112|123456|24163112|STUDENT
24163113|123456|24163113|STUDENT
24163114|123456|24163114|STUDENT
24163115|123456|24163115|STUDENT
24163116|123456|24163116|STUDENT
24163117|123456|24163117|STUDENT
24163118|123456|24163118|STUDENT
24163119|123456|24163119|STUDENT
24163120|123456|24163120|STUDENT
24163121|123456|24163121|STUDENT
24163122|123456|24163122|STUDENT
24163123|123456|24163123|STUDENT
24163124|123456|24163124|STUDENT
24163125|123456|24163125|STUDENT
24163126|123456|24163126|STUDENT
24163127|123456|24163127|STUDENT
24163128|123456|24163128|STUDENT
24163129|123456|24163129|STUDENT
24163130|123456|24163130|STUDENT
24163131|123456|24163131|STUDENT
24163132|123456|24163132|STUDENT
24163133|123456|24163133|STUDENT
24163134|123456|24163134|STUDENT
24163135|123456|24163135|STUDENT
24163136|123456|24163136|STUDENT
24163137|123456|24163137|STUDENT
24163138|123456|24163138|STUDENT
24163139|123456|24163139|STUDENT
24163140|123456|24163140|STUDENT
24163201|123456|24163201|STUDENT
24163202|123456|24163202|STUDENT
24163203|123456|24163203|STUDENT
24163204|123456|24163204|STUDENT
24163205|123456|24163205|STUDENT
24163206|123456|24163206|STUDENT
24163207|123456|24163207|STUDENT
24163208|123456|24163208|STUDENT
24163209|123456|24163209|STUDENT
24163210|123456|24163210|STUDENT
24163211|123456|24163211|STUDENT
24163212|123456|24163212|STUDENT
24163213|123456|24163213|STUDENT
24163214|123456|24163214|STUDENT
24163215|123456|24163215|STUDENT
24163216|123456|24163216|STUDENT
24163217|123456|24163217|STUDENT
24163218|123456|24163218|STUDENT
24163219|123456|24163219|STUDENT
24163220|123456|24163220|STUDENT
24163221|123456|24163221|STUDENT
24163222|123456|24163222|STUDENT
24163223|123456|24163223|STUDENT
24163224|123456|24163224|STUDENT
24163225|123456|24163225|STUDENT
24163226|123456|24163226|STUDENT
24163227|123456|24163227|STUDENT
24163228|123456|24163228|STUDENT
24163229|123456|24163229|STUDENT
24163230|123456|24163230|STUDENT
24163231|123456|24163231|STUDENT
24163232|123456|24163232|STUDENT
24163233|123456|24163233|STUDENT
24163234|123456|24163234|STUDENT
24163235|123456|24163235|STUDENT
24163236|123456|24163236|STUDENT
24163237|123456|24163237|STUDENT
24163238|123456|24163238|STUDENT
24163239|123456|24163239|STUDENT
24163240|123456|24163240|STUDENT
24163301|123456|24163301|STUDENT
24163302|123456|24163302|STUDENT
24163303|123456|24163303|STUDENT
24163304|123456|24163304|STUDENT
24163305|123456|24163305|STUDENT
24163306|123456|24163306|STUDENT
24163307|123456|24163307|STUDENT
24163308|123456|24163308|STUDENT
24163309|123456|24163309|STUDENT
24163310|123456|24163310|STUDENT
24163311|123456|24163311|STUDENT
24163312|123456|24163312|STUDENT
24163313|123456|24163313|STUDENT
24163314|123456|24163314|STUDENT
24163315|123456|24163315|STUDENT
24163316|123456|24163316|STUDENT
24163317|123456|24163317|STUDENT
24163318|123456|24163318|STUDENT
24163319|123456|24163319|STUDENT
24163320|123456|24163320|STUDENT
24163321|123456|24163321|STUDENT
24163322|123456|24163322|STUDENT
24163323|123456|24163323|STUDENT
24163324|123456|24163324|STUDENT
24163325|123456|24163325|STUDENT
24163326|123456|24163326|STUDENT
24163327|123456|24163327|STUDENT
24163328|123456|24163328|STUDENT
24163329|123456|24163329|STUDENT
24163330|123456|24163330|STUDENT
24163331|123456|24163331|STUDENT
24163332|123456|24163332|STUDENT
24163333|123456|24163333|STUDENT
24163334|123456|24163334|STUDENT
24163335|123456|24163335|STUDENT
24163336|123456|24163336|STUDENT
24163337|123456|24163337|STUDENT
24163338|123456|24163338|STUDENT
24163339|123456|24163339|STUDENT
24163340|123456|24163340|STUDENT
24163401|123456|24163401|STUDENT
24163402|123456|24163402|STUDENT
24163403|123456|24163403|STUDENT
24163404|123456|24163404|STUDENT
24163405|123456|24163405|STUDENT
24163406|123456|24163406|STUDENT
24163407|123456|24163407|STUDENT
24163408|123456|24163408|STUDENT
24163409|123456|24163409|STUDENT
24163410|123456|24163410|STUDENT
24163411|123456|24163411|STUDENT
24163412|123456|24163412|STUDENT
24163413|123456|24163413|STUDENT
24163414|123456|24163414|STUDENT
24163415|123456|24163415|STUDENT
24163416|123456|24163416|STUDENT
24163417|123456|24163417|STUDENT
24163418|123456|24163418|STUDENT
24163419|123456|24163419|STUDENT
24163420|123456|24163420|STUDENT
24163421|123456|24163421|STUDENT
24163422|123456|24163422|STUDENT
24163423|123456|24163423|STUDENT
24163424|123456|24163424|STUDENT
24163425|123456|24163425|STUDENT
24163426|123456|24163426|STUDENT
24163427|123456|24163427|STUDENT
24163428|123456|24163428|STUDENT
24163429|123456|24163429|STUDENT
24163430|123456|24163430|STUDENT
24163431|123456|24163431|STUDENT
24163432|123456|24163432|STUDENT
24163433|123456|24163433|STUDENT
24163434|123456|24163434|STUDENT
24163435|123456|24163435|STUDENT
24163436|123456|24163436|STUDENT
24163437|123456|24163437|STUDENT
24163438|123456|24163438|STUDENT
24163439|123456|24163439|STUDENT
24163440|123456|24163440|STUDENT
24164101|123456|24164101|STUDENT
24164102|123456|24164102|STUDENT
24164103|123456|24164103|STUDENT
24164104|123456|24164104|STUDENT
24164105|123456|24164105|STUDENT
24164106|123456|24164106|STUDENT
24164107|123456|24164107|STUDENT
24164108|123456|24164108|STUDENT
24164109|123456|24164109|STUDENT
24164110|123456|24164110|STUDENT
24164111|123456|24164111|STUDENT
24164112|123456|24164112|STUDENT
24164113|123456|24164113|STUDENT
24164114|123456|24164114|STUDENT
24164115|123456|24164115|STUDENT
24164116|123456|24164116|STUDENT
24164117|123456|24164117|STUDENT
24164118|123456|24164118|STUDENT
24164119|123456|24164119|STUDENT
24164120|123456|24164120|STUDENT
24164121|123456|24164121|STUDENT
24164122|123456|24164122|STUDENT
24164123|123456|24164123|STUDENT
24164124|123456|24164124|STUDENT
24164125|123456|24164125|STUDENT
24164126|123456|24164126|STUDENT
24164127|123456|24164127|STUDENT
24164128|123456|24164128|STUDENT
24164129|123456|24164129|STUDENT
24164130|123456|24164130|STUDENT
24164131|123456|24164131|STUDENT
24164132|123456|24164132|STUDENT
24164133|123456|24164133|STUDENT
24164134|123456|24164134|STUDENT
24164135|123456|24164135|STUDENT
24164136|123456|24164136|STUDENT
24164137|123456|24164137|STUDENT
24164138|123456|24164138|STUDENT
24164139|123456|24164139|STUDENT
24164140|123456|24164140|STUDENT
24164201|123456|24164201|STUDENT
24164202|123456|24164202|STUDENT
24164203|123456|24164203|STUDENT
24164204|123456|24164204|STUDENT
24164205|123456|24164205|STUDENT
24164206|123456|24164206|STUDENT
24164207|123456|24164207|STUDENT
24164208|123456|24164208|STUDENT
24164209|123456|24164209|STUDENT
24164210|123456|24164210|STUDENT
24164211|123456|24164211|STUDENT
24164212|123456|24164212|STUDENT
24164213|123456|24164213|STUDENT
24164214|123456|24164214|STUDENT
24164215|123456|24164215|STUDENT
24164216|123456|24164216|STUDENT
24164217|123456|24164217|STUDENT
24164218|123456|24164218|STUDENT
24164219|123456|24164219|STUDENT
24164220|123456|24164220|STUDENT
24164221|123456|24164221|STUDENT
24164222|123456|24164222|STUDENT
24164223|123456|24164223|STUDENT
24164224|123456|24164224|STUDENT
24164225|123456|24164225|STUDENT
24164226|123456|24164226|STUDENT
24164227|123456|24164227|STUDENT
24164228|123456|24164228|STUDENT
24164229|123456|24164229|STUDENT
24164230|123456|24164230|STUDENT
24164231|123456|24164231|STUDENT
24164232|123456|24164232|STUDENT
24164233|123456|24164233|STUDENT
24164234|123456|24164234|STUDENT
24164235|123456|24164235|STUDENT
24164236|123456|24164236|STUDENT
24164237|123456|24164237|STUDENT
24164238|123456|24164238|STUDENT
24164239|123456|24164239|STUDENT
24164240|123456|24164240|STUDENT
24164301|123456|24164301|STUDENT
24164302|123456|24164302|STUDENT
24164303|123456|24164303|STUDENT
24164304|123456|24164304|STUDENT
24164305|123456|24164305|STUDENT
24164306|123456|24164306|STUDENT
24164307|123456|24164307|STUDENT
24164308|123456|24164308|STUDENT
24164309|123456|24164309|STUDENT
24164310|123456|24164310|STUDENT
24164311|123456|24164311|STUDENT
24164312|123456|24164312|STUDENT
24164313|123456|24164313|STUDENT
24164314|123456|24164314|STUDENT
24164315|123456|24164315|STUDENT
24164316|123456|24164316|STUDENT
24164317|123456|24164317|STUDENT
24164318|123456|24164318|STUDENT
24164319|123456|24164319|STUDENT
24164320|123456|24164320|STUDENT
24164321|123456|24164321|STUDENT
24164322|123456|24164322|STUDENT
24164323|123456|24164323|STUDENT
24164324|123456|24164324|STUDENT
24164325|123456|24164325|STUDENT
24164326|123456|24164326|STUDENT
24164327|123456|24164327|STUDENT
24164328|123456|24164328|STUDENT
24164329|123456|24164329|STUDENT
24164330|123456|24164330|STUDENT
24164331|123456|24164331|STUDENT
24164332|123456|24164332|STUDENT
24164333|123456|24164333|STUDENT
24164334|123456|24164334|STUDENT
24164335|123456|24164335|STUDENT
24164336|123456|24164336|STUDENT
24164337|123456|24164337|STUDENT
24164338|123456|24164338|STUDENT
24164339|123456|24164339|STUDENT
24164340|123456|24164340|STUDENT
24164401|123456|24164401|STUDENT
24164402|123456|24164402|STUDENT
24164403|123456|24164403|STUDENT
24164404|123456|24164404|STUDENT
24164405|123456|24164405|STUDENT
24164406|123456|24164406|STUDENT
24164407|123456|24164407|STUDENT
24164408|123456|24164408|STUDENT
24164409|123456|24164409|STUDENT
24164410|123456|24164410|STUDENT
24164411|123456|24164411|STUDENT
24164412|123456|24164412|STUDENT
24164413|123456|24164413|STUDENT
24164414|123456|24164414|STUDENT
24164415|123456|24164415|STUDENT
24164416|123456|24164416|STUDENT
24164417|123456|24164417|STUDENT
24164418|123456|24164418|STUDENT
24164419|123456|24164419|STUDENT
24164420|123456|24164420|STUDENT
24164421|123456|24164421|STUDENT
24164422|123456|24164422|STUDENT
24164423|123456|24164423|STUDENT
24164424|123456|24164424|STUDENT
24164425|123456|24164425|STUDENT
24164426|123456|24164426|STUDENT
24164427|123456|24164427|STUDENT
24164428|123456|24164428|STUDENT
24164429|123456|24164429|STUDENT
24164430|123456|24164430|STUDENT
24164431|123456|24164431|STUDENT
24164432|123456|24164432|STUDENT
24164433|123456|24164433|STUDENT
24164434|123456|24164434|STUDENT
24164435|123456|24164435|STUDENT
24164436|123456|24164436|STUDENT
24164437|123456|24164437|STUDENT
24164438|123456|24164438|STUDENT
24164439|123456|24164439|STUDENT
24164440|123456|24164440|STUDENT
25161101|123456|25161101|STUDENT
25161102|123456|25161102|STUDENT
25161103|123456|25161103|STUDENT
25161104|123456|25161104|STUDENT
25161105|123456|25161105|STUDENT
25161106|123456|25161106|STUDENT
25161107|123456|25161107|STUDENT
25161108|123456|25161108|STUDENT
25161109|123456|25161109|STUDENT
25161110|123456|25161110|STUDENT
25161111|123456|25161111|STUDENT
25161112|123456|25161112|STUDENT
25161113|123456|25161113|STUDENT
25161114|123456|25161114|STUDENT
25161115|123456|25161115|STUDENT
25161116|123456|25161116|STUDENT
25161117|123456|25161117|STUDENT
25161118|123456|25161118|STUDENT
25161119|123456|25161119|STUDENT
25161120|123456|25161120|STUDENT
25161121|123456|25161121|STUDENT
25161122|123456|25161122|STUDENT
25161123|123456|25161123|STUDENT
25161124|123456|25161124|STUDENT
25161125|123456|25161125|STUDENT
25161126|123456|25161126|STUDENT
25161127|123456|25161127|STUDENT
25161128|123456|25161128|STUDENT
25161129|123456|25161129|STUDENT
25161130|123456|25161130|STUDENT
25161131|123456|25161131|STUDENT
25161132|123456|25161132|STUDENT
25161133|123456|25161133|STUDENT
25161134|123456|25161134|STUDENT
25161135|123456|25161135|STUDENT
25161136|123456|25161136|STUDENT
25161137|123456|25161137|STUDENT
25161138|123456|25161138|STUDENT
25161139|123456|25161139|STUDENT
25161140|123456|25161140|STUDENT
25161201|123456|25161201|STUDENT
25161202|123456|25161202|STUDENT
25161203|123456|25161203|STUDENT
25161204|123456|25161204|STUDENT
25161205|123456|25161205|STUDENT
25161206|123456|25161206|STUDENT
25161207|123456|25161207|STUDENT
25161208|123456|25161208|STUDENT
25161209|123456|25161209|STUDENT
25161210|123456|25161210|STUDENT
25161211|123456|25161211|STUDENT
25161212|123456|25161212|STUDENT
25161213|123456|25161213|STUDENT
25161214|123456|25161214|STUDENT
25161215|123456|25161215|STUDENT
25161216|123456|25161216|STUDENT
25161217|123456|25161217|STUDENT
25161218|123456|25161218|STUDENT
25161219|123456|25161219|STUDENT
25161220|123456|25161220|STUDENT
25161221|123456|25161221|STUDENT
25161222|123456|25161222|STUDENT
25161223|123456|25161223|STUDENT
25161224|123456|25161224|STUDENT
25161225|123456|25161225|STUDENT
25161226|123456|25161226|STUDENT
25161227|123456|25161227|STUDENT
25161228|123456|25161228|STUDENT
25161229|123456|25161229|STUDENT
25161230|123456|25161230|STUDENT
25161231|123456|25161231|STUDENT
25161232|123456|25161232|STUDENT
25161233|123456|25161233|STUDENT
25161234|123456|25161234|STUDENT
25161235|123456|25161235|STUDENT
25161236|123456|25161236|STUDENT
25161237|123456|25161237|STUDENT
25161238|123456|25161238|STUDENT
25161239|123456|25161239|STUDENT
25161240|123456|25161240|STUDENT
25161301|123456|25161301|STUDENT
25161302|123456|25161302|STUDENT
25161303|123456|25161303|STUDENT
25161304|123456|25161304|STUDENT
25161305|123456|25161305|STUDENT
25161306|123456|25161306|STUDENT
25161307|123456|25161307|STUDENT
25161308|123456|25161308|STUDENT
25161309|123456|25161309|STUDENT
25161310|123456|25161310|STUDENT
25161311|123456|25161311|STUDENT
25161312|123456|25161312|STUDENT
25161313|123456|25161313|STUDENT
25161314|123456|25161314|STUDENT
25161315|123456|25161315|STUDENT
25161316|123456|25161316|STUDENT
25161317|123456|25161317|STUDENT
25161318|123456|25161318|STUDENT
25161319|123456|25161319|STUDENT
25161320|123456|25161320|STUDENT
25161321|123456|25161321|STUDENT
25161322|123456|25161322|STUDENT
25161323|123456|25161323|STUDENT
25161324|123456|25161324|STUDENT
25161325|123456|25161325|STUDENT
25161326|123456|25161326|STUDENT
25161327|123456|25161327|STUDENT
25161328|123456|25161328|STUDENT
25161329|123456|25161329|STUDENT
25161330|123456|25161330|STUDENT
25161331|123456|25161331|STUDENT
25161332|123456|25161332|STUDENT
25161333|123456|25161333|STUDENT
25161334|123456|25161334|STUDENT
25161335|123456|25161335|STUDENT
25161336|123456|25161336|STUDENT
25161337|123456|25161337|STUDENT
25161338|123456|25161338|STUDENT
25161339|123456|25161339|STUDENT
25161340|123456|25161340|STUDENT
25161401|123456|25161401|STUDENT
25161402|123456|25161402|STUDENT
25161403|123456|25161403|STUDENT
25161404|123456|25161404|STUDENT
25161405|123456|25161405|STUDENT
25161406|123456|25161406|STUDENT
25161407|123456|25161407|STUDENT
25161408|123456|25161408|STUDENT
25161409|123456|25161409|STUDENT
25161410|123456|25161410|STUDENT
25161411|123456|25161411|STUDENT
25161412|123456|25161412|STUDENT
25161413|123456|25161413|STUDENT
25161414|123456|25161414|STUDENT
25161415|123456|25161415|STUDENT
25161416|123456|25161416|STUDENT
25161417|123456|25161417|STUDENT
25161418|123456|25161418|STUDENT
25161419|123456|25161419|STUDENT
25161420|123456|25161420|STUDENT
25161421|123456|25161421|STUDENT
25161422|123456|25161422|STUDENT
25161423|123456|25161423|STUDENT
25161424|123456|25161424|STUDENT
25161425|123456|25161425|STUDENT
25161426|123456|25161426|STUDENT
25161427|123456|25161427|STUDENT
25161428|123456|25161428|STUDENT
25161429|123456|25161429|STUDENT
25161430|123456|25161430|STUDENT
25161431|123456|25161431|STUDENT
25161432|123456|25161432|STUDENT
25161433|123456|25161433|STUDENT
25161434|123456|25161434|STUDENT
25161435|123456|25161435|STUDENT
25161436|123456|25161436|STUDENT
25161437|123456|25161437|STUDENT
25161438|123456|25161438|STUDENT
25161439|123456|25161439|STUDENT
25161440|123456|25161440|STUDENT
25162101|123456|25162101|STUDENT
25162102|123456|25162102|STUDENT
25162103|123456|25162103|STUDENT
25162104|123456|25162104|STUDENT
25162105|123456|25162105|STUDENT
25162106|123456|25162106|STUDENT
25162107|123456|25162107|STUDENT
25162108|123456|25162108|STUDENT
25162109|123456|25162109|STUDENT
25162110|123456|25162110|STUDENT
25162111|123456|25162111|STUDENT
25162112|123456|25162112|STUDENT
25162113|123456|25162113|STUDENT
25162114|123456|25162114|STUDENT
25162115|123456|25162115|STUDENT
25162116|123456|25162116|STUDENT
25162117|123456|25162117|STUDENT
25162118|123456|25162118|STUDENT
25162119|123456|25162119|STUDENT
25162120|123456|25162120|STUDENT
25162121|123456|25162121|STUDENT
25162122|123456|25162122|STUDENT
25162123|123456|25162123|STUDENT
25162124|123456|25162124|STUDENT
25162125|123456|25162125|STUDENT
25162126|123456|25162126|STUDENT
25162127|123456|25162127|STUDENT
25162128|123456|25162128|STUDENT
25162129|123456|25162129|STUDENT
25162130|123456|25162130|STUDENT
25162131|123456|25162131|STUDENT
25162132|123456|25162132|STUDENT
25162133|123456|25162133|STUDENT
25162134|123456|25162134|STUDENT
25162135|123456|25162135|STUDENT
25162136|123456|25162136|STUDENT
25162137|123456|25162137|STUDENT
25162138|123456|25162138|STUDENT
25162139|123456|25162139|STUDENT
25162140|123456|25162140|STUDENT
25162201|123456|25162201|STUDENT
25162202|123456|25162202|STUDENT
25162203|123456|25162203|STUDENT
25162204|123456|25162204|STUDENT
25162205|123456|25162205|STUDENT
25162206|123456|25162206|STUDENT
25162207|123456|25162207|STUDENT
25162208|123456|25162208|STUDENT
25162209|123456|25162209|STUDENT
25162210|123456|25162210|STUDENT
25162211|123456|25162211|STUDENT
25162212|123456|25162212|STUDENT
25162213|123456|25162213|STUDENT
25162214|123456|25162214|STUDENT
25162215|123456|25162215|STUDENT
25162216|123456|25162216|STUDENT
25162217|123456|25162217|STUDENT
25162218|123456|25162218|STUDENT
25162219|123456|25162219|STUDENT
25162220|123456|25162220|STUDENT
25162221|123456|25162221|STUDENT
25162222|123456|25162222|STUDENT
25162223|123456|25162223|STUDENT
25162224|123456|25162224|STUDENT
25162225|123456|25162225|STUDENT
25162226|123456|25162226|STUDENT
25162227|123456|25162227|STUDENT
25162228|123456|25162228|STUDENT
25162229|123456|25162229|STUDENT
25162230|123456|25162230|STUDENT
25162231|123456|25162231|STUDENT
25162232|123456|25162232|STUDENT
25162233|123456|25162233|STUDENT
25162234|123456|25162234|STUDENT
25162235|123456|25162235|STUDENT
25162236|123456|25162236|STUDENT
25162237|123456|25162237|STUDENT
25162238|123456|25162238|STUDENT
25162239|123456|25162239|STUDENT
25162240|123456|25162240|STUDENT
25162301|123456|25162301|STUDENT
25162302|123456|25162302|STUDENT
25162303|123456|25162303|STUDENT
25162304|123456|25162304|STUDENT
25162305|123456|25162305|STUDENT
25162306|123456|25162306|STUDENT
25162307|123456|25162307|STUDENT
25162308|123456|25162308|STUDENT
25162309|123456|25162309|STUDENT
25162310|123456|25162310|STUDENT
25162311|123456|25162311|STUDENT
25162312|123456|25162312|STUDENT
25162313|123456|25162313|STUDENT
25162314|123456|25162314|STUDENT
25162315|123456|25162315|STUDENT
25162316|123456|25162316|STUDENT
25162317|123456|25162317|STUDENT
25162318|123456|25162318|STUDENT
25162319|123456|25162319|STUDENT
25162320|123456|25162320|STUDENT
25162321|123456|25162321|STUDENT
25162322|123456|25162322|STUDENT
25162323|123456|25162323|STUDENT
25162324|123456|25162324|STUDENT
25162325|123456|25162325|STUDENT
25162326|123456|25162326|STUDENT
25162327|123456|25162327|STUDENT
25162328|123456|25162328|STUDENT
25162329|123456|25162329|STUDENT
25162330|123456|25162330|STUDENT
25162331|123456|25162331|STUDENT
25162332|123456|25162332|STUDENT
25162333|123456|25162333|STUDENT
25162334|123456|25162334|STUDENT
25162335|123456|25162335|STUDENT
25162336|123456|25162336|STUDENT
25162337|123456|25162337|STUDENT
25162338|123456|25162338|STUDENT
25162339|123456|25162339|STUDENT
25162340|123456|25162340|STUDENT
25162401|123456|25162401|STUDENT
25162402|123456|25162402|STUDENT
25162403|123456|25162403|STUDENT
25162404|123456|25162404|STUDENT
25162405|123456|25162405|STUDENT
25162406|123456|25162406|STUDENT
25162407|123456|25162407|STUDENT
25162408|123456|25162408|STUDENT
25162409|123456|25162409|STUDENT
25162410|123456|25162410|STUDENT
25162411|123456|25162411|STUDENT
25162412|123456|25162412|STUDENT
25162413|123456|25162413|STUDENT
25162414|123456|25162414|STUDENT
25162415|123456|25162415|STUDENT
25162416|123456|25162416|STUDENT
25162417|123456|25162417|STUDENT
25162418|123456|25162418|STUDENT
25162419|123456|25162419|STUDENT
25162420|123456|25162420|STUDENT
25162421|123456|25162421|STUDENT
25162422|123456|25162422|STUDENT
25162423|123456|25162423|STUDENT
25162424|123456|25162424|STUDENT
25162425|123456|25162425|STUDENT
25162426|123456|25162426|STUDENT
25162427|123456|25162427|STUDENT
25162428|123456|25162428|STUDENT
25162429|123456|25162429|STUDENT
25162430|123456|25162430|STUDENT
25162431|123456|25162431|STUDENT
25162432|123456|25162432|STUDENT
25162433|123456|25162433|STUDENT
25162434|123456|25162434|STUDENT
25162435|123456|25162435|STUDENT
25162436|123456|25162436|STUDENT
25162437|123456|25162437|STUDENT
25162438|123456|25162438|STUDENT
25162439|123456|25162439|STUDENT
25162440|123456|25162440|STUDENT
25163101|123456|25163101|STUDENT
25163102|123456|25163102|STUDENT
25163103|123456|25163103|STUDENT
25163104|123456|25163104|STUDENT
25163105|123456|25163105|STUDENT
25163106|123456|25163106|STUDENT
25163107|123456|25163107|STUDENT
25163108|123456|25163108|STUDENT
25163109|123456|25163109|STUDENT
25163110|123456|25163110|STUDENT
25163111|123456|25163111|STUDENT
25163112|123456|25163112|STUDENT
25163113|123456|25163113|STUDENT
25163114|123456|25163114|STUDENT
25163115|123456|25163115|STUDENT
25163116|123456|25163116|STUDENT
25163117|123456|25163117|STUDENT
25163118|123456|25163118|STUDENT
25163119|123456|25163119|STUDENT
25163120|123456|25163120|STUDENT
25163121|123456|25163121|STUDENT
25163122|123456|25163122|STUDENT
25163123|123456|25163123|STUDENT
25163124|123456|25163124|STUDENT
25163125|123456|25163125|STUDENT
25163126|123456|25163126|STUDENT
25163127|123456|25163127|STUDENT
25163128|123456|25163128|STUDENT
25163129|123456|25163129|STUDENT
25163130|123456|25163130|STUDENT
25163131|123456|25163131|STUDENT
25163132|123456|25163132|STUDENT
25163133|123456|25163133|STUDENT
25163134|123456|25163134|STUDENT
25163135|123456|25163135|STUDENT
25163136|123456|25163136|STUDENT
25163137|123456|25163137|STUDENT
25163138|123456|25163138|STUDENT
25163139|123456|25163139|STUDENT
25163140|123456|25163140|STUDENT
25163201|123456|25163201|STUDENT
25163202|123456|25163202|STUDENT
25163203|123456|25163203|STUDENT
25163204|123456|25163204|STUDENT
25163205|123456|25163205|STUDENT
25163206|123456|25163206|STUDENT
25163207|123456|25163207|STUDENT
25163208|123456|25163208|STUDENT
25163209|123456|25163209|STUDENT
25163210|123456|25163210|STUDENT
25163211|123456|25163211|STUDENT
25163212|123456|25163212|STUDENT
25163213|123456|25163213|STUDENT
25163214|123456|25163214|STUDENT
25163215|123456|25163215|STUDENT
25163216|123456|25163216|STUDENT
25163217|123456|25163217|STUDENT
25163218|123456|25163218|STUDENT
25163219|123456|25163219|STUDENT
25163220|123456|25163220|STUDENT
25163221|123456|25163221|STUDENT
25163222|123456|25163222|STUDENT
25163223|123456|25163223|STUDENT
25163224|123456|25163224|STUDENT
25163225|123456|25163225|STUDENT
25163226|123456|25163226|STUDENT
25163227|123456|25163227|STUDENT
25163228|123456|25163228|STUDENT
25163229|123456|25163229|STUDENT
25163230|123456|25163230|STUDENT
25163231|123456|25163231|STUDENT
25163232|123456|25163232|STUDENT
25163233|123456|25163233|STUDENT
25163234|123456|25163234|STUDENT
25163235|123456|25163235|STUDENT
25163236|123456|25163236|STUDENT
25163237|123456|25163237|STUDENT
25163238|123456|25163238|STUDENT
25163239|123456|25163239|STUDENT
25163240|123456|25163240|STUDENT
25163301|123456|25163301|STUDENT
25163302|123456|25163302|STUDENT
25163303|123456|25163303|STUDENT
25163304|123456|25163304|STUDENT
25163305|123456|25163305|STUDENT
25163306|123456|25163306|STUDENT
25163307|123456|25163307|STUDENT
25163308|123456|25163308|STUDENT
25163309|123456|25163309|STUDENT
25163310|123456|25163310|STUDENT
25163311|123456|25163311|STUDENT
25163312|123456|25163312|STUDENT
25163313|123456|25163313|STUDENT
25163314|123456|25163314|STUDENT
25163315|123456|25163315|STUDENT
25163316|123456|25163316|STUDENT
25163317|123456|25163317|STUDENT
25163318|123456|25163318|STUDENT
25163319|123456|25163319|STUDENT
25163320|123456|25163320|STUDENT
25163321|123456|25163321|STUDENT
25163322|123456|25163322|STUDENT
25163323|123456|25163323|STUDENT
25163324|123456|25163324|STUDENT
25163325|123456|25163325|STUDENT
25163326|123456|25163326|STUDENT
25163327|123456|25163327|STUDENT
25163328|123456|25163328|STUDENT
25163329|123456|25163329|STUDENT
25163330|123456|25163330|STUDENT
25163331|123456|25163331|STUDENT
25163332|123456|25163332|STUDENT
25163333|123456|25163333|STUDENT
25163334|123456|25163334|STUDENT
25163335|123456|25163335|STUDENT
25163336|123456|25163336|STUDENT
25163337|123456|25163337|STUDENT
25163338|123456|25163338|STUDENT
25163339|123456|25163339|STUDENT
25163340|123456|25163340|STUDENT
25163401|123456|25163401|STUDENT
25163402|123456|25163402|STUDENT
25163403|123456|25163403|STUDENT
25163404|123456|25163404|STUDENT
25163405|123456|25163405|STUDENT
25163406|123456|25163406|STUDENT
25163407|123456|25163407|STUDENT
25163408|123456|25163408|STUDENT
25163409|123456|25163409|STUDENT
25163410|123456|25163410|STUDENT
25163411|123456|25163411|STUDENT
25163412|123456|25163412|STUDENT
25163413|123456|25163413|STUDENT
25163414|123456|25163414|STUDENT
25163415|123456|25163415|STUDENT
25163416|123456|25163416|STUDENT
25163417|123456|25163417|STUDENT
25163418|123456|25163418|STUDENT
25163419|123456|25163419|STUDENT
25163420|123456|25163420|STUDENT
25163421|123456|25163421|STUDENT
25163422|123456|25163422|STUDENT
25163423|123456|25163423|STUDENT
25163424|123456|25163424|STUDENT
25163425|123456|25163425|STUDENT
25163426|123456|25163426|STUDENT
25163427|123456|25163427|STUDENT
25163428|123456|25163428|STUDENT
25163429|123456|25163429|STUDENT
25163430|123456|25163430|STUDENT
25163431|123456|25163431|STUDENT
25163432|123456|25163432|STUDENT
25163433|123456|25163433|STUDENT
25163434|123456|25163434|STUDENT
25163435|123456|25163435|STUDENT
25163436|123456|25163436|STUDENT
25163437|123456|25163437|STUDENT
25163438|123456|25163438|STUDENT
25163439|123456|25163439|STUDENT
25163440|123456|25163440|STUDENT
25164101|123456|25164101|STUDENT
25164102|123456|25164102|STUDENT
25164103|123456|25164103|STUDENT
25164104|123456|25164104|STUDENT
25164105|123456|25164105|STUDENT
25164106|123456|25164106|STUDENT
25164107|123456|25164107|STUDENT
25164108|123456|25164108|STUDENT
25164109|123456|25164109|STUDENT
25164110|123456|25164110|STUDENT
25164111|123456|25164111|STUDENT
25164112|123456|25164112|STUDENT
25164113|123456|25164113|STUDENT
25164114|123456|25164114|STUDENT
25164115|123456|25164115|STUDENT
25164116|123456|25164116|STUDENT
25164117|123456|25164117|STUDENT
25164118|123456|25164118|STUDENT
25164119|123456|25164119|STUDENT
25164120|123456|25164120|STUDENT
25164121|123456|25164121|STUDENT
25164122|123456|25164122|STUDENT
25164123|123456|25164123|STUDENT
25164124|123456|25164124|STUDENT
25164125|123456|25164125|STUDENT
25164126|123456|25164126|STUDENT
25164127|123456|25164127|STUDENT
25164128|123456|25164128|STUDENT
25164129|123456|25164129|STUDENT
25164130|123456|25164130|STUDENT
25164131|123456|25164131|STUDENT
25164132|123456|25164132|STUDENT
25164133|123456|25164133|STUDENT
25164134|123456|25164134|STUDENT
25164135|123456|25164135|STUDENT
25164136|123456|25164136|STUDENT
25164137|123456|25164137|STUDENT
25164138|123456|25164138|STUDENT
25164139|123456|25164139|STUDENT
25164140|123456|25164140|STUDENT
25164201|123456|25164201|STUDENT
25164202|123456|25164202|STUDENT
25164203|123456|25164203|STUDENT
25164204|123456|25164204|STUDENT
25164205|123456|25164205|STUDENT
25164206|123456|25164206|STUDENT
25164207|123456|25164207|STUDENT
25164208|123456|25164208|STUDENT
25164209|123456|25164209|STUDENT
25164210|123456|25164210|STUDENT
25164211|123456|25164211|STUDENT
25164212|123456|25164212|STUDENT
25164213|123456|25164213|STUDENT
25164214|123456|25164214|STUDENT
25164215|123456|25164215|STUDENT
25164216|123456|25164216|STUDENT
25164217|123456|25164217|STUDENT
25164218|123456|25164218|STUDENT
25164219|123456|25164219|STUDENT
25164220|123456|25164220|STUDENT
25164221|123456|25164221|STUDENT
25164222|123456|25164222|STUDENT
25164223|123456|25164223|STUDENT
25164224|123456|25164224|STUDENT
25164225|123456|25164225|STUDENT
25164226|123456|25164226|STUDENT
25164227|123456|25164227|STUDENT
25164228|123456|25164228|STUDENT
25164229|123456|25164229|STUDENT
25164230|123456|25164230|STUDENT
25164231|123456|25164231|STUDENT
25164232|123456|25164232|STUDENT
25164233|123456|25164233|STUDENT
25164234|123456|25164234|STUDENT
25164235|123456|25164235|STUDENT
25164236|123456|25164236|STUDENT
25164237|123456|25164237|STUDENT
25164238|123456|25164238|STUDENT
25164239|123456|25164239|STUDENT
25164240|123456|25164240|STUDENT
25164301|123456|25164301|STUDENT
25164302|123456|25164302|STUDENT
25164303|123456|25164303|STUDENT
25164304|123456|25164304|STUDENT
25164305|123456|25164305|STUDENT
25164306|123456|25164306|STUDENT
25164307|123456|25164307|STUDENT
25164308|123456|25164308|STUDENT
25164309|123456|25164309|STUDENT
25164310|123456|25164310|STUDENT
25164311|123456|25164311|STUDENT
25164312|123456|25164312|STUDENT
25164313|123456|25164313|STUDENT
25164314|123456|25164314|STUDENT
25164315|123456|25164315|STUDENT
25164316|123456|25164316|STUDENT
25164317|123456|25164317|STUDENT
25164318|123456|25164318|STUDENT
25164319|123456|25164319|STUDENT
25164320|123456|25164320|STUDENT
25164321|123456|25164321|STUDENT
25164322|123456|25164322|STUDENT
25164323|123456|25164323|STUDENT
25164324|123456|25164324|STUDENT
25164325|123456|25164325|STUDENT
25164326|123456|25164326|STUDENT
25164327|123456|25164327|STUDENT
25164328|123456|25164328|STUDENT
25164329|123456|25164329|STUDENT
25164330|123456|25164330|STUDENT
25164331|123456|25164331|STUDENT
25164332|123456|25164332|STUDENT
25164333|123456|25164333|STUDENT
25164334|123456|25164334|STUDENT
25164335|123456|25164335|STUDENT
25164336|123456|25164336|STUDENT
25164337|123456|25164337|STUDENT
25164338|123456|25164338|STUDENT
25164339|123456|25164339|STUDENT
25164340|123456|25164340|STUDENT
25164401|123456|25164401|STUDENT
25164402|123456|25164402|STUDENT
25164403|123456|25164403|STUDENT
25164404|123456|25164404|STUDENT
25164405|123456|25164405|STUDENT
25164406|123456|25164406|STUDENT
25164407|123456|25164407|STUDENT
25164408|123456|25164408|STUDENT
25164409|123456|25164409|STUDENT
25164410|123456|25164410|STUDENT
25164411|123456|25164411|STUDENT
25164412|123456|25164412|STUDENT
25164413|123456|25164413|STUDENT
25164414|123456|25164414|STUDENT
25164415|123456|25164415|STUDENT
25164416|123456|25164416|STUDENT
25164417|123456|25164417|STUDENT
25164418|123456|25164418|STUDENT
25164419|123456|25164419|STUDENT
25164420|123456|25164420|STUDENT
25164421|123456|25164421|STUDENT
25164422|123456|25164422|STUDENT
25164423|123456|25164423|STUDENT
25164424|123456|25164424|STUDENT
25164425|123456|25164425|STUDENT
25164426|123456|25164426|STUDENT
25164427|123456|25164427|STUDENT
25164428|123456|25164428|STUDENT
25164429|123456|25164429|STUDENT
25164430|123456|25164430|STUDENT
25164431|123456|25164431|STUDENT
25164432|123456|25164432|STUDENT
25164433|123456|25164433|STUDENT
25164434|123456|25164434|STUDENT
25164435|123456|25164435|STUDENT
25164436|123456|25164436|STUDENT
25164437|123456|25164437|STUDENT
25164438|123456|25164438|STUDENT
25164439|123456|25164439|STUDENT
25164440|123456|25164440|STUDENT
24201101|123456|24201101|STUDENT
24201102|123456|24201102|STUDENT
24201103|123456|24201103|STUDENT
24201104|123456|24201104|STUDENT
24201105|123456|24201105|STUDENT
24201106|123456|24201106|STUDENT
24201107|123456|24201107|STUDENT
24201108|123456|24201108|STUDENT
24201109|123456|24201109|STUDENT
24201110|123456|24201110|STUDENT
24201111|123456|24201111|STUDENT
24201112|123456|24201112|STUDENT
24201113|123456|24201113|STUDENT
24201114|123456|24201114|STUDENT
24201115|123456|24201115|STUDENT
24201116|123456|24201116|STUDENT
24201117|123456|24201117|STUDENT
24201118|123456|24201118|STUDENT
24201119|123456|24201119|STUDENT
24201120|123456|24201120|STUDENT
24201121|123456|24201121|STUDENT
24201122|123456|24201122|STUDENT
24201123|123456|24201123|STUDENT
24201124|123456|24201124|STUDENT
24201125|123456|24201125|STUDENT
24201126|123456|24201126|STUDENT
24201127|123456|24201127|STUDENT
24201128|123456|24201128|STUDENT
24201129|123456|24201129|STUDENT
24201130|123456|24201130|STUDENT
24201131|123456|24201131|STUDENT
24201132|123456|24201132|STUDENT
24201133|123456|24201133|STUDENT
24201134|123456|24201134|STUDENT
24201135|123456|24201135|STUDENT
24201136|123456|24201136|STUDENT
24201137|123456|24201137|STUDENT
24201138|123456|24201138|STUDENT
24201139|123456|24201139|STUDENT
24201140|123456|24201140|STUDENT
24201201|123456|24201201|STUDENT
24201202|123456|24201202|STUDENT
24201203|123456|24201203|STUDENT
24201204|123456|24201204|STUDENT
24201205|123456|24201205|STUDENT
24201206|123456|24201206|STUDENT
24201207|123456|24201207|STUDENT
24201208|123456|24201208|STUDENT
24201209|123456|24201209|STUDENT
24201210|123456|24201210|STUDENT
24201211|123456|24201211|STUDENT
24201212|123456|24201212|STUDENT
24201213|123456|24201213|STUDENT
24201214|123456|24201214|STUDENT
24201215|123456|24201215|STUDENT
24201216|123456|24201216|STUDENT
24201217|123456|24201217|STUDENT
24201218|123456|24201218|STUDENT
24201219|123456|24201219|STUDENT
24201220|123456|24201220|STUDENT
24201221|123456|24201221|STUDENT
24201222|123456|24201222|STUDENT
24201223|123456|24201223|STUDENT
24201224|123456|24201224|STUDENT
24201225|123456|24201225|STUDENT
24201226|123456|24201226|STUDENT
24201227|123456|24201227|STUDENT
24201228|123456|24201228|STUDENT
24201229|123456|24201229|STUDENT
24201230|123456|24201230|STUDENT
24201231|123456|24201231|STUDENT
24201232|123456|24201232|STUDENT
24201233|123456|24201233|STUDENT
24201234|123456|24201234|STUDENT
24201235|123456|24201235|STUDENT
24201236|123456|24201236|STUDENT
24201237|123456|24201237|STUDENT
24201238|123456|24201238|STUDENT
24201239|123456|24201239|STUDENT
24201240|123456|24201240|STUDENT
24201301|123456|24201301|STUDENT
24201302|123456|24201302|STUDENT
24201303|123456|24201303|STUDENT
24201304|123456|24201304|STUDENT
24201305|123456|24201305|STUDENT
24201306|123456|24201306|STUDENT
24201307|123456|24201307|STUDENT
24201308|123456|24201308|STUDENT
24201309|123456|24201309|STUDENT
24201310|123456|24201310|STUDENT
24201311|123456|24201311|STUDENT
24201312|123456|24201312|STUDENT
24201313|123456|24201313|STUDENT
24201314|123456|24201314|STUDENT
24201315|123456|24201315|STUDENT
24201316|123456|24201316|STUDENT
24201317|123456|24201317|STUDENT
24201318|123456|24201318|STUDENT
24201319|123456|24201319|STUDENT
24201320|123456|24201320|STUDENT
24201321|123456|24201321|STUDENT
24201322|123456|24201322|STUDENT
24201323|123456|24201323|STUDENT
24201324|123456|24201324|STUDENT
24201325|123456|24201325|STUDENT
24201326|123456|24201326|STUDENT
24201327|123456|24201327|STUDENT
24201328|123456|24201328|STUDENT
24201329|123456|24201329|STUDENT
24201330|123456|24201330|STUDENT
24201331|123456|24201331|STUDENT
24201332|123456|24201332|STUDENT
24201333|123456|24201333|STUDENT
24201334|123456|24201334|STUDENT
24201335|123456|24201335|STUDENT
24201336|123456|24201336|STUDENT
24201337|123456|24201337|STUDENT
24201338|123456|24201338|STUDENT
24201339|123456|24201339|STUDENT
24201340|123456|24201340|STUDENT
24201401|123456|24201401|STUDENT
24201402|123456|24201402|STUDENT
24201403|123456|24201403|STUDENT
24201404|123456|24201404|STUDENT
24201405|123456|24201405|STUDENT
24201406|123456|24201406|STUDENT
24201407|123456|24201407|STUDENT
24201408|123456|24201408|STUDENT
24201409|123456|24201409|STUDENT
24201410|123456|24201410|STUDENT
24201411|123456|24201411|STUDENT
24201412|123456|24201412|STUDENT
24201413|123456|24201413|STUDENT
24201414|123456|24201414|STUDENT
24201415|123456|24201415|STUDENT
24201416|123456|24201416|STUDENT
24201417|123456|24201417|STUDENT
24201418|123456|24201418|STUDENT
24201419|123456|24201419|STUDENT
24201420|123456|24201420|STUDENT
24201421|123456|24201421|STUDENT
24201422|123456|24201422|STUDENT
24201423|123456|24201423|STUDENT
24201424|123456|24201424|STUDENT
24201425|123456|24201425|STUDENT
24201426|123456|24201426|STUDENT
24201427|123456|24201427|STUDENT
24201428|123456|24201428|STUDENT
24201429|123456|24201429|STUDENT
24201430|123456|24201430|STUDENT
24201431|123456|24201431|STUDENT
24201432|123456|24201432|STUDENT
24201433|123456|24201433|STUDENT
24201434|123456|24201434|STUDENT
24201435|123456|24201435|STUDENT
24201436|123456|24201436|STUDENT
24201437|123456|24201437|STUDENT
24201438|123456|24201438|STUDENT
24201439|123456|24201439|STUDENT
24201440|123456|24201440|STUDENT
24202101|123456|24202101|STUDENT
24202102|123456|24202102|STUDENT
24202103|123456|24202103|STUDENT
24202104|123456|24202104|STUDENT
24202105|123456|24202105|STUDENT
24202106|123456|24202106|STUDENT
24202107|123456|24202107|STUDENT
24202108|123456|24202108|STUDENT
24202109|123456|24202109|STUDENT
24202110|123456|24202110|STUDENT
24202111|123456|24202111|STUDENT
24202112|123456|24202112|STUDENT
24202113|123456|24202113|STUDENT
24202114|123456|24202114|STUDENT
24202115|123456|24202115|STUDENT
24202116|123456|24202116|STUDENT
24202117|123456|24202117|STUDENT
24202118|123456|24202118|STUDENT
24202119|123456|24202119|STUDENT
24202120|123456|24202120|STUDENT
24202121|123456|24202121|STUDENT
24202122|123456|24202122|STUDENT
24202123|123456|24202123|STUDENT
24202124|123456|24202124|STUDENT
24202125|123456|24202125|STUDENT
24202126|123456|24202126|STUDENT
24202127|123456|24202127|STUDENT
24202128|123456|24202128|STUDENT
24202129|123456|24202129|STUDENT
24202130|123456|24202130|STUDENT
24202131|123456|24202131|STUDENT
24202132|123456|24202132|STUDENT
24202133|123456|24202133|STUDENT
24202134|123456|24202134|STUDENT
24202135|123456|24202135|STUDENT
24202136|123456|24202136|STUDENT
24202137|123456|24202137|STUDENT
24202138|123456|24202138|STUDENT
24202139|123456|24202139|STUDENT
24202140|123456|24202140|STUDENT
24202201|123456|24202201|STUDENT
24202202|123456|24202202|STUDENT
24202203|123456|24202203|STUDENT
24202204|123456|24202204|STUDENT
24202205|123456|24202205|STUDENT
24202206|123456|24202206|STUDENT
24202207|123456|24202207|STUDENT
24202208|123456|24202208|STUDENT
24202209|123456|24202209|STUDENT
24202210|123456|24202210|STUDENT
24202211|123456|24202211|STUDENT
24202212|123456|24202212|STUDENT
24202213|123456|24202213|STUDENT
24202214|123456|24202214|STUDENT
24202215|123456|24202215|STUDENT
24202216|123456|24202216|STUDENT
24202217|123456|24202217|STUDENT
24202218|123456|24202218|STUDENT
24202219|123456|24202219|STUDENT
24202220|123456|24202220|STUDENT
24202221|123456|24202221|STUDENT
24202222|123456|24202222|STUDENT
24202223|123456|24202223|STUDENT
24202224|123456|24202224|STUDENT
24202225|123456|24202225|STUDENT
24202226|123456|24202226|STUDENT
24202227|123456|24202227|STUDENT
24202228|123456|24202228|STUDENT
24202229|123456|24202229|STUDENT
24202230|123456|24202230|STUDENT
24202231|123456|24202231|STUDENT
24202232|123456|24202232|STUDENT
24202233|123456|24202233|STUDENT
24202234|123456|24202234|STUDENT
24202235|123456|24202235|STUDENT
24202236|123456|24202236|STUDENT
24202237|123456|24202237|STUDENT
24202238|123456|24202238|STUDENT
24202239|123456|24202239|STUDENT
24202240|123456|24202240|STUDENT
24202301|123456|24202301|STUDENT
24202302|123456|24202302|STUDENT
24202303|123456|24202303|STUDENT
24202304|123456|24202304|STUDENT
24202305|123456|24202305|STUDENT
24202306|123456|24202306|STUDENT
24202307|123456|24202307|STUDENT
24202308|123456|24202308|STUDENT
24202309|123456|24202309|STUDENT
24202310|123456|24202310|STUDENT
24202311|123456|24202311|STUDENT
24202312|123456|24202312|STUDENT
24202313|123456|24202313|STUDENT
24202314|123456|24202314|STUDENT
24202315|123456|24202315|STUDENT
24202316|123456|24202316|STUDENT
24202317|123456|24202317|STUDENT
24202318|123456|24202318|STUDENT
24202319|123456|24202319|STUDENT
24202320|123456|24202320|STUDENT
24202321|123456|24202321|STUDENT
24202322|123456|24202322|STUDENT
24202323|123456|24202323|STUDENT
24202324|123456|24202324|STUDENT
24202325|123456|24202325|STUDENT
24202326|123456|24202326|STUDENT
24202327|123456|24202327|STUDENT
24202328|123456|24202328|STUDENT
24202329|123456|24202329|STUDENT
24202330|123456|24202330|STUDENT
24202331|123456|24202331|STUDENT
24202332|123456|24202332|STUDENT
24202333|123456|24202333|STUDENT
24202334|123456|24202334|STUDENT
24202335|123456|24202335|STUDENT
24202336|123456|24202336|STUDENT
24202337|123456|24202337|STUDENT
24202338|123456|24202338|STUDENT
24202339|123456|24202339|STUDENT
24202340|123456|24202340|STUDENT
24202401|123456|24202401|STUDENT
24202402|123456|24202402|STUDENT
24202403|123456|24202403|STUDENT
24202404|123456|24202404|STUDENT
24202405|123456|24202405|STUDENT
24202406|123456|24202406|STUDENT
24202407|123456|24202407|STUDENT
24202408|123456|24202408|STUDENT
24202409|123456|24202409|STUDENT
24202410|123456|24202410|STUDENT
24202411|123456|24202411|STUDENT
24202412|123456|24202412|STUDENT
24202413|123456|24202413|STUDENT
24202414|123456|24202414|STUDENT
24202415|123456|24202415|STUDENT
24202416|123456|24202416|STUDENT
24202417|123456|24202417|STUDENT
24202418|123456|24202418|STUDENT
24202419|123456|24202419|STUDENT
24202420|123456|24202420|STUDENT
24202421|123456|24202421|STUDENT
24202422|123456|24202422|STUDENT
24202423|123456|24202423|STUDENT
24202424|123456|24202424|STUDENT
24202425|123456|24202425|STUDENT
24202426|123456|24202426|STUDENT
24202427|123456|24202427|STUDENT
24202428|123456|24202428|STUDENT
24202429|123456|24202429|STUDENT
24202430|123456|24202430|STUDENT
24202431|123456|24202431|STUDENT
24202432|123456|24202432|STUDENT
24202433|123456|24202433|STUDENT
24202434|123456|24202434|STUDENT
24202435|123456|24202435|STUDENT
24202436|123456|24202436|STUDENT
24202437|123456|24202437|STUDENT
24202438|123456|24202438|STUDENT
24202439|123456|24202439|STUDENT
24202440|123456|24202440|STUDENT
24203101|123456|24203101|STUDENT
24203102|123456|24203102|STUDENT
24203103|123456|24203103|STUDENT
24203104|123456|24203104|STUDENT
24203105|123456|24203105|STUDENT
24203106|123456|24203106|STUDENT
24203107|123456|24203107|STUDENT
24203108|123456|24203108|STUDENT
24203109|123456|24203109|STUDENT
24203110|123456|24203110|STUDENT
24203111|123456|24203111|STUDENT
24203112|123456|24203112|STUDENT
24203113|123456|24203113|STUDENT
24203114|123456|24203114|STUDENT
24203115|123456|24203115|STUDENT
24203116|123456|24203116|STUDENT
24203117|123456|24203117|STUDENT
24203118|123456|24203118|STUDENT
24203119|123456|24203119|STUDENT
24203120|123456|24203120|STUDENT
24203121|123456|24203121|STUDENT
24203122|123456|24203122|STUDENT
24203123|123456|24203123|STUDENT
24203124|123456|24203124|STUDENT
24203125|123456|24203125|STUDENT
24203126|123456|24203126|STUDENT
24203127|123456|24203127|STUDENT
24203128|123456|24203128|STUDENT
24203129|123456|24203129|STUDENT
24203130|123456|24203130|STUDENT
24203131|123456|24203131|STUDENT
24203132|123456|24203132|STUDENT
24203133|123456|24203133|STUDENT
24203134|123456|24203134|STUDENT
24203135|123456|24203135|STUDENT
24203136|123456|24203136|STUDENT
24203137|123456|24203137|STUDENT
24203138|123456|24203138|STUDENT
24203139|123456|24203139|STUDENT
24203140|123456|24203140|STUDENT
24203201|123456|24203201|STUDENT
24203202|123456|24203202|STUDENT
24203203|123456|24203203|STUDENT
24203204|123456|24203204|STUDENT
24203205|123456|24203205|STUDENT
24203206|123456|24203206|STUDENT
24203207|123456|24203207|STUDENT
24203208|123456|24203208|STUDENT
24203209|123456|24203209|STUDENT
24203210|123456|24203210|STUDENT
24203211|123456|24203211|STUDENT
24203212|123456|24203212|STUDENT
24203213|123456|24203213|STUDENT
24203214|123456|24203214|STUDENT
24203215|123456|24203215|STUDENT
24203216|123456|24203216|STUDENT
24203217|123456|24203217|STUDENT
24203218|123456|24203218|STUDENT
24203219|123456|24203219|STUDENT
24203220|123456|24203220|STUDENT
24203221|123456|24203221|STUDENT
24203222|123456|24203222|STUDENT
24203223|123456|24203223|STUDENT
24203224|123456|24203224|STUDENT
24203225|123456|24203225|STUDENT
24203226|123456|24203226|STUDENT
24203227|123456|24203227|STUDENT
24203228|123456|24203228|STUDENT
24203229|123456|24203229|STUDENT
24203230|123456|24203230|STUDENT
24203231|123456|24203231|STUDENT
24203232|123456|24203232|STUDENT
24203233|123456|24203233|STUDENT
24203234|123456|24203234|STUDENT
24203235|123456|24203235|STUDENT
24203236|123456|24203236|STUDENT
24203237|123456|24203237|STUDENT
24203238|123456|24203238|STUDENT
24203239|123456|24203239|STUDENT
24203240|123456|24203240|STUDENT
24203301|123456|24203301|STUDENT
24203302|123456|24203302|STUDENT
24203303|123456|24203303|STUDENT
24203304|123456|24203304|STUDENT
24203305|123456|24203305|STUDENT
24203306|123456|24203306|STUDENT
24203307|123456|24203307|STUDENT
24203308|123456|24203308|STUDENT
24203309|123456|24203309|STUDENT
24203310|123456|24203310|STUDENT
24203311|123456|24203311|STUDENT
24203312|123456|24203312|STUDENT
24203313|123456|24203313|STUDENT
24203314|123456|24203314|STUDENT
24203315|123456|24203315|STUDENT
24203316|123456|24203316|STUDENT
24203317|123456|24203317|STUDENT
24203318|123456|24203318|STUDENT
24203319|123456|24203319|STUDENT
24203320|123456|24203320|STUDENT
24203321|123456|24203321|STUDENT
24203322|123456|24203322|STUDENT
24203323|123456|24203323|STUDENT
24203324|123456|24203324|STUDENT
24203325|123456|24203325|STUDENT
24203326|123456|24203326|STUDENT
24203327|123456|24203327|STUDENT
24203328|123456|24203328|STUDENT
24203329|123456|24203329|STUDENT
24203330|123456|24203330|STUDENT
24203331|123456|24203331|STUDENT
24203332|123456|24203332|STUDENT
24203333|123456|24203333|STUDENT
24203334|123456|24203334|STUDENT
24203335|123456|24203335|STUDENT
24203336|123456|24203336|STUDENT
24203337|123456|24203337|STUDENT
24203338|123456|24203338|STUDENT
24203339|123456|24203339|STUDENT
24203340|123456|24203340|STUDENT
24203401|123456|24203401|STUDENT
24203402|123456|24203402|STUDENT
24203403|123456|24203403|STUDENT
24203404|123456|24203404|STUDENT
24203405|123456|24203405|STUDENT
24203406|123456|24203406|STUDENT
24203407|123456|24203407|STUDENT
24203408|123456|24203408|STUDENT
24203409|123456|24203409|STUDENT
24203410|123456|24203410|STUDENT
24203411|123456|24203411|STUDENT
24203412|123456|24203412|STUDENT
24203413|123456|24203413|STUDENT
24203414|123456|24203414|STUDENT
24203415|123456|24203415|STUDENT
24203416|123456|24203416|STUDENT
24203417|123456|24203417|STUDENT
24203418|123456|24203418|STUDENT
24203419|123456|24203419|STUDENT
24203420|123456|24203420|STUDENT
24203421|123456|24203421|STUDENT
24203422|123456|24203422|STUDENT
24203423|123456|24203423|STUDENT
24203424|123456|24203424|STUDENT
24203425|123456|24203425|STUDENT
24203426|123456|24203426|STUDENT
24203427|123456|24203427|STUDENT
24203428|123456|24203428|STUDENT
24203429|123456|24203429|STUDENT
24203430|123456|24203430|STUDENT
24203431|123456|24203431|STUDENT
24203432|123456|24203432|STUDENT
24203433|123456|24203433|STUDENT
24203434|123456|24203434|STUDENT
24203435|123456|24203435|STUDENT
24203436|123456|24203436|STUDENT
24203437|123456|24203437|STUDENT
24203438|123456|24203438|STUDENT
24203439|123456|24203439|STUDENT
24203440|123456|24203440|STUDENT
24204101|123456|24204101|STUDENT
24204102|123456|24204102|STUDENT
24204103|123456|24204103|STUDENT
24204104|123456|24204104|STUDENT
24204105|123456|24204105|STUDENT
24204106|123456|24204106|STUDENT
24204107|123456|24204107|STUDENT
24204108|123456|24204108|STUDENT
24204109|123456|24204109|STUDENT
24204110|123456|24204110|STUDENT
24204111|123456|24204111|STUDENT
24204112|123456|24204112|STUDENT
24204113|123456|24204113|STUDENT
24204114|123456|24204114|STUDENT
24204115|123456|24204115|STUDENT
24204116|123456|24204116|STUDENT
24204117|123456|24204117|STUDENT
24204118|123456|24204118|STUDENT
24204119|123456|24204119|STUDENT
24204120|123456|24204120|STUDENT
24204121|123456|24204121|STUDENT
24204122|123456|24204122|STUDENT
24204123|123456|24204123|STUDENT
24204124|123456|24204124|STUDENT
24204125|123456|24204125|STUDENT
24204126|123456|24204126|STUDENT
24204127|123456|24204127|STUDENT
24204128|123456|24204128|STUDENT
24204129|123456|24204129|STUDENT
24204130|123456|24204130|STUDENT
24204131|123456|24204131|STUDENT
24204132|123456|24204132|STUDENT
24204133|123456|24204133|STUDENT
24204134|123456|24204134|STUDENT
24204135|123456|24204135|STUDENT
24204136|123456|24204136|STUDENT
24204137|123456|24204137|STUDENT
24204138|123456|24204138|STUDENT
24204139|123456|24204139|STUDENT
24204140|123456|24204140|STUDENT
24204201|123456|24204201|STUDENT
24204202|123456|24204202|STUDENT
24204203|123456|24204203|STUDENT
24204204|123456|24204204|STUDENT
24204205|123456|24204205|STUDENT
24204206|123456|24204206|STUDENT
24204207|123456|24204207|STUDENT
24204208|123456|24204208|STUDENT
24204209|123456|24204209|STUDENT
24204210|123456|24204210|STUDENT
24204211|123456|24204211|STUDENT
24204212|123456|24204212|STUDENT
24204213|123456|24204213|STUDENT
24204214|123456|24204214|STUDENT
24204215|123456|24204215|STUDENT
24204216|123456|24204216|STUDENT
24204217|123456|24204217|STUDENT
24204218|123456|24204218|STUDENT
24204219|123456|24204219|STUDENT
24204220|123456|24204220|STUDENT
24204221|123456|24204221|STUDENT
24204222|123456|24204222|STUDENT
24204223|123456|24204223|STUDENT
24204224|123456|24204224|STUDENT
24204225|123456|24204225|STUDENT
24204226|123456|24204226|STUDENT
24204227|123456|24204227|STUDENT
24204228|123456|24204228|STUDENT
24204229|123456|24204229|STUDENT
24204230|123456|24204230|STUDENT
24204231|123456|24204231|STUDENT
24204232|123456|24204232|STUDENT
24204233|123456|24204233|STUDENT
24204234|123456|24204234|STUDENT
24204235|123456|24204235|STUDENT
24204236|123456|24204236|STUDENT
24204237|123456|24204237|STUDENT
24204238|123456|24204238|STUDENT
24204239|123456|24204239|STUDENT
24204240|123456|24204240|STUDENT
24204301|123456|24204301|STUDENT
24204302|123456|24204302|STUDENT
24204303|123456|24204303|STUDENT
24204304|123456|24204304|STUDENT
24204305|123456|24204305|STUDENT
24204306|123456|24204306|STUDENT
24204307|123456|24204307|STUDENT
24204308|123456|24204308|STUDENT
24204309|123456|24204309|STUDENT
24204310|123456|24204310|STUDENT
24204311|123456|24204311|STUDENT
24204312|123456|24204312|STUDENT
24204313|123456|24204313|STUDENT
24204314|123456|24204314|STUDENT
24204315|123456|24204315|STUDENT
24204316|123456|24204316|STUDENT
24204317|123456|24204317|STUDENT
24204318|123456|24204318|STUDENT
24204319|123456|24204319|STUDENT
24204320|123456|24204320|STUDENT
24204321|123456|24204321|STUDENT
24204322|123456|24204322|STUDENT
24204323|123456|24204323|STUDENT
24204324|123456|24204324|STUDENT
24204325|123456|24204325|STUDENT
24204326|123456|24204326|STUDENT
24204327|123456|24204327|STUDENT
24204328|123456|24204328|STUDENT
24204329|123456|24204329|STUDENT
24204330|123456|24204330|STUDENT
24204331|123456|24204331|STUDENT
24204332|123456|24204332|STUDENT
24204333|123456|24204333|STUDENT
24204334|123456|24204334|STUDENT
24204335|123456|24204335|STUDENT
24204336|123456|24204336|STUDENT
24204337|123456|24204337|STUDENT
24204338|123456|24204338|STUDENT
24204339|123456|24204339|STUDENT
24204340|123456|24204340|STUDENT
24204401|123456|24204401|STUDENT
24204402|123456|24204402|STUDENT
24204403|123456|24204403|STUDENT
24204404|123456|24204404|STUDENT
24204405|123456|24204405|STUDENT
24204406|123456|24204406|STUDENT
24204407|123456|24204407|STUDENT
24204408|123456|24204408|STUDENT
24204409|123456|24204409|STUDENT
24204410|123456|24204410|STUDENT
24204411|123456|24204411|STUDENT
24204412|123456|24204412|STUDENT
24204413|123456|24204413|STUDENT
24204414|123456|24204414|STUDENT
24204415|123456|24204415|STUDENT
24204416|123456|24204416|STUDENT
24204417|123456|24204417|STUDENT
24204418|123456|24204418|STUDENT
24204419|123456|24204419|STUDENT
24204420|123456|24204420|STUDENT
24204421|123456|24204421|STUDENT
24204422|123456|24204422|STUDENT
24204423|123456|24204423|STUDENT
24204424|123456|24204424|STUDENT
24204425|123456|24204425|STUDENT
24204426|123456|24204426|STUDENT
24204427|123456|24204427|STUDENT
24204428|123456|24204428|STUDENT
24204429|123456|24204429|STUDENT
24204430|123456|24204430|STUDENT
24204431|123456|24204431|STUDENT
24204432|123456|24204432|STUDENT
24204433|123456|24204433|STUDENT
24204434|123456|24204434|STUDENT
24204435|123456|24204435|STUDENT
24204436|123456|24204436|STUDENT
24204437|123456|24204437|STUDENT
24204438|123456|24204438|STUDENT
24204439|123456|24204439|STUDENT
24204440|123456|24204440|STUDENT
25201101|123456|25201101|STUDENT
25201102|123456|25201102|STUDENT
25201103|123456|25201103|STUDENT
25201104|123456|25201104|STUDENT
25201105|123456|25201105|STUDENT
25201106|123456|25201106|STUDENT
25201107|123456|25201107|STUDENT
25201108|123456|25201108|STUDENT
25201109|123456|25201109|STUDENT
25201110|123456|25201110|STUDENT
25201111|123456|25201111|STUDENT
25201112|123456|25201112|STUDENT
25201113|123456|25201113|STUDENT
25201114|123456|25201114|STUDENT
25201115|123456|25201115|STUDENT
25201116|123456|25201116|STUDENT
25201117|123456|25201117|STUDENT
25201118|123456|25201118|STUDENT
25201119|123456|25201119|STUDENT
25201120|123456|25201120|STUDENT
25201121|123456|25201121|STUDENT
25201122|123456|25201122|STUDENT
25201123|123456|25201123|STUDENT
25201124|123456|25201124|STUDENT
25201125|123456|25201125|STUDENT
25201126|123456|25201126|STUDENT
25201127|123456|25201127|STUDENT
25201128|123456|25201128|STUDENT
25201129|123456|25201129|STUDENT
25201130|123456|25201130|STUDENT
25201131|123456|25201131|STUDENT
25201132|123456|25201132|STUDENT
25201133|123456|25201133|STUDENT
25201134|123456|25201134|STUDENT
25201135|123456|25201135|STUDENT
25201136|123456|25201136|STUDENT
25201137|123456|25201137|STUDENT
25201138|123456|25201138|STUDENT
25201139|123456|25201139|STUDENT
25201140|123456|25201140|STUDENT
25201201|123456|25201201|STUDENT
25201202|123456|25201202|STUDENT
25201203|123456|25201203|STUDENT
25201204|123456|25201204|STUDENT
25201205|123456|25201205|STUDENT
25201206|123456|25201206|STUDENT
25201207|123456|25201207|STUDENT
25201208|123456|25201208|STUDENT
25201209|123456|25201209|STUDENT
25201210|123456|25201210|STUDENT
25201211|123456|25201211|STUDENT
25201212|123456|25201212|STUDENT
25201213|123456|25201213|STUDENT
25201214|123456|25201214|STUDENT
25201215|123456|25201215|STUDENT
25201216|123456|25201216|STUDENT
25201217|123456|25201217|STUDENT
25201218|123456|25201218|STUDENT
25201219|123456|25201219|STUDENT
25201220|123456|25201220|STUDENT
25201221|123456|25201221|STUDENT
25201222|123456|25201222|STUDENT
25201223|123456|25201223|STUDENT
25201224|123456|25201224|STUDENT
25201225|123456|25201225|STUDENT
25201226|123456|25201226|STUDENT
25201227|123456|25201227|STUDENT
25201228|123456|25201228|STUDENT
25201229|123456|25201229|STUDENT
25201230|123456|25201230|STUDENT
25201231|123456|25201231|STUDENT
25201232|123456|25201232|STUDENT
25201233|123456|25201233|STUDENT
25201234|123456|25201234|STUDENT
25201235|123456|25201235|STUDENT
25201236|123456|25201236|STUDENT
25201237|123456|25201237|STUDENT
25201238|123456|25201238|STUDENT
25201239|123456|25201239|STUDENT
25201240|123456|25201240|STUDENT
25201301|123456|25201301|STUDENT
25201302|123456|25201302|STUDENT
25201303|123456|25201303|STUDENT
25201304|123456|25201304|STUDENT
25201305|123456|25201305|STUDENT
25201306|123456|25201306|STUDENT
25201307|123456|25201307|STUDENT
25201308|123456|25201308|STUDENT
25201309|123456|25201309|STUDENT
25201310|123456|25201310|STUDENT
25201311|123456|25201311|STUDENT
25201312|123456|25201312|STUDENT
25201313|123456|25201313|STUDENT
25201314|123456|25201314|STUDENT
25201315|123456|25201315|STUDENT
25201316|123456|25201316|STUDENT
25201317|123456|25201317|STUDENT
25201318|123456|25201318|STUDENT
25201319|123456|25201319|STUDENT
25201320|123456|25201320|STUDENT
25201321|123456|25201321|STUDENT
25201322|123456|25201322|STUDENT
25201323|123456|25201323|STUDENT
25201324|123456|25201324|STUDENT
25201325|123456|25201325|STUDENT
25201326|123456|25201326|STUDENT
25201327|123456|25201327|STUDENT
25201328|123456|25201328|STUDENT
25201329|123456|25201329|STUDENT
25201330|123456|25201330|STUDENT
25201331|123456|25201331|STUDENT
25201332|123456|25201332|STUDENT
25201333|123456|25201333|STUDENT
25201334|123456|25201334|STUDENT
25201335|123456|25201335|STUDENT
25201336|123456|25201336|STUDENT
25201337|123456|25201337|STUDENT
25201338|123456|25201338|STUDENT
25201339|123456|25201339|STUDENT
25201340|123456|25201340|STUDENT
25201401|123456|25201401|STUDENT
25201402|123456|25201402|STUDENT
25201403|123456|25201403|STUDENT
25201404|123456|25201404|STUDENT
25201405|123456|25201405|STUDENT
25201406|123456|25201406|STUDENT
25201407|123456|25201407|STUDENT
25201408|123456|25201408|STUDENT
25201409|123456|25201409|STUDENT
25201410|123456|25201410|STUDENT
25201411|123456|25201411|STUDENT
25201412|123456|25201412|STUDENT
25201413|123456|25201413|STUDENT
25201414|123456|25201414|STUDENT
25201415|123456|25201415|STUDENT
25201416|123456|25201416|STUDENT
25201417|123456|25201417|STUDENT
25201418|123456|25201418|STUDENT
25201419|123456|25201419|STUDENT
25201420|123456|25201420|STUDENT
25201421|123456|25201421|STUDENT
25201422|123456|25201422|STUDENT
25201423|123456|25201423|STUDENT
25201424|123456|25201424|STUDENT
25201425|123456|25201425|STUDENT
25201426|123456|25201426|STUDENT
25201427|123456|25201427|STUDENT
25201428|123456|25201428|STUDENT
25201429|123456|25201429|STUDENT
25201430|123456|25201430|STUDENT
25201431|123456|25201431|STUDENT
25201432|123456|25201432|STUDENT
25201433|123456|25201433|STUDENT
25201434|123456|25201434|STUDENT
25201435|123456|25201435|STUDENT
25201436|123456|25201436|STUDENT
25201437|123456|25201437|STUDENT
25201438|123456|25201438|STUDENT
25201439|123456|25201439|STUDENT
25201440|123456|25201440|STUDENT
25202101|123456|25202101|STUDENT
25202102|123456|25202102|STUDENT
25202103|123456|25202103|STUDENT
25202104|123456|25202104|STUDENT
25202105|123456|25202105|STUDENT
25202106|123456|25202106|STUDENT
25202107|123456|25202107|STUDENT
25202108|123456|25202108|STUDENT
25202109|123456|25202109|STUDENT
25202110|123456|25202110|STUDENT
25202111|123456|25202111|STUDENT
25202112|123456|25202112|STUDENT
25202113|123456|25202113|STUDENT
25202114|123456|25202114|STUDENT
25202115|123456|25202115|STUDENT
25202116|123456|25202116|STUDENT
25202117|123456|25202117|STUDENT
25202118|123456|25202118|STUDENT
25202119|123456|25202119|STUDENT
25202120|123456|25202120|STUDENT
25202121|123456|25202121|STUDENT
25202122|123456|25202122|STUDENT
25202123|123456|25202123|STUDENT
25202124|123456|25202124|STUDENT
25202125|123456|25202125|STUDENT
25202126|123456|25202126|STUDENT
25202127|123456|25202127|STUDENT
25202128|123456|25202128|STUDENT
25202129|123456|25202129|STUDENT
25202130|123456|25202130|STUDENT
25202131|123456|25202131|STUDENT
25202132|123456|25202132|STUDENT
25202133|123456|25202133|STUDENT
25202134|123456|25202134|STUDENT
25202135|123456|25202135|STUDENT
25202136|123456|25202136|STUDENT
25202137|123456|25202137|STUDENT
25202138|123456|25202138|STUDENT
25202139|123456|25202139|STUDENT
25202140|123456|25202140|STUDENT
25202201|123456|25202201|STUDENT
25202202|123456|25202202|STUDENT
25202203|123456|25202203|STUDENT
25202204|123456|25202204|STUDENT
25202205|123456|25202205|STUDENT
25202206|123456|25202206|STUDENT
25202207|123456|25202207|STUDENT
25202208|123456|25202208|STUDENT
25202209|123456|25202209|STUDENT
25202210|123456|25202210|STUDENT
25202211|123456|25202211|STUDENT
25202212|123456|25202212|STUDENT
25202213|123456|25202213|STUDENT
25202214|123456|25202214|STUDENT
25202215|123456|25202215|STUDENT
25202216|123456|25202216|STUDENT
25202217|123456|25202217|STUDENT
25202218|123456|25202218|STUDENT
25202219|123456|25202219|STUDENT
25202220|123456|25202220|STUDENT
25202221|123456|25202221|STUDENT
25202222|123456|25202222|STUDENT
25202223|123456|25202223|STUDENT
25202224|123456|25202224|STUDENT
25202225|123456|25202225|STUDENT
25202226|123456|25202226|STUDENT
25202227|123456|25202227|STUDENT
25202228|123456|25202228|STUDENT
25202229|123456|25202229|STUDENT
25202230|123456|25202230|STUDENT
25202231|123456|25202231|STUDENT
25202232|123456|25202232|STUDENT
25202233|123456|25202233|STUDENT
25202234|123456|25202234|STUDENT
25202235|123456|25202235|STUDENT
25202236|123456|25202236|STUDENT
25202237|123456|25202237|STUDENT
25202238|123456|25202238|STUDENT
25202239|123456|25202239|STUDENT
25202240|123456|25202240|STUDENT
25202301|123456|25202301|STUDENT
25202302|123456|25202302|STUDENT
25202303|123456|25202303|STUDENT
25202304|123456|25202304|STUDENT
25202305|123456|25202305|STUDENT
25202306|123456|25202306|STUDENT
25202307|123456|25202307|STUDENT
25202308|123456|25202308|STUDENT
25202309|123456|25202309|STUDENT
25202310|123456|25202310|STUDENT
25202311|123456|25202311|STUDENT
25202312|123456|25202312|STUDENT
25202313|123456|25202313|STUDENT
25202314|123456|25202314|STUDENT
25202315|123456|25202315|STUDENT
25202316|123456|25202316|STUDENT
25202317|123456|25202317|STUDENT
25202318|123456|25202318|STUDENT
25202319|123456|25202319|STUDENT
25202320|123456|25202320|STUDENT
25202321|123456|25202321|STUDENT
25202322|123456|25202322|STUDENT
25202323|123456|25202323|STUDENT
25202324|123456|25202324|STUDENT
25202325|123456|25202325|STUDENT
25202326|123456|25202326|STUDENT
25202327|123456|25202327|STUDENT
25202328|123456|25202328|STUDENT
25202329|123456|25202329|STUDENT
25202330|123456|25202330|STUDENT
25202331|123456|25202331|STUDENT
25202332|123456|25202332|STUDENT
25202333|123456|25202333|STUDENT
25202334|123456|25202334|STUDENT
25202335|123456|25202335|STUDENT
25202336|123456|25202336|STUDENT
25202337|123456|25202337|STUDENT
25202338|123456|25202338|STUDENT
25202339|123456|25202339|STUDENT
25202340|123456|25202340|STUDENT
25202401|123456|25202401|STUDENT
25202402|123456|25202402|STUDENT
25202403|123456|25202403|STUDENT
25202404|123456|25202404|STUDENT
25202405|123456|25202405|STUDENT
25202406|123456|25202406|STUDENT
25202407|123456|25202407|STUDENT
25202408|123456|25202408|STUDENT
25202409|123456|25202409|STUDENT
25202410|123456|25202410|STUDENT
25202411|123456|25202411|STUDENT
25202412|123456|25202412|STUDENT
25202413|123456|25202413|STUDENT
25202414|123456|25202414|STUDENT
25202415|123456|25202415|STUDENT
25202416|123456|25202416|STUDENT
25202417|123456|25202417|STUDENT
25202418|123456|25202418|STUDENT
25202419|123456|25202419|STUDENT
25202420|123456|25202420|STUDENT
25202421|123456|25202421|STUDENT
25202422|123456|25202422|STUDENT
25202423|123456|25202423|STUDENT
25202424|123456|25202424|STUDENT
25202425|123456|25202425|STUDENT
25202426|123456|25202426|STUDENT
25202427|123456|25202427|STUDENT
25202428|123456|25202428|STUDENT
25202429|123456|25202429|STUDENT
25202430|123456|25202430|STUDENT
25202431|123456|25202431|STUDENT
25202432|123456|25202432|STUDENT
25202433|123456|25202433|STUDENT
25202434|123456|25202434|STUDENT
25202435|123456|25202435|STUDENT
25202436|123456|25202436|STUDENT
25202437|123456|25202437|STUDENT
25202438|123456|25202438|STUDENT
25202439|123456|25202439|STUDENT
25202440|123456|25202440|STUDENT
25203101|123456|25203101|STUDENT
25203102|123456|25203102|STUDENT
25203103|123456|25203103|STUDENT
25203104|123456|25203104|STUDENT
25203105|123456|25203105|STUDENT
25203106|123456|25203106|STUDENT
25203107|123456|25203107|STUDENT
25203108|123456|25203108|STUDENT
25203109|123456|25203109|STUDENT
25203110|123456|25203110|STUDENT
25203111|123456|25203111|STUDENT
25203112|123456|25203112|STUDENT
25203113|123456|25203113|STUDENT
25203114|123456|25203114|STUDENT
25203115|123456|25203115|STUDENT
25203116|123456|25203116|STUDENT
25203117|123456|25203117|STUDENT
25203118|123456|25203118|STUDENT
25203119|123456|25203119|STUDENT
25203120|123456|25203120|STUDENT
25203121|123456|25203121|STUDENT
25203122|123456|25203122|STUDENT
25203123|123456|25203123|STUDENT
25203124|123456|25203124|STUDENT
25203125|123456|25203125|STUDENT
25203126|123456|25203126|STUDENT
25203127|123456|25203127|STUDENT
25203128|123456|25203128|STUDENT
25203129|123456|25203129|STUDENT
25203130|123456|25203130|STUDENT
25203131|123456|25203131|STUDENT
25203132|123456|25203132|STUDENT
25203133|123456|25203133|STUDENT
25203134|123456|25203134|STUDENT
25203135|123456|25203135|STUDENT
25203136|123456|25203136|STUDENT
25203137|123456|25203137|STUDENT
25203138|123456|25203138|STUDENT
25203139|123456|25203139|STUDENT
25203140|123456|25203140|STUDENT
25203201|123456|25203201|STUDENT
25203202|123456|25203202|STUDENT
25203203|123456|25203203|STUDENT
25203204|123456|25203204|STUDENT
25203205|123456|25203205|STUDENT
25203206|123456|25203206|STUDENT
25203207|123456|25203207|STUDENT
25203208|123456|25203208|STUDENT
25203209|123456|25203209|STUDENT
25203210|123456|25203210|STUDENT
25203211|123456|25203211|STUDENT
25203212|123456|25203212|STUDENT
25203213|123456|25203213|STUDENT
25203214|123456|25203214|STUDENT
25203215|123456|25203215|STUDENT
25203216|123456|25203216|STUDENT
25203217|123456|25203217|STUDENT
25203218|123456|25203218|STUDENT
25203219|123456|25203219|STUDENT
25203220|123456|25203220|STUDENT
25203221|123456|25203221|STUDENT
25203222|123456|25203222|STUDENT
25203223|123456|25203223|STUDENT
25203224|123456|25203224|STUDENT
25203225|123456|25203225|STUDENT
25203226|123456|25203226|STUDENT
25203227|123456|25203227|STUDENT
25203228|123456|25203228|STUDENT
25203229|123456|25203229|STUDENT
25203230|123456|25203230|STUDENT
25203231|123456|25203231|STUDENT
25203232|123456|25203232|STUDENT
25203233|123456|25203233|STUDENT
25203234|123456|25203234|STUDENT
25203235|123456|25203235|STUDENT
25203236|123456|25203236|STUDENT
25203237|123456|25203237|STUDENT
25203238|123456|25203238|STUDENT
25203239|123456|25203239|STUDENT
25203240|123456|25203240|STUDENT
25203301|123456|25203301|STUDENT
25203302|123456|25203302|STUDENT
25203303|123456|25203303|STUDENT
25203304|123456|25203304|STUDENT
25203305|123456|25203305|STUDENT
25203306|123456|25203306|STUDENT
25203307|123456|25203307|STUDENT
25203308|123456|25203308|STUDENT
25203309|123456|25203309|STUDENT
25203310|123456|25203310|STUDENT
25203311|123456|25203311|STUDENT
25203312|123456|25203312|STUDENT
25203313|123456|25203313|STUDENT
25203314|123456|25203314|STUDENT
25203315|123456|25203315|STUDENT
25203316|123456|25203316|STUDENT
25203317|123456|25203317|STUDENT
25203318|123456|25203318|STUDENT
25203319|123456|25203319|STUDENT
25203320|123456|25203320|STUDENT
25203321|123456|25203321|STUDENT
25203322|123456|25203322|STUDENT
25203323|123456|25203323|STUDENT
25203324|123456|25203324|STUDENT
25203325|123456|25203325|STUDENT
25203326|123456|25203326|STUDENT
25203327|123456|25203327|STUDENT
25203328|123456|25203328|STUDENT
25203329|123456|25203329|STUDENT
25203330|123456|25203330|STUDENT
25203331|123456|25203331|STUDENT
25203332|123456|25203332|STUDENT
25203333|123456|25203333|STUDENT
25203334|123456|25203334|STUDENT
25203335|123456|25203335|STUDENT
25203336|123456|25203336|STUDENT
25203337|123456|25203337|STUDENT
25203338|123456|25203338|STUDENT
25203339|123456|25203339|STUDENT
25203340|123456|25203340|STUDENT
25203401|123456|25203401|STUDENT
25203402|123456|25203402|STUDENT
25203403|123456|25203403|STUDENT
25203404|123456|25203404|STUDENT
25203405|123456|25203405|STUDENT
25203406|123456|25203406|STUDENT
25203407|123456|25203407|STUDENT
25203408|123456|25203408|STUDENT
25203409|123456|25203409|STUDENT
25203410|123456|25203410|STUDENT
25203411|123456|25203411|STUDENT
25203412|123456|25203412|STUDENT
25203413|123456|25203413|STUDENT
25203414|123456|25203414|STUDENT
25203415|123456|25203415|STUDENT
25203416|123456|25203416|STUDENT
25203417|123456|25203417|STUDENT
25203418|123456|25203418|STUDENT
25203419|123456|25203419|STUDENT
25203420|123456|25203420|STUDENT
25203421|123456|25203421|STUDENT
25203422|123456|25203422|STUDENT
25203423|123456|25203423|STUDENT
25203424|123456|25203424|STUDENT
25203425|123456|25203425|STUDENT
25203426|123456|25203426|STUDENT
25203427|123456|25203427|STUDENT
25203428|123456|25203428|STUDENT
25203429|123456|25203429|STUDENT
25203430|123456|25203430|STUDENT
25203431|123456|25203431|STUDENT
25203432|123456|25203432|STUDENT
25203433|123456|25203433|STUDENT
25203434|123456|25203434|STUDENT
25203435|123456|25203435|STUDENT
25203436|123456|25203436|STUDENT
25203437|123456|25203437|STUDENT
25203438|123456|25203438|STUDENT
25203439|123456|25203439|STUDENT
25203440|123456|25203440|STUDENT
25204101|123456|25204101|STUDENT
25204102|123456|25204102|STUDENT
25204103|123456|25204103|STUDENT
25204104|123456|25204104|STUDENT
25204105|123456|25204105|STUDENT
25204106|123456|25204106|STUDENT
25204107|123456|25204107|STUDENT
25204108|123456|25204108|STUDENT
25204109|123456|25204109|STUDENT
25204110|123456|25204110|STUDENT
25204111|123456|25204111|STUDENT
25204112|123456|25204112|STUDENT
25204113|123456|25204113|STUDENT
25204114|123456|25204114|STUDENT
25204115|123456|25204115|STUDENT
25204116|123456|25204116|STUDENT
25204117|123456|25204117|STUDENT
25204118|123456|25204118|STUDENT
25204119|123456|25204119|STUDENT
25204120|123456|25204120|STUDENT
25204121|123456|25204121|STUDENT
25204122|123456|25204122|STUDENT
25204123|123456|25204123|STUDENT
25204124|123456|25204124|STUDENT
25204125|123456|25204125|STUDENT
25204126|123456|25204126|STUDENT
25204127|123456|25204127|STUDENT
25204128|123456|25204128|STUDENT
25204129|123456|25204129|STUDENT
25204130|123456|25204130|STUDENT
25204131|123456|25204131|STUDENT
25204132|123456|25204132|STUDENT
25204133|123456|25204133|STUDENT
25204134|123456|25204134|STUDENT
25204135|123456|25204135|STUDENT
25204136|123456|25204136|STUDENT
25204137|123456|25204137|STUDENT
25204138|123456|25204138|STUDENT
25204139|123456|25204139|STUDENT
25204140|123456|25204140|STUDENT
25204201|123456|25204201|STUDENT
25204202|123456|25204202|STUDENT
25204203|123456|25204203|STUDENT
25204204|123456|25204204|STUDENT
25204205|123456|25204205|STUDENT
25204206|123456|25204206|STUDENT
25204207|123456|25204207|STUDENT
25204208|123456|25204208|STUDENT
25204209|123456|25204209|STUDENT
25204210|123456|25204210|STUDENT
25204211|123456|25204211|STUDENT
25204212|123456|25204212|STUDENT
25204213|123456|25204213|STUDENT
25204214|123456|25204214|STUDENT
25204215|123456|25204215|STUDENT
25204216|123456|25204216|STUDENT
25204217|123456|25204217|STUDENT
25204218|123456|25204218|STUDENT
25204219|123456|25204219|STUDENT
25204220|123456|25204220|STUDENT
25204221|123456|25204221|STUDENT
25204222|123456|25204222|STUDENT
25204223|123456|25204223|STUDENT
25204224|123456|25204224|STUDENT
25204225|123456|25204225|STUDENT
25204226|123456|25204226|STUDENT
25204227|123456|25204227|STUDENT
25204228|123456|25204228|STUDENT
25204229|123456|25204229|STUDENT
25204230|123456|25204230|STUDENT
25204231|123456|25204231|STUDENT
25204232|123456|25204232|STUDENT
25204233|123456|25204233|STUDENT
25204234|123456|25204234|STUDENT
25204235|123456|25204235|STUDENT
25204236|123456|25204236|STUDENT
25204237|123456|25204237|STUDENT
25204238|123456|25204238|STUDENT
25204239|123456|25204239|STUDENT
25204240|123456|25204240|STUDENT
25204301|123456|25204301|STUDENT
25204302|123456|25204302|STUDENT
25204303|123456|25204303|STUDENT
25204304|123456|25204304|STUDENT
25204305|123456|25204305|STUDENT
25204306|123456|25204306|STUDENT
25204307|123456|25204307|STUDENT
25204308|123456|25204308|STUDENT
25204309|123456|25204309|STUDENT
25204310|123456|25204310|STUDENT
25204311|123456|25204311|STUDENT
25204312|123456|25204312|STUDENT
25204313|123456|25204313|STUDENT
25204314|123456|25204314|STUDENT
25204315|123456|25204315|STUDENT
25204316|123456|25204316|STUDENT
25204317|123456|25204317|STUDENT
25204318|123456|25204318|STUDENT
25204319|123456|25204319|STUDENT
25204320|123456|25204320|STUDENT
25204321|123456|25204321|STUDENT
25204322|123456|25204322|STUDENT
25204323|123456|25204323|STUDENT
25204324|123456|25204324|STUDENT
25204325|123456|25204325|STUDENT
25204326|123456|25204326|STUDENT
25204327|123456|25204327|STUDENT
25204328|123456|25204328|STUDENT
25204329|123456|25204329|STUDENT
25204330|123456|25204330|STUDENT
25204331|123456|25204331|STUDENT
25204332|123456|25204332|STUDENT
25204333|123456|25204333|STUDENT
25204334|123456|25204334|STUDENT
25204335|123456|25204335|STUDENT
25204336|123456|25204336|STUDENT
25204337|123456|25204337|STUDENT
25204338|123456|25204338|STUDENT
25204339|123456|25204339|STUDENT
25204340|123456|25204340|STUDENT
25204401|123456|25204401|STUDENT
25204402|123456|25204402|STUDENT
25204403|123456|25204403|STUDENT
25204404|123456|25204404|STUDENT
25204405|123456|25204405|STUDENT
25204406|123456|25204406|STUDENT
25204407|123456|25204407|STUDENT
25204408|123456|25204408|STUDENT
25204409|123456|25204409|STUDENT
25204410|123456|25204410|STUDENT
25204411|123456|25204411|STUDENT
25204412|123456|25204412|STUDENT
25204413|123456|25204413|STUDENT
25204414|123456|25204414|STUDENT
25204415|123456|25204415|STUDENT
25204416|123456|25204416|STUDENT
25204417|123456|25204417|STUDENT
25204418|123456|25204418|STUDENT
25204419|123456|25204419|STUDENT
25204420|123456|25204420|STUDENT
25204421|123456|25204421|STUDENT
25204422|123456|25204422|STUDENT
25204423|123456|25204423|STUDENT
25204424|123456|25204424|STUDENT
25204425|123456|25204425|STUDENT
25204426|123456|25204426|STUDENT
25204427|123456|25204427|STUDENT
25204428|123456|25204428|STUDENT
25204429|123456|25204429|STUDENT
25204430|123456|25204430|STUDENT
25204431|123456|25204431|STUDENT
25204432|123456|25204432|STUDENT
25204433|123456|25204433|STUDENT
25204434|123456|25204434|STUDENT
25204435|123456|25204435|STUDENT
25204436|123456|25204436|STUDENT
25204437|123456|25204437|STUDENT
25204438|123456|25204438|STUDENT
25204439|123456|25204439|STUDENT
25204440|123456|25204440|STUDENT
counselor24011|123456|24011|COUNSELOR
counselor24012|123456|24012|COUNSELOR
counselor24013|123456|24013|COUNSELOR
counselor24014|123456|24014|COUNSELOR
counselor25011|123456|25011|COUNSELOR
counselor25012|123456|25012|COUNSELOR
counselor25013|123456|25013|COUNSELOR
counselor25014|123456|25014|COUNSELOR
counselor24021|123456|24021|COUNSELOR
counselor24022|123456|24022|COUNSELOR
counselor24023|123456|24023|COUNSELOR
counselor24024|123456|24024|COUNSELOR
counselor25021|123456|25021|COUNSELOR
counselor25022|123456|25022|COUNSELOR
counselor25023|123456|25023|COUNSELOR
counselor25024|123456|25024|COUNSELOR
counselor24031|123456|24031|COUNSELOR
counselor24032|123456|24032|COUNSELOR
counselor24033|123456|24033|COUNSELOR
counselor24034|123456|24034|COUNSELOR
counselor25031|123456|25031|COUNSELOR
counselor25032|123456|25032|COUNSELOR
counselor25033|123456|25033|COUNSELOR
counselor25034|123456|25034|COUNSELOR
counselor24041|123456|24041|COUNSELOR
counselor24042|123456|24042|COUNSELOR
counselor24043|123456|24043|COUNSELOR
counselor24044|123456|24044|COUNSELOR
counselor25041|123456|25041|COUNSELOR
counselor25042|123456|25042|COUNSELOR
counselor25043|123456|25043|COUNSELOR
counselor25044|123456|25044|COUNSELOR
counselor24051|123456|24051|COUNSELOR
counselor24052|123456|24052|COUNSELOR
counselor24053|123456|24053|COUNSELOR
counselor24054|123456|24054|COUNSELOR
counselor25051|123456|25051|COUNSELOR
counselor25052|123456|25052|COUNSELOR
counselor25053|123456|25053|COUNSELOR
counselor25054|123456|25054|COUNSELOR
counselor24061|123456|24061|COUNSELOR
counselor24062|123456|24062|COUNSELOR
counselor24063|123456|24063|COUNSELOR
counselor24064|123456|24064|COUNSELOR
counselor25061|123456|25061|COUNSELOR
counselor25062|123456|25062|COUNSELOR
counselor25063|123456|25063|COUNSELOR
counselor25064|123456|25064|COUNSELOR
counselor24071|123456|24071|COUNSELOR
counselor24072|123456|24072|COUNSELOR
counselor24073|123456|24073|COUNSELOR
counselor24074|123456|24074|COUNSELOR
counselor25071|123456|25071|COUNSELOR
counselor25072|123456|25072|COUNSELOR
counselor25073|123456|25073|COUNSELOR
counselor25074|123456|25074|COUNSELOR
counselor24081|123456|24081|COUNSELOR
counselor24082|123456|24082|COUNSELOR
counselor24083|123456|24083|COUNSELOR
counselor24084|123456|24084|COUNSELOR
counselor25081|123456|25081|COUNSELOR
counselor25082|123456|25082|COUNSELOR
counselor25083|123456|25083|COUNSELOR
counselor25084|123456|25084|COUNSELOR
counselor24091|123456|24091|COUNSELOR
counselor24092|123456|24092|COUNSELOR
counselor24093|123456|24093|COUNSELOR
counselor24094|123456|24094|COUNSELOR
counselor25091|123456|25091|COUNSELOR
counselor25092|123456|25092|COUNSELOR
counselor25093|123456|25093|COUNSELOR
counselor25094|123456|25094|COUNSELOR
counselor24101|123456|24101|COUNSELOR
counselor24102|123456|24102|COUNSELOR
counselor24103|123456|24103|COUNSELOR
counselor24104|123456|24104|COUNSELOR
counselor25101|123456|25101|COUNSELOR
counselor25102|123456|25102|COUNSELOR
counselor25103|123456|25103|COUNSELOR
counselor25104|123456|25104|COUNSELOR
counselor24111|123456|24111|COUNSELOR
counselor24112|123456|24112|COUNSELOR
counselor24113|123456|24113|COUNSELOR
counselor24114|123456|24114|COUNSELOR
counselor25111|123456|25111|COUNSELOR
counselor25112|123456|25112|COUNSELOR
counselor25113|123456|25113|COUNSELOR
counselor25114|123456|25114|COUNSELOR
counselor24121|123456|24121|COUNSELOR
counselor24122|123456|24122|COUNSELOR
counselor24123|123456|24123|COUNSELOR
counselor24124|123456|24124|COUNSELOR
counselor25121|123456|25121|COUNSELOR
counselor25122|123456|25122|COUNSELOR
counselor25123|123456|25123|COUNSELOR
counselor25124|123456|25124|COUNSELOR
counselor24131|123456|24131|COUNSELOR
counselor24132|123456|24132|COUNSELOR
counselor24133|123456|24133|COUNSELOR
counselor24134|123456|24134|COUNSELOR
counselor25131|123456|25131|COUNSELOR
counselor25132|123456|25132|COUNSELOR
counselor25133|123456|25133|COUNSELOR
counselor25134|123456|25134|COUNSELOR
counselor24141|123456|24141|COUNSELOR
counselor24142|123456|24142|COUNSELOR
counselor24143|123456|24143|COUNSELOR
counselor24144|123456|24144|COUNSELOR
counselor25141|123456|25141|COUNSELOR
counselor25142|123456|25142|COUNSELOR
counselor25143|123456|25143|COUNSELOR
counselor25144|123456|25144|COUNSELOR
counselor24151|123456|24151|COUNSELOR
counselor24152|123456|24152|COUNSELOR
counselor24153|123456|24153|COUNSELOR
counselor24154|123456|24154|COUNSELOR
counselor25151|123456|25151|COUNSELOR
counselor25152|123456|25152|COUNSELOR
counselor25153|123456|25153|COUNSELOR
counselor25154|123456|25154|COUNSELOR
counselor24161|123456|24161|COUNSELOR
counselor24162|123456|24162|COUNSELOR
counselor24163|123456|24163|COUNSELOR
counselor24164|123456|24164|COUNSELOR
counselor25161|123456|25161|COUNSELOR
counselor25162|123456|25162|COUNSELOR
counselor25163|123456|25163|COUNSELOR
counselor25164|123456|25164|COUNSELOR
counselor24201|123456|24201|COUNSELOR
counselor24202|123456|24202|COUNSELOR
counselor24203|123456|24203|COUNSELOR
counselor24204|123456|24204|COUNSELOR
counselor25201|123456|25201|COUNSELOR
counselor25202|123456|25202|COUNSELOR
counselor25203|123456|25203|COUNSELOR
counselor25204|123456|25204|COUNSELOR
